"","key","Year","Player","Age","Team","Pos","G","GS","MP","FG","FGA","FG.","X3P","X3PA","X3P.","X2P","X2PA","X2P.","eFG.","FT","FTA","FT.","ORB","DRB","TRB","AST","STL","BLK","TOV","PF","PTS","Trp.Dbl","Awards","Playoffs"
"1","duranke01",2013,"Kevin Durant",24,"OKC","SF",81,81,3119,731,1433,0.51,139,334,0.416,592,1099,0.539,0.559,679,750,0.905,46,594,640,374,116,105,280,143,2280,3,"MVP-2,AS,NBA1",0
"2","bryanko01",2013,"Kobe Bryant",34,"LAL","SG",78,78,3013,738,1595,0.463,132,407,0.324,606,1188,0.51,0.504,525,626,0.839,66,367,433,469,106,25,287,173,2133,2,"MVP-5,AS,NBA1",0
"3","jamesle01",2013,"LeBron James",28,"MIA","PF",76,76,2877,765,1354,0.565,103,254,0.406,662,1100,0.602,0.603,403,535,0.753,97,513,610,551,129,67,226,110,2036,4,"MVP-1,DPOY-2,AS,NBA1,DEF1",0
"4","hardeja01",2013,"James Harden",23,"HOU","SG",78,78,2985,585,1337,0.438,179,486,0.368,406,851,0.477,0.504,674,792,0.851,62,317,379,455,142,38,295,178,2023,1,"MVP-8,AS,NBA3",0
"5","anthoca01",2013,"Carmelo Anthony",28,"NYK","PF",67,67,2482,669,1489,0.449,157,414,0.379,512,1075,0.476,0.502,425,512,0.83,134,326,460,171,52,32,175,205,1920,0,"MVP-3,AS,NBA2",0
"6","westbru01",2013,"Russell Westbrook",24,"OKC","PG",82,82,2861,673,1535,0.438,97,300,0.323,576,1235,0.466,0.47,460,575,0.8,111,317,428,607,145,24,273,189,1903,1,"MVP-9,DPOY-17,AS,NBA2",0
"7","curryst01",2013,"Stephen Curry",24,"GSW","PG",78,78,2983,626,1388,0.451,272,600,0.453,354,788,0.449,0.549,262,291,0.9,59,255,314,539,126,12,240,198,1786,0,"MVP-11",0
"8","ellismo01",2013,"Monta Ellis",27,"MIL","SG",82,82,3076,597,1436,0.416,94,328,0.287,503,1108,0.454,0.448,289,374,0.773,45,271,316,496,169,36,254,164,1577,0,"",0
"9","lillada01",2013,"Damian Lillard",22,"POR","PG",82,82,3167,553,1288,0.429,185,503,0.368,368,785,0.469,0.501,271,321,0.844,42,215,257,531,74,19,243,172,1562,0,"ROY-1",0
"10","aldrila01",2013,"LaMarcus Aldridge",27,"POR","PF",74,74,2790,638,1318,0.484,2,14,0.143,636,1304,0.488,0.485,282,348,0.81,175,495,670,192,62,91,143,187,1560,0,"AS",0
"11","derozde01",2013,"DeMar DeRozan",23,"TOR","SG",82,82,3013,548,1231,0.445,34,120,0.283,514,1111,0.463,0.459,355,427,0.831,48,272,320,204,76,24,151,173,1485,0,"",0
"12","willide01",2013,"Deron Williams",28,"BRK","PG",78,78,2842,495,1124,0.44,169,447,0.378,326,677,0.482,0.516,317,369,0.859,29,203,232,604,75,30,218,194,1476,0,"",0
"13","wadedw01",2013,"Dwyane Wade",31,"MIA","SG",69,69,2391,569,1093,0.521,17,66,0.258,552,1027,0.537,0.528,308,425,0.725,86,258,344,352,128,56,194,140,1463,0,"MVP-10,DPOY-16,AS,NBA3",0
"14","leeda02",2013,"David Lee",29,"GSW","PF",79,79,2907,602,1160,0.519,0,4,0,602,1156,0.521,0.519,255,320,0.797,218,668,886,279,67,22,207,246,1459,1,"MVP-12,AS,NBA3",0
"15","walkeke02",2013,"Kemba Walker",22,"CHA","PG",82,82,2859,526,1244,0.423,107,332,0.322,419,912,0.459,0.466,296,371,0.798,60,223,283,471,160,31,200,153,1455,0,"",0
"16","smithjr01",2013,"J.R. Smith",27,"NYK","SG",80,0,2678,527,1249,0.422,155,436,0.356,372,813,0.458,0.484,237,311,0.762,64,361,425,218,100,24,134,226,1446,0,"6MOY-1",0
"17","griffbl01",2013,"Blake Griffin",23,"LAC","PF",80,80,2598,577,1072,0.538,5,28,0.179,572,1044,0.548,0.541,281,426,0.66,186,476,662,299,97,50,185,231,1440,1,"AS,NBA2",0
"18","lopezbr01",2013,"Brook Lopez",24,"BRK","C",74,74,2253,570,1094,0.521,0,1,0,570,1093,0.522,0.521,297,392,0.758,208,304,512,70,33,154,131,152,1437,0,"AS",0
"19","piercpa01",2013,"Paul Pierce",35,"BOS","SF",77,77,2575,476,1092,0.436,145,382,0.38,331,710,0.466,0.502,333,423,0.787,45,442,487,370,84,30,214,210,1430,3,"",0
"20","jennibr01",2013,"Brandon Jennings",23,"MIL","PG",80,80,2897,497,1247,0.399,173,461,0.375,324,786,0.412,0.468,230,281,0.819,59,187,246,521,125,10,203,155,1397,0,"",0
"21","jeffeal01",2013,"Al Jefferson",28,"UTA","C",78,78,2578,611,1236,0.494,2,17,0.118,609,1219,0.5,0.495,167,217,0.77,156,564,720,164,80,89,105,170,1391,0,"",0
"22","holidjr01",2013,"Jrue Holiday",22,"PHI","PG",78,78,2926,555,1288,0.431,91,247,0.368,464,1041,0.446,0.466,182,242,0.752,89,240,329,625,123,32,292,170,1383,1,"AS",0
"23","georgpa01",2013,"Paul George",22,"IND","SF",79,79,2972,493,1176,0.419,170,469,0.362,323,707,0.457,0.491,221,274,0.807,88,515,603,327,143,51,233,227,1377,1,"DPOY-8,MIP-1,AS,NBA3,DEF2",0
"24","gayru01",2013,"Rudy Gay",26,"2TM","SF",75,74,2687,521,1253,0.416,84,260,0.323,437,993,0.44,0.449,240,295,0.814,99,362,461,202,113,53,198,182,1366,0,"",0
"25","thompkl01",2013,"Klay Thompson",22,"GSW","SG",82,82,2936,508,1205,0.422,211,526,0.401,297,679,0.437,0.509,132,157,0.841,32,274,306,183,86,45,157,237,1359,0,"",0
"26","parketo01",2013,"Tony Parker",30,"SAS","PG",66,66,2174,519,995,0.522,24,68,0.353,495,927,0.534,0.534,279,330,0.845,18,180,198,499,54,6,170,92,1341,1,"MVP-6,AS,NBA2",0
"27","smithjo03",2013,"Josh Smith",27,"ATL","PF",76,76,2683,550,1182,0.465,61,201,0.303,489,981,0.498,0.491,166,321,0.517,133,506,639,321,94,136,226,175,1327,0,"",0
"28","irvinky01",2013,"Kyrie Irving",20,"CLE","PG",59,59,2048,484,1070,0.452,109,279,0.391,375,791,0.474,0.503,248,290,0.855,34,182,216,350,89,21,191,146,1325,0,"AS",0
"29","anderry01",2013,"Ryan Anderson",24,"NOH","PF",81,22,2503,472,1115,0.423,213,557,0.382,259,558,0.464,0.519,152,180,0.844,191,328,519,97,42,31,97,179,1309,0,"6MOY-5",0
"30","monrogr01",2013,"Greg Monroe",22,"DET","C",81,81,2687,514,1058,0.486,0,4,0,514,1054,0.488,0.486,270,392,0.689,236,541,777,281,105,55,234,190,1298,1,"",0
"31","howardw01",2013,"Dwight Howard",27,"LAL","C",76,76,2722,470,813,0.578,1,6,0.167,469,807,0.581,0.579,355,721,0.492,251,694,945,108,84,186,225,291,1296,0,"DPOY-14,AS,NBA3",0
"32","horfoal01",2013,"Al Horford",26,"ATL","C",74,74,2756,576,1060,0.543,3,6,0.5,573,1054,0.544,0.545,134,208,0.644,195,562,757,240,78,78,147,163,1289,0,"",0
"33","boozeca01",2013,"Carlos Boozer",31,"CHI","PF",79,79,2546,544,1140,0.477,0,2,0,544,1138,0.478,0.477,193,264,0.731,175,596,771,179,66,28,176,239,1281,0,"",0
"34","couside01",2013,"DeMarcus Cousins",22,"SAC","C",75,74,2289,482,1036,0.465,4,22,0.182,478,1014,0.471,0.467,312,423,0.738,222,524,746,199,108,55,225,269,1280,1,"",0
"35","crawfja01",2013,"Jamal Crawford",32,"LAC","SG",76,0,2230,445,1016,0.438,149,396,0.376,296,620,0.477,0.511,216,248,0.871,22,106,128,193,79,13,146,71,1255,0,"6MOY-2",0
"36","mayooj01",2013,"O.J. Mayo",25,"DAL","SG",82,82,2913,461,1026,0.449,142,349,0.407,319,677,0.471,0.519,191,233,0.82,36,255,291,361,93,23,210,195,1255,0,"",0
"37","westda01",2013,"David West",32,"IND","PF",73,73,2435,502,1009,0.498,4,19,0.211,498,990,0.503,0.5,242,315,0.768,145,418,563,213,74,69,157,149,1250,1,"",0
"38","denglu01",2013,"Luol Deng",27,"CHI","SF",75,75,2903,466,1093,0.426,75,233,0.322,391,860,0.455,0.461,230,282,0.816,162,314,476,222,81,32,144,105,1237,0,"DPOY-15,AS",0
"39","boshch01",2013,"Chris Bosh",28,"MIA","C",74,74,2454,485,907,0.535,21,74,0.284,464,833,0.557,0.546,241,302,0.798,131,370,501,123,66,101,128,168,1232,0,"AS",0
"40","duncati01",2013,"Tim Duncan",36,"SAS","C",69,69,2078,490,976,0.502,2,7,0.286,488,969,0.504,0.503,245,300,0.817,124,562,686,184,50,183,147,117,1227,0,"MVP-7,DPOY-6,AS,NBA1,DEF2",0
"41","lawsoty01",2013,"Ty Lawson",25,"DEN","PG",73,71,2513,448,971,0.461,85,232,0.366,363,739,0.491,0.505,235,311,0.756,36,162,198,501,107,8,182,135,1216,0,"MVP-12",0
"42","paulch01",2013,"Chris Paul",27,"LAC","PG",70,70,2335,412,856,0.481,76,232,0.328,336,624,0.538,0.526,286,323,0.885,53,209,262,678,169,10,159,143,1186,0,"MVP-4,DPOY-11,AS,NBA1,DEF1",0
"43","parsoch01",2013,"Chandler Parsons",24,"HOU","SF",76,76,2758,456,939,0.486,152,395,0.385,304,544,0.559,0.567,113,155,0.729,79,325,404,269,75,32,147,148,1177,0,"",0
"44","johnsjo02",2013,"Joe Johnson",31,"BRK","SG",72,72,2642,445,1052,0.423,148,395,0.375,297,657,0.452,0.493,132,161,0.82,53,165,218,253,49,14,123,99,1170,0,"",0
"45","randoza01",2013,"Zach Randolph",31,"MEM","PF",76,75,2607,471,1024,0.46,2,23,0.087,469,1001,0.469,0.461,225,300,0.75,310,544,854,108,61,31,150,180,1169,0,"AS",0
"46","conlemi01",2013,"Mike Conley",25,"MEM","PG",80,80,2757,414,940,0.44,106,293,0.362,308,647,0.476,0.497,234,282,0.83,43,182,225,487,174,24,189,171,1168,0,"DPOY-21,DEF2",0
"47","teaguje01",2013,"Jeff Teague",24,"ATL","PG",80,78,2628,439,974,0.451,89,248,0.359,350,726,0.482,0.496,199,226,0.881,25,155,180,579,117,28,230,181,1166,0,"",0
"48","gallida01",2013,"Danilo Gallinari",24,"DEN","SF",71,71,2309,364,871,0.418,135,362,0.373,229,509,0.45,0.495,286,348,0.822,65,302,367,176,64,36,111,130,1149,0,"",0
"49","millspa01",2013,"Paul Millsap",27,"UTA","PF",78,78,2375,429,875,0.49,13,39,0.333,416,836,0.498,0.498,264,356,0.742,177,377,554,201,102,80,138,232,1135,0,"",0
"50","dragigo01",2013,"Goran Dragić",26,"PHO","PG",77,77,2581,401,906,0.443,88,276,0.319,313,630,0.497,0.491,244,326,0.748,60,178,238,569,124,26,212,214,1134,0,"",0
"51","gasolma01",2013,"Marc Gasol",28,"MEM","C",80,80,2796,429,869,0.494,1,14,0.071,428,855,0.501,0.494,268,316,0.848,184,438,622,318,80,139,157,255,1127,0,"MVP-12,DPOY-1,NBA2,DEF2",0
"52","youngth01",2013,"Thaddeus Young",24,"PHI","PF",76,76,2629,509,958,0.531,1,8,0.125,508,950,0.535,0.532,108,188,0.574,182,389,571,125,133,55,90,191,1127,0,"",0
"53","thomais02",2013,"Isaiah Thomas",23,"SAC","PG",79,62,2122,366,832,0.44,115,321,0.358,251,511,0.491,0.509,253,287,0.882,29,132,161,316,67,3,140,167,1100,0,"",0
"54","redicjj01",2013,"JJ Redick",28,"2TM","SG",78,13,2379,382,880,0.434,165,451,0.366,217,429,0.506,0.528,171,190,0.9,17,154,171,296,38,9,138,117,1100,0,"6MOY-14",0
"55","linje01",2013,"Jeremy Lin",24,"HOU","PG",82,82,2640,396,897,0.441,87,257,0.339,309,640,0.483,0.49,216,275,0.785,32,215,247,497,134,29,236,205,1095,0,"",0
"56","turneev01",2013,"Evan Turner",24,"PHI","SF",82,82,2892,441,1053,0.419,58,159,0.365,383,894,0.428,0.446,154,208,0.74,56,461,517,354,71,17,187,197,1094,0,"",0
"57","cartevi01",2013,"Vince Carter",36,"DAL","SF",81,3,2093,372,855,0.435,162,399,0.406,210,456,0.461,0.53,182,223,0.816,58,276,334,194,74,44,106,226,1088,0,"6MOY-14",0
"58","vasqugr01",2013,"Greivis Vásquez",26,"NOH","PG",78,78,2685,438,1012,0.433,83,243,0.342,355,769,0.462,0.474,124,154,0.805,43,294,337,704,66,6,247,190,1083,1,"",0
"59","martike02",2013,"Kevin Martin",29,"OKC","SG",77,0,2136,350,778,0.45,158,371,0.426,192,407,0.472,0.551,219,246,0.89,31,147,178,106,72,8,101,138,1077,0,"6MOY-4",0
"60","hillge01",2013,"George Hill",26,"IND","PG",76,76,2620,386,871,0.443,130,353,0.368,256,518,0.494,0.518,174,213,0.817,47,237,284,355,81,26,116,134,1076,0,"",0
"61","robinna01",2013,"Nate Robinson",28,"CHI","PG",82,23,2086,399,921,0.433,141,348,0.405,258,573,0.45,0.51,135,169,0.799,29,155,184,358,85,10,144,207,1074,0,"6MOY-8",0
"62","afflaar01",2013,"Arron Afflalo",27,"ORL","SF",64,64,2307,397,905,0.439,72,240,0.3,325,665,0.489,0.478,191,223,0.857,29,210,239,206,40,11,138,137,1057,0,"",0
"63","hendege02",2013,"Gerald Henderson",25,"CHA","SG",68,58,2133,382,855,0.447,33,100,0.33,349,755,0.462,0.466,258,313,0.824,55,195,250,177,68,34,108,149,1055,0,"",0
"64","ibakase01",2013,"Serge Ibaka",23,"OKC","PF",80,80,2486,446,778,0.573,20,57,0.351,426,721,0.591,0.586,143,191,0.749,222,395,617,43,28,242,125,213,1055,0,"DPOY-3,DEF1",0
"65","scolalu01",2013,"Luis Scola",32,"PHO","PF",82,67,2184,432,915,0.472,3,16,0.188,429,899,0.477,0.474,181,230,0.787,158,383,541,182,67,35,126,257,1048,0,"",0
"66","batumni01",2013,"Nicolas Batum",24,"POR","SF",73,73,2807,352,833,0.423,165,444,0.372,187,389,0.481,0.522,178,210,0.848,97,315,412,360,91,83,190,139,1047,2,"",0
"67","iguodan01",2013,"Andre Iguodala",29,"DEN","SG",80,80,2779,396,879,0.451,91,287,0.317,305,592,0.515,0.502,155,270,0.574,82,341,423,433,139,52,206,127,1038,1,"DPOY-9",0
"68","greenje02",2013,"Jeff Green",26,"BOS","PF",81,17,2252,376,806,0.467,70,182,0.385,306,624,0.49,0.51,214,265,0.808,55,263,318,128,56,68,132,175,1036,0,"",0
"69","jackja01",2013,"Jarrett Jack",29,"GSW","SG",79,4,2349,387,857,0.452,82,203,0.404,305,654,0.466,0.499,167,198,0.843,21,222,243,439,60,11,157,134,1023,0,"6MOY-3",0
"70","matthwe02",2013,"Wesley Matthews",26,"POR","SG",69,69,2403,352,808,0.436,169,425,0.398,183,383,0.478,0.54,149,187,0.797,35,156,191,174,90,18,109,172,1022,0,"",0
"71","hicksjj01",2013,"J.J. Hickson",24,"POR","C",80,80,2323,418,744,0.562,0,2,0,418,742,0.563,0.562,182,268,0.679,266,562,828,88,48,51,145,160,1018,0,"",0
"72","haywago01",2013,"Gordon Hayward",22,"UTA","SF",72,27,2104,336,773,0.435,102,246,0.415,234,527,0.444,0.501,243,294,0.827,51,174,225,213,58,38,120,125,1017,0,"6MOY-14",0
"73","pekovni01",2013,"Nikola Peković",27,"MIN","C",62,62,1959,385,741,0.52,0,0,NA,385,741,0.52,0.52,241,324,0.744,230,315,545,53,43,50,101,143,1011,0,"",0
"74","vucevni01",2013,"Nikola Vučević",22,"ORL","C",77,77,2559,461,889,0.519,0,3,0,461,886,0.52,0.519,86,126,0.683,273,644,917,143,61,79,141,218,1008,0,"",0
"75","garneke01",2013,"Kevin Garnett",36,"BOS","C",68,68,2022,422,850,0.496,2,16,0.125,420,834,0.504,0.498,158,201,0.786,75,455,530,159,78,62,110,154,1004,0,"MVP-12,AS",0
"76","knighbr03",2013,"Brandon Knight",21,"DET","PG",75,75,2365,357,878,0.407,120,327,0.367,237,551,0.43,0.475,165,225,0.733,54,193,247,303,58,8,205,157,999,0,"",0
"77","breweco01",2013,"Corey Brewer",26,"DEN","SF",82,2,2003,375,883,0.425,91,307,0.296,284,576,0.493,0.476,149,216,0.69,55,180,235,124,118,23,102,154,990,0,"6MOY-8",0
"78","evansty01",2013,"Tyreke Evans",23,"SAC","SG",65,61,2016,366,765,0.478,45,133,0.338,321,632,0.508,0.508,210,271,0.775,56,231,287,229,90,27,128,133,987,0,"",0
"79","collida01",2013,"Darren Collison",25,"DAL","PG",81,47,2372,341,724,0.471,48,136,0.353,293,588,0.498,0.504,242,275,0.88,31,188,219,415,100,8,173,139,972,0,"",0
"80","ilyaser01",2013,"Ersan İlyasova",25,"MIL","PF",73,54,2012,371,803,0.462,95,214,0.444,276,589,0.469,0.521,125,157,0.796,154,366,520,117,68,36,75,185,962,0,"",0
"81","thomptr01",2013,"Tristan Thompson",21,"CLE","PF",82,82,2564,390,799,0.488,0,3,0,390,796,0.49,0.488,177,291,0.608,306,467,773,108,60,71,123,234,957,0,"",0
"82","feltora01",2013,"Raymond Felton",28,"NYK","PG",68,68,2313,377,882,0.427,93,258,0.36,284,624,0.455,0.48,101,128,0.789,51,143,194,372,94,14,155,130,948,0,"",0
"83","ridnolu01",2013,"Luke Ridnour",31,"MIN","SG",82,82,2474,367,811,0.453,66,212,0.311,301,599,0.503,0.493,139,164,0.848,41,165,206,311,82,15,130,187,939,0,"",0
"84","hibbero01",2013,"Roy Hibbert",26,"IND","C",79,79,2269,385,859,0.448,1,4,0.25,384,855,0.449,0.449,166,224,0.741,296,360,656,113,39,206,162,279,937,1,"DPOY-10",0
"85","willide02",2013,"Derrick Williams",21,"MIN","PF",78,56,1916,338,786,0.43,65,196,0.332,273,590,0.463,0.471,192,272,0.706,96,334,430,46,44,37,101,127,933,0,"",0
"86","lopezro01",2013,"Robin Lopez",24,"NOH","C",82,82,2136,384,719,0.534,0,0,NA,384,719,0.534,0.534,161,207,0.778,226,236,462,64,32,128,110,167,929,0,"",0
"87","artesro01",2013,"Metta World Peace",33,"LAL","SF",75,66,2530,332,824,0.403,141,412,0.342,191,412,0.464,0.488,124,169,0.734,101,271,372,112,122,42,98,198,929,0,"",0
"88","farieke01",2013,"Kenneth Faried",23,"DEN","PF",80,80,2248,380,689,0.552,0,0,NA,380,689,0.552,0.552,163,266,0.613,260,474,734,77,81,83,113,234,923,0,"DPOY-17",0
"89","nowitdi01",2013,"Dirk Nowitzki",34,"DAL","PF",53,47,1661,343,728,0.471,65,157,0.414,278,571,0.487,0.516,166,193,0.86,37,326,363,132,38,37,70,93,917,0,"",0
"90","thornma01",2013,"Marcus Thornton",25,"SAC","SG",72,8,1726,332,774,0.429,141,379,0.372,191,395,0.484,0.52,111,126,0.881,50,131,181,91,61,4,68,105,916,0,"",0
"91","walljo01",2013,"John Wall",22,"WAS","PG",49,42,1602,324,735,0.441,12,45,0.267,312,690,0.452,0.449,246,306,0.804,35,161,196,373,65,37,157,117,906,0,"",0
"92","hawessp01",2013,"Spencer Hawes",24,"PHI","C",82,40,2233,376,811,0.464,31,87,0.356,345,724,0.477,0.483,122,157,0.777,173,417,590,183,24,113,131,233,905,0,"",0
"93","waitedi01",2013,"Dion Waiters",21,"CLE","SG",61,48,1756,336,815,0.412,63,203,0.31,273,612,0.446,0.451,159,213,0.746,22,127,149,183,59,16,121,113,894,0,"ROY-5",0
"94","thompja02",2013,"Jason Thompson",26,"SAC","PF",82,81,2285,374,745,0.502,0,3,0,374,742,0.504,0.502,143,206,0.694,172,377,549,84,48,61,101,227,891,0,"",0
"95","foyera01",2013,"Randy Foye",29,"UTA","SG",82,72,2249,293,738,0.397,178,434,0.41,115,304,0.378,0.518,118,144,0.819,17,110,127,167,66,27,92,190,882,0,"",0
"96","sessira01",2013,"Ramon Sessions",26,"CHA","SG",61,0,1652,276,676,0.408,33,107,0.308,243,569,0.427,0.433,291,347,0.839,27,142,169,230,48,7,104,91,876,0,"6MOY-12",0
"97","stuckro01",2013,"Rodney Stuckey",26,"DET","SG",76,24,2171,304,748,0.406,55,182,0.302,249,566,0.44,0.443,213,272,0.783,43,169,212,270,51,17,134,127,876,0,"",0
"98","landrca01",2013,"Carl Landry",29,"GSW","PF",81,2,1876,325,602,0.54,1,3,0.333,324,599,0.541,0.541,223,273,0.817,180,303,483,65,35,31,115,190,874,0,"6MOY-8",0
"99","webstma02",2013,"Martell Webster",26,"WAS","SF",76,62,2200,281,636,0.442,139,329,0.422,142,307,0.463,0.551,168,198,0.848,53,241,294,143,49,17,90,166,869,0,"",0
"100","davisan02",2013,"Anthony Davis",19,"NOH","PF",64,60,1846,349,676,0.516,0,6,0,349,670,0.521,0.516,169,225,0.751,165,357,522,63,75,112,89,158,867,0,"ROY-2",0
"101","allenra02",2013,"Ray Allen",37,"MIA","SG",79,0,2035,292,651,0.449,139,332,0.419,153,319,0.48,0.555,140,158,0.886,40,177,217,135,67,15,103,129,863,0,"",0
"102","dudleja01",2013,"Jared Dudley",27,"PHO","SF",79,50,2170,313,669,0.468,106,271,0.391,207,398,0.52,0.547,129,162,0.796,79,166,245,203,75,8,101,128,861,0,"",0
"103","princta01",2013,"Tayshaun Prince",32,"2TM","SF",82,81,2631,359,820,0.438,38,94,0.404,321,726,0.442,0.461,96,130,0.738,72,292,364,196,48,25,89,86,852,0,"",0
"104","blatcan01",2013,"Andray Blatche",26,"BRK","C",82,8,1555,346,676,0.512,3,22,0.136,343,654,0.524,0.514,148,216,0.685,161,256,417,85,86,54,123,163,843,0,"",0
"105","geeal01",2013,"Alonzo Gee",25,"CLE","SF",82,82,2541,305,744,0.41,69,219,0.315,236,525,0.45,0.456,163,205,0.795,75,245,320,133,107,29,132,199,842,0,"",0
"106","gordobe01",2013,"Ben Gordon",29,"CHA","SG",75,0,1560,310,760,0.408,113,292,0.387,197,468,0.421,0.482,107,127,0.843,18,112,130,141,35,16,136,134,840,0,"",0
"107","greenda02",2013,"Danny Green",25,"SAS","SG",80,80,2201,297,663,0.448,177,413,0.429,120,250,0.48,0.581,67,79,0.848,36,208,244,141,92,54,94,124,838,0,"",0
"108","splitti01",2013,"Tiago Splitter",28,"SAS","PF",81,58,1997,315,563,0.56,0,2,0,315,561,0.561,0.56,208,285,0.73,144,371,515,130,63,64,100,161,838,0,"",0
"109","bareajo01",2013,"J.J. Barea",28,"MIN","PG",74,2,1713,316,758,0.417,97,280,0.346,219,478,0.458,0.481,105,134,0.784,34,173,207,294,32,0,145,131,834,0,"",0
"110","asikom01",2013,"Ömer Aşık",26,"HOU","C",82,82,2464,332,614,0.541,0,1,0,332,613,0.542,0.541,168,299,0.562,275,681,956,75,46,87,173,223,832,0,"",0
"111","caldejo01",2013,"José Calderón",31,"2TM","PG",73,58,2160,312,635,0.491,130,282,0.461,182,353,0.516,0.594,72,80,0.9,20,156,176,518,58,8,126,99,826,2,"",0
"112","barnema02",2013,"Matt Barnes",32,"LAC","SF",80,4,2058,312,675,0.462,111,325,0.342,201,350,0.574,0.544,87,117,0.744,111,255,366,123,82,63,90,233,822,0,"",0
"113","nelsoja01",2013,"Jameer Nelson",30,"ORL","PG",56,56,1977,306,780,0.392,121,355,0.341,185,425,0.435,0.47,89,102,0.873,23,186,209,413,71,6,154,161,822,0,"",0
"114","crawfjo02",2013,"Jordan Crawford",24,"2TM","SG",70,14,1709,301,725,0.415,83,246,0.337,218,479,0.455,0.472,129,159,0.811,44,165,209,225,39,7,141,106,814,1,"6MOY-7",0
"115","butleca01",2013,"Caron Butler",32,"LAC","SF",78,78,1879,305,720,0.424,128,330,0.388,177,390,0.454,0.513,75,90,0.833,41,182,223,78,51,11,72,139,813,0,"",0
"116","johnsam01",2013,"Amir Johnson",25,"TOR","PF",81,38,2325,336,606,0.554,5,13,0.385,331,593,0.558,0.559,136,187,0.727,227,384,611,122,81,110,117,301,813,0,"",0
"117","mariosh01",2013,"Shawn Marion",34,"DAL","PF",67,67,2010,355,690,0.514,23,73,0.315,332,617,0.538,0.531,79,101,0.782,146,379,525,163,75,47,103,111,812,0,"",0
"118","korveky01",2013,"Kyle Korver",31,"ATL","SF",74,60,2259,277,601,0.461,189,414,0.457,88,187,0.471,0.618,67,78,0.859,23,270,293,146,70,37,70,170,810,0,"",0
"119","terryja01",2013,"Jason Terry",35,"BOS","SG",79,24,2124,281,648,0.434,123,331,0.372,158,317,0.498,0.529,114,131,0.87,19,140,159,198,66,11,102,110,799,0,"",0
"120","kirilan01",2013,"Andrei Kirilenko",31,"MIN","SF",64,64,2034,284,560,0.507,35,120,0.292,249,440,0.566,0.538,188,250,0.752,102,260,362,177,96,62,119,82,791,0,"",0
"121","lowryky01",2013,"Kyle Lowry",26,"TOR","PG",68,52,2020,250,623,0.401,101,279,0.362,149,344,0.433,0.482,190,239,0.795,56,265,321,435,94,24,157,218,791,1,"",0
"122","millean02",2013,"Andre Miller",36,"DEN","PG",82,11,2151,303,632,0.479,17,64,0.266,286,568,0.504,0.493,163,194,0.84,60,178,238,484,73,11,172,159,786,0,"6MOY-6",0
"123","dunlemi02",2013,"Mike Dunleavy",32,"MIL","SF",75,3,1943,276,624,0.442,128,299,0.428,148,325,0.455,0.545,105,128,0.82,31,260,291,145,39,35,90,135,785,0,"",0
"124","noahjo01",2013,"Joakim Noah",27,"CHI","C",66,64,2426,303,630,0.481,0,5,0,303,625,0.485,0.481,178,237,0.751,260,473,733,262,78,141,176,185,784,2,"MVP-12,DPOY-4,AS,DEF1",0
"125","bealbr01",2013,"Bradley Beal",19,"WAS","SG",56,46,1745,282,687,0.41,91,236,0.386,191,451,0.424,0.477,125,159,0.786,43,168,211,137,50,29,90,113,780,0,"ROY-3",0
"126","hilarne01",2013,"Nenê",30,"WAS","PF",61,49,1659,285,594,0.48,0,1,0,285,593,0.481,0.48,196,269,0.729,101,306,407,177,55,37,139,171,766,0,"",0
"127","okafoem01",2013,"Emeka Okafor",30,"WAS","C",79,77,2052,328,687,0.477,0,0,NA,328,687,0.477,0.477,109,191,0.571,199,493,692,93,45,77,107,145,765,0,"",0
"128","beaslmi01",2013,"Michael Beasley",24,"PHO","SF",75,20,1554,310,766,0.405,45,144,0.313,265,622,0.426,0.434,94,126,0.746,52,230,282,111,31,34,144,107,759,0,"",0
"129","barneha02",2013,"Harrison Barnes",20,"GSW","SF",81,81,2058,276,628,0.439,52,145,0.359,224,483,0.464,0.481,144,190,0.758,53,280,333,98,52,14,101,140,748,0,"ROY-6",0
"130","pattepa01",2013,"Patrick Patterson",23,"2TM","PF",71,41,1775,319,623,0.512,51,132,0.386,268,491,0.546,0.553,48,63,0.762,113,224,337,81,31,40,61,138,737,0,"",0
"131","milescj01",2013,"C.J. Miles",25,"CLE","SF",65,13,1364,255,614,0.415,126,328,0.384,129,286,0.451,0.518,93,107,0.869,24,150,174,63,49,17,69,138,729,0,"",0
"132","wrighdo01",2013,"Dorell Wright",27,"PHI","SF",79,8,1783,237,599,0.396,135,361,0.374,102,238,0.429,0.508,120,141,0.851,42,260,302,150,62,35,64,98,729,0,"",0
"133","favorde01",2013,"Derrick Favors",21,"UTA","PF",77,8,1787,274,568,0.482,0,5,0,274,563,0.487,0.482,179,260,0.688,184,362,546,75,67,130,129,247,727,0,"",0
"134","jordade01",2013,"DeAndre Jordan",24,"LAC","C",82,82,2010,314,488,0.643,0,0,NA,314,488,0.643,0.643,96,249,0.386,210,384,594,28,48,112,100,192,724,0,"",0
"135","serapke01",2013,"Kevin Séraphin",23,"WAS","C",79,8,1721,330,716,0.461,0,0,NA,330,716,0.461,0.461,61,88,0.693,107,239,346,57,24,59,130,211,721,0,"",0
"136","singlky01",2013,"Kyle Singler",24,"DET","SF",82,74,2293,275,642,0.428,70,200,0.35,205,442,0.464,0.483,100,124,0.806,109,221,330,77,57,37,98,217,720,0,"",0
"137","mcgeeja01",2013,"JaVale McGee",25,"DEN","C",79,0,1433,303,527,0.575,1,1,1,302,526,0.574,0.576,110,186,0.591,158,223,381,24,30,157,90,184,717,0,"",0
"138","gordoer01",2013,"Eric Gordon",24,"NOH","SG",42,40,1264,235,584,0.402,56,173,0.324,179,411,0.436,0.45,187,222,0.842,10,67,77,137,45,8,117,75,713,0,"",0
"139","jamisan01",2013,"Antawn Jamison",36,"LAL","PF",76,6,1636,267,575,0.464,84,233,0.361,183,342,0.535,0.537,94,136,0.691,109,253,362,50,30,22,53,124,712,0,"",0
"140","delfica01",2013,"Carlos Delfino",30,"HOU","SF",67,5,1689,251,620,0.405,158,421,0.375,93,199,0.467,0.532,48,56,0.857,18,202,220,135,68,9,72,114,708,0,"",0
"141","allento01",2013,"Tony Allen",31,"MEM","SG",79,79,2109,284,638,0.445,3,24,0.125,281,614,0.458,0.447,134,187,0.717,121,242,363,98,119,44,94,211,705,0,"DPOY-5,DEF1",0
"142","butleji01",2013,"Jimmy Butler",23,"CHI","SF",82,20,2134,239,512,0.467,40,105,0.381,199,407,0.489,0.506,187,233,0.803,136,192,328,115,78,31,62,97,705,0,"DPOY-17",0
"143","ginobma01",2013,"Manu Ginóbili",35,"SAS","SG",60,0,1393,229,539,0.425,83,235,0.353,146,304,0.48,0.502,164,206,0.796,30,171,201,274,80,13,132,114,705,0,"6MOY-8",0
"144","kiddgmi01",2013,"Michael Kidd-Gilchrist",19,"CHA","SF",78,77,2025,281,613,0.458,2,9,0.222,279,604,0.462,0.46,140,187,0.749,131,324,455,117,54,70,101,164,704,0,"ROY-8",0
"145","belinma01",2013,"Marco Belinelli",26,"CHI","SG",73,27,1882,241,610,0.395,79,221,0.357,162,389,0.416,0.46,141,168,0.839,13,127,140,148,44,6,82,140,702,0,"",0
"146","bassbr01",2013,"Brandon Bass",27,"BOS","PF",81,69,2239,286,589,0.486,0,2,0,286,587,0.487,0.486,129,150,0.86,129,296,425,84,44,64,80,188,701,0,"",0
"147","sandela01",2013,"Larry Sanders",24,"MIL","C",71,55,1937,306,605,0.506,0,2,0,306,603,0.507,0.506,84,136,0.618,224,448,672,83,53,201,87,233,696,1,"DPOY-7",0
"148","cunnida01",2013,"Dante Cunningham",25,"MIN","PF",80,9,2010,314,671,0.468,0,6,0,314,665,0.472,0.468,67,103,0.65,142,266,408,67,84,38,56,153,695,0,"",0
"149","anderal01",2013,"Alan Anderson",30,"TOR","SF",65,2,1495,236,616,0.383,95,285,0.333,141,331,0.426,0.46,126,147,0.857,34,114,148,103,48,7,80,131,693,0,"",0
"150","bayleje01",2013,"Jerryd Bayless",24,"MEM","PG",80,4,1765,260,621,0.419,71,201,0.353,189,420,0.45,0.476,102,122,0.836,22,154,176,264,59,17,120,168,693,0,"",0
"151","kamanch01",2013,"Chris Kaman",30,"DAL","C",66,52,1363,313,617,0.507,0,1,0,313,616,0.508,0.507,67,85,0.788,97,275,372,51,29,52,103,141,693,0,"",0
"152","chandty01",2013,"Tyson Chandler",30,"NYK","C",66,66,2164,255,400,0.638,0,0,NA,255,400,0.638,0.638,179,258,0.694,269,434,703,62,42,75,87,188,689,0,"DPOY-13,AS,DEF1",0
"153","leonaka01",2013,"Kawhi Leonard",21,"SAS","SF",58,57,1810,260,526,0.494,65,174,0.374,195,352,0.554,0.556,104,126,0.825,63,283,346,93,97,32,62,99,689,0,"",0
"154","stephla01",2013,"Lance Stephenson",22,"IND","SG",78,72,2278,275,598,0.46,62,188,0.33,213,410,0.52,0.512,75,115,0.652,47,257,304,223,81,16,109,162,687,0,"",0
"155","gortama01",2013,"Marcin Gortat",28,"PHO","C",61,61,1876,295,566,0.521,0,3,0,295,563,0.524,0.521,90,138,0.652,128,388,516,75,40,98,99,127,680,0,"",0
"156","gasolpa01",2013,"Pau Gasol",32,"LAL","PF",49,42,1655,270,579,0.466,8,28,0.286,262,551,0.475,0.473,125,178,0.702,111,310,421,200,24,61,104,93,673,2,"",0
"157","salmojo01",2013,"John Salmons",33,"SAC","SF",76,72,2278,244,612,0.399,99,267,0.371,145,345,0.42,0.48,85,110,0.773,33,174,207,226,51,25,85,143,672,0,"",0
"158","morrima02",2013,"Markieff Morris",23,"PHO","PF",82,32,1837,266,653,0.407,45,134,0.336,221,519,0.426,0.442,93,127,0.732,131,265,396,108,77,64,104,209,670,0,"",0
"159","chalmma01",2013,"Mario Chalmers",26,"MIA","PG",77,77,2068,227,529,0.429,123,301,0.409,104,228,0.456,0.545,89,112,0.795,19,152,171,273,118,12,119,196,666,0,"",0
"160","shvedal01",2013,"Alexey Shved",24,"MIN","SG",77,16,1840,236,635,0.372,85,288,0.295,151,347,0.435,0.439,108,150,0.72,41,134,175,286,54,27,147,117,665,0,"",0
"161","speigma01",2013,"Marreese Speights",25,"2TM","C",79,3,1300,260,584,0.445,3,10,0.3,257,574,0.448,0.448,135,175,0.771,146,240,386,47,24,53,80,175,658,0,"",0
"162","koufoko01",2013,"Kosta Koufos",23,"DEN","C",81,81,1817,295,508,0.581,0,1,0,295,507,0.582,0.581,58,104,0.558,211,351,562,32,44,103,53,246,648,0,"",0
"163","nealga01",2013,"Gary Neal",28,"SAS","SG",68,17,1484,246,597,0.412,89,251,0.355,157,346,0.454,0.487,64,74,0.865,13,130,143,129,30,2,69,93,645,0,"",0
"164","bledser01",2013,"Eric Bledsoe",23,"LAC","PG",76,12,1553,253,568,0.445,31,78,0.397,222,490,0.453,0.473,106,134,0.791,78,147,225,233,109,55,137,112,643,0,"",0
"165","bynumwi01",2013,"Will Bynum",30,"DET","PG",65,0,1219,253,540,0.469,24,76,0.316,229,464,0.494,0.491,106,131,0.809,28,69,97,231,45,5,125,128,636,0,"",0
"166","nashst01",2013,"Steve Nash",38,"LAL","PG",50,50,1627,236,475,0.497,57,130,0.438,179,345,0.519,0.557,107,116,0.922,26,116,142,333,30,5,126,70,636,0,"",0
"167","youngni01",2013,"Nick Young",27,"PHI","SG",59,17,1411,224,542,0.413,75,210,0.357,149,332,0.449,0.482,105,128,0.82,24,106,130,84,36,14,50,84,628,0,"",0
"168","harklma01",2013,"Maurice Harkless",19,"ORL","SF",76,59,1974,260,564,0.461,32,117,0.274,228,447,0.51,0.489,73,128,0.57,122,213,335,50,88,62,69,144,625,0,"",0
"169","davised01",2013,"Ed Davis",23,"2TM","PF",81,28,1631,260,482,0.539,0,0,NA,260,482,0.539,0.539,103,167,0.617,152,308,460,63,38,85,63,191,623,0,"",0
"170","meeksjo01",2013,"Jodie Meeks",25,"LAL","SG",78,10,1663,205,530,0.387,122,342,0.357,83,188,0.441,0.502,86,96,0.896,37,134,171,69,58,5,52,103,618,0,"",0
"171","brownsh01",2013,"Shannon Brown",27,"PHO","SG",59,22,1402,240,571,0.42,39,141,0.277,201,430,0.467,0.454,98,125,0.784,44,105,149,108,59,15,74,92,617,0,"",0
"172","ellinwa01",2013,"Wayne Ellington",25,"2TM","SG",78,21,1661,226,529,0.427,94,240,0.392,132,289,0.457,0.516,68,75,0.907,25,141,166,104,45,3,57,81,614,0,"",0
"173","sefolth01",2013,"Thabo Sefolosha",28,"OKC","SG",81,81,2229,224,466,0.481,108,258,0.419,116,208,0.558,0.597,57,69,0.826,58,259,317,125,103,44,64,177,613,0,"",0
"174","leeco01",2013,"Courtney Lee",27,"BOS","SG",78,39,1941,246,530,0.464,58,156,0.372,188,374,0.503,0.519,62,72,0.861,31,159,190,143,89,21,84,139,612,0,"",0
"175","zellety01",2013,"Tyler Zeller",23,"CLE","C",77,55,2033,245,559,0.438,0,4,0,245,555,0.441,0.438,120,157,0.764,159,279,438,96,35,70,95,251,610,0,"",0
"176","rubiori01",2013,"Ricky Rubio",22,"MIN","PG",57,47,1691,185,514,0.36,27,92,0.293,158,422,0.374,0.386,211,264,0.799,44,185,229,418,137,5,172,143,608,1,"",0
"177","harrito02",2013,"Tobias Harris",20,"2TM","SF",55,34,1299,233,512,0.455,34,108,0.315,199,404,0.493,0.488,103,137,0.752,73,214,287,69,32,44,66,120,603,0,"",0
"178","morrima03",2013,"Marcus Morris",23,"2TM","PF",77,23,1524,222,526,0.422,86,233,0.369,136,293,0.464,0.504,66,117,0.564,80,197,277,62,45,20,77,160,596,0,"",0
"179","willima01",2013,"Mo Williams",30,"UTA","PG",46,46,1418,229,533,0.43,59,154,0.383,170,379,0.449,0.485,75,85,0.882,24,86,110,285,46,9,125,105,592,0,"",0
"180","mooreet01",2013,"E'Twaun Moore",23,"ORL","SG",75,21,1682,237,598,0.396,67,197,0.34,170,401,0.424,0.452,47,59,0.797,48,119,167,206,51,23,105,122,588,0,"",0
"181","nichoan01",2013,"Andrew Nicholson",23,"ORL","PF",75,28,1249,256,486,0.527,0,0,NA,256,486,0.527,0.527,75,94,0.798,69,189,258,44,24,32,79,133,587,0,"",0
"182","harride01",2013,"Devin Harris",29,"ATL","SG",58,34,1421,194,443,0.438,77,230,0.335,117,213,0.549,0.525,112,154,0.727,6,110,116,197,64,13,88,103,577,0,"",0
"183","hansbty01",2013,"Tyler Hansbrough",27,"IND","PF",81,8,1366,176,407,0.432,0,3,0,176,404,0.436,0.432,216,300,0.72,161,212,373,36,29,18,78,152,568,0,"",0
"184","mulleby01",2013,"Byron Mullens",23,"CHA","PF",53,41,1428,217,563,0.385,66,208,0.317,151,355,0.425,0.444,64,99,0.646,71,266,337,81,34,32,74,110,564,0,"",0
"185","chandwi01",2013,"Wilson Chandler",25,"DEN","PF",43,8,1079,210,455,0.462,52,126,0.413,158,329,0.48,0.519,88,111,0.793,45,173,218,58,45,12,60,119,560,0,"",0
"186","aminual01",2013,"Al-Farouq Aminu",22,"NOH","SF",76,71,2066,225,474,0.475,4,19,0.211,221,455,0.486,0.479,101,137,0.737,139,446,585,103,92,51,116,153,555,0,"",0
"187","roberbr01",2013,"Brian Roberts",27,"NOH","PG",78,5,1324,213,511,0.417,59,153,0.386,154,358,0.43,0.475,70,77,0.909,17,80,97,219,37,3,71,108,555,0,"",0
"188","valanjo01",2013,"Jonas Valančiūnas",20,"TOR","C",62,57,1482,204,366,0.557,0,0,NA,204,366,0.557,0.557,146,185,0.789,121,251,372,45,17,78,94,188,554,0,"ROY-9",0
"189","willilo02",2013,"Lou Williams",26,"ATL","SG",39,9,1119,187,443,0.422,72,196,0.367,115,247,0.466,0.503,105,121,0.868,8,72,80,139,44,10,74,55,551,0,"",0
"190","watsocj01",2013,"C.J. Watson",28,"BRK","PG",80,8,1521,192,459,0.418,88,214,0.411,104,245,0.424,0.514,71,91,0.78,38,107,145,161,66,12,69,123,543,0,"",0
"191","wrighbr03",2013,"Brandan Wright",25,"DAL","C",64,16,1149,241,404,0.597,0,3,0,241,401,0.601,0.597,59,96,0.615,85,175,260,38,26,76,34,78,541,0,"",0
"192","udrihbe01",2013,"Beno Udrih",30,"2TM","SG",66,9,1457,210,476,0.441,34,102,0.333,176,374,0.471,0.477,84,103,0.816,34,107,141,302,41,3,108,90,538,0,"",0
"193","novakst01",2013,"Steve Novak",29,"NYK","SF",81,1,1641,178,430,0.414,149,351,0.425,29,79,0.367,0.587,30,33,0.909,17,135,152,35,28,8,12,97,535,0,"",0
"194","douglto01",2013,"Toney Douglas",26,"2TM","PG",71,0,1289,188,466,0.403,82,216,0.38,106,250,0.424,0.491,76,84,0.905,34,104,138,151,71,3,81,145,534,0,"",0
"195","wallage01",2013,"Gerald Wallace",30,"BRK","SF",69,68,2076,182,458,0.397,46,163,0.282,136,295,0.461,0.448,121,190,0.637,69,250,319,181,97,46,110,118,531,0,"",0
"196","arizatr01",2013,"Trevor Ariza",27,"WAS","SF",56,15,1471,188,451,0.417,76,209,0.364,112,242,0.463,0.501,78,95,0.821,44,222,266,113,72,20,84,72,530,0,"DPOY-17",0
"197","willima02",2013,"Marvin Williams",26,"UTA","SF",73,51,1727,199,470,0.423,54,166,0.325,145,304,0.477,0.481,77,99,0.778,55,208,263,77,37,38,60,98,529,0,"",0
"198","rondora01",2013,"Rajon Rondo",26,"BOS","PG",38,38,1423,225,465,0.484,12,50,0.24,213,415,0.513,0.497,60,93,0.645,43,169,212,420,70,9,148,96,522,5,"AS",0
"199","brandel01",2013,"Elton Brand",33,"DAL","C",72,18,1527,226,478,0.473,0,1,0,226,477,0.474,0.473,66,93,0.71,130,300,430,70,50,90,57,192,518,0,"",0
"200","gibsota01",2013,"Taj Gibson",27,"CHI","PF",65,5,1459,214,441,0.485,0,4,0,214,437,0.49,0.485,89,131,0.679,125,220,345,61,27,90,76,166,517,0,"",0
"201","davisgl01",2013,"Glen Davis",27,"ORL","PF",34,33,1064,214,478,0.448,0,2,0,214,476,0.45,0.448,84,117,0.718,55,191,246,70,32,21,64,88,512,0,"",0
"202","kanteen01",2013,"Enes Freedom",20,"UTA","C",70,2,1078,206,379,0.544,1,1,1,205,378,0.542,0.545,93,117,0.795,135,169,304,31,28,32,101,116,506,0,"",0
"203","tuckepj01",2013,"P.J. Tucker",27,"PHO","SG",79,45,1910,210,444,0.473,22,70,0.314,188,374,0.503,0.498,64,86,0.744,132,218,350,109,62,19,67,145,506,0,"",0
"204","maxieja01",2013,"Jason Maxiell",29,"DET","PF",72,71,1789,204,457,0.446,0,0,NA,204,457,0.446,0.446,90,145,0.621,135,274,409,54,32,95,81,172,498,0,"",0
"205","fredeji01",2013,"Jimmer Fredette",23,"SAC","SG",69,0,967,172,409,0.421,65,156,0.417,107,253,0.423,0.5,85,99,0.859,19,52,71,92,31,3,68,64,494,0,"",0
"206","hamilri01",2013,"Richard Hamilton",34,"CHI","SG",50,45,1088,204,475,0.429,16,52,0.308,188,423,0.444,0.446,66,77,0.857,16,67,83,119,24,5,84,93,490,0,"",0
"207","copelch01",2013,"Chris Copeland",28,"NYK","PF",56,13,862,182,380,0.479,59,140,0.421,123,240,0.513,0.557,63,83,0.759,34,85,119,27,16,12,50,104,486,0,"ROY-6",0
"208","drumman01",2013,"Andre Drummond",19,"DET","C",60,10,1243,208,342,0.608,1,2,0.5,207,340,0.609,0.61,59,159,0.371,169,288,457,30,59,95,57,144,476,0,"ROY-4",0
"209","battish01",2013,"Shane Battier",34,"MIA","SF",72,20,1786,152,362,0.42,136,316,0.43,16,46,0.348,0.608,32,38,0.842,37,128,165,72,41,55,34,149,472,0,"6MOY-12",0
"210","tayloje03",2013,"Jeff Taylor",23,"CHA","SF",77,29,1507,172,399,0.431,53,154,0.344,119,245,0.486,0.497,75,103,0.728,51,99,150,63,47,15,48,136,472,0,"",0
"211","rosste01",2013,"Terrence Ross",21,"TOR","SG",73,2,1239,186,457,0.407,65,196,0.332,121,261,0.464,0.478,30,42,0.714,35,109,144,53,43,14,48,122,467,0,"",0
"212","villach01",2013,"Charlie Villanueva",28,"DET","PF",69,0,1092,175,464,0.377,90,259,0.347,85,205,0.415,0.474,27,49,0.551,49,192,241,54,31,39,39,96,467,0,"",0
"213","bradlav01",2013,"Avery Bradley",22,"BOS","PG",50,50,1435,192,478,0.402,40,126,0.317,152,352,0.432,0.444,37,49,0.755,30,81,111,104,64,19,72,129,461,0,"DPOY-12,DEF2",0
"214","hinriki01",2013,"Kirk Hinrich",32,"CHI","PG",60,60,1764,159,422,0.377,71,182,0.39,88,240,0.367,0.461,70,98,0.714,16,142,158,314,63,25,99,192,459,0,"",0
"215","kiddja01",2013,"Jason Kidd",39,"NYK","SG",76,48,2043,152,409,0.372,114,325,0.351,38,84,0.452,0.511,40,48,0.833,50,273,323,249,125,25,76,125,458,0,"",0
"216","allenla01",2013,"Lavoy Allen",23,"PHI","C",79,37,1669,206,454,0.454,0,1,0,206,453,0.455,0.454,43,60,0.717,159,236,395,73,24,55,55,180,455,0,"",0
"217","onealje01",2013,"Jermaine O'Neal",34,"PHO","C",55,4,1029,179,371,0.482,0,0,NA,179,371,0.482,0.482,96,115,0.835,82,211,293,42,19,78,73,126,454,0,"",0
"218","johnsiv01",2013,"Ivan Johnson",28,"ATL","PF",69,5,1035,185,356,0.52,1,13,0.077,184,343,0.536,0.521,81,131,0.618,76,190,266,46,56,14,71,131,452,0,"",0
"219","burksal01",2013,"Alec Burks",21,"UTA","SG",64,0,1137,163,388,0.42,33,92,0.359,130,296,0.439,0.463,92,129,0.713,37,108,145,92,35,13,74,114,451,0,"",0
"220","greenwi01",2013,"Willie Green",31,"LAC","SG",72,60,1188,178,386,0.461,71,166,0.428,107,220,0.486,0.553,23,32,0.719,17,80,97,55,29,12,31,96,450,0,"",0
"221","coleno01",2013,"Norris Cole",24,"MIA","PG",80,4,1590,179,425,0.421,35,98,0.357,144,327,0.44,0.462,52,80,0.65,18,112,130,164,57,7,104,155,445,0,"",0
"222","bargnan01",2013,"Andrea Bargnani",27,"TOR","PF",35,25,1003,170,426,0.399,38,123,0.309,132,303,0.436,0.444,65,77,0.844,26,102,128,38,21,23,54,64,443,0,"",0
"223","priceaj01",2013,"A.J. Price",26,"WAS","PG",57,22,1278,161,413,0.39,70,200,0.35,91,213,0.427,0.475,49,62,0.79,20,94,114,205,33,3,64,73,441,0,"",0
"224","diawbo01",2013,"Boris Diaw",30,"SAS","PF",75,20,1709,179,332,0.539,30,78,0.385,149,254,0.587,0.584,47,65,0.723,66,188,254,180,52,27,84,143,435,0,"",0
"225","clarkea01",2013,"Earl Clark",25,"LAL","PF",59,36,1363,170,386,0.44,35,104,0.337,135,282,0.479,0.486,53,76,0.697,82,243,325,65,36,44,62,102,428,0,"",0
"226","greenge01",2013,"Gerald Green",27,"IND","SF",60,7,1080,155,424,0.366,59,188,0.314,96,236,0.407,0.435,52,65,0.8,31,110,141,50,19,23,53,64,421,0,"",0
"227","smithgr02",2013,"Greg Smith",22,"HOU","C",70,10,1110,170,274,0.62,0,1,0,170,273,0.623,0.62,81,130,0.623,111,210,321,25,18,40,41,175,421,0,"",0
"228","smithja02",2013,"Jason Smith",26,"NOH","C",51,0,876,167,341,0.49,0,4,0,167,337,0.496,0.49,86,102,0.843,64,122,186,34,15,45,55,123,420,0,"",0
"229","livinsh01",2013,"Shaun Livingston",27,"2TM","PG",66,16,1455,166,346,0.48,0,4,0,166,342,0.485,0.48,85,98,0.867,31,127,158,215,48,31,76,127,417,0,"",0
"230","stoudam01",2013,"Amar'e Stoudemire",30,"NYK","PF",29,0,682,154,267,0.577,0,0,NA,154,267,0.577,0.577,105,130,0.808,60,85,145,13,10,21,50,89,413,0,"",0
"231","collini01",2013,"Nick Collison",32,"OKC","C",81,2,1583,176,296,0.595,0,4,0,176,292,0.603,0.595,60,78,0.769,123,210,333,121,51,30,69,197,412,0,"",0
"232","mahinia01",2013,"Ian Mahinmi",26,"IND","C",80,2,1322,149,329,0.453,0,2,0,149,327,0.456,0.453,104,171,0.608,115,196,311,27,39,66,92,201,402,0,"",0
"233","mcrobjo01",2013,"Josh McRoberts",25,"2TM","PF",67,22,1487,156,343,0.455,24,84,0.286,132,259,0.51,0.49,65,85,0.765,93,232,325,141,32,27,66,131,401,0,"",0
"234","johnswe01",2013,"Wesley Johnson",25,"PHO","SF",50,21,953,161,396,0.407,50,155,0.323,111,241,0.461,0.47,27,35,0.771,21,102,123,34,22,18,48,56,399,0,"",0
"235","brookma01",2013,"MarShon Brooks",24,"BRK","SG",73,2,912,155,335,0.463,15,55,0.273,140,280,0.5,0.485,69,94,0.734,32,72,104,76,34,16,69,93,394,0,"",0
"236","carrode01",2013,"DeMarre Carroll",26,"UTA","SF",66,12,1111,149,324,0.46,20,70,0.286,129,254,0.508,0.491,75,98,0.765,87,101,188,61,58,24,34,119,393,0,"",0
"237","crowdja01",2013,"Jae Crowder",22,"DAL","SF",78,16,1353,141,367,0.384,63,192,0.328,78,175,0.446,0.47,47,73,0.644,35,152,187,94,63,17,49,128,392,0,"",0
"238","wilkida02",2013,"Damien Wilkins",33,"PHI","SG",61,21,1095,145,316,0.459,17,51,0.333,128,265,0.483,0.486,81,109,0.743,32,73,105,91,37,18,49,98,388,0,"",0
"239","mbahalu01",2013,"Luc Mbah a Moute",26,"MIL","SF",58,45,1326,151,377,0.401,13,37,0.351,138,340,0.406,0.418,72,126,0.571,89,167,256,55,42,14,70,82,387,0,"",0
"240","biyombi01",2013,"Bismack Biyombo",20,"CHA","C",80,65,2186,156,346,0.451,0,0,NA,156,346,0.451,0.451,74,142,0.521,194,388,582,35,28,143,82,195,386,0,"",0
"241","hensojo01",2013,"John Henson",22,"MIL","PF",63,9,827,162,336,0.482,0,3,0,162,333,0.486,0.482,56,105,0.533,116,181,297,31,19,42,47,83,380,0,"",0
"242","jerebjo01",2013,"Jonas Jerebko",25,"DET","PF",49,2,892,142,316,0.449,25,83,0.301,117,233,0.502,0.489,68,88,0.773,68,117,185,43,38,8,42,90,377,0,"",0
"243","leoname01",2013,"Meyers Leonard",20,"POR","C",69,9,1206,151,277,0.545,3,7,0.429,148,270,0.548,0.551,72,89,0.809,80,175,255,33,11,38,49,168,377,0,"",0
"244","riverau01",2013,"Austin Rivers",20,"NOH","SG",61,26,1418,145,390,0.372,28,86,0.326,117,304,0.385,0.408,59,108,0.546,16,93,109,127,26,9,74,122,377,0,"",0
"245","brookaa01",2013,"Aaron Brooks",28,"2TM","PG",53,20,997,143,316,0.453,50,134,0.373,93,182,0.511,0.532,40,52,0.769,13,67,80,114,30,10,67,94,376,0,"",0
"246","humphkr01",2013,"Kris Humphries",27,"BRK","PF",65,21,1191,139,310,0.448,0,2,0,139,308,0.451,0.448,97,123,0.789,126,239,365,32,16,33,57,127,375,0,"",0
"247","pondequ01",2013,"Quincy Pondexter",24,"MEM","SF",59,1,1243,128,299,0.428,60,152,0.395,68,147,0.463,0.528,59,75,0.787,43,89,132,61,35,6,42,95,375,0,"",0
"248","jacksre01",2013,"Reggie Jackson",22,"OKC","PG",70,0,993,149,325,0.458,24,104,0.231,125,221,0.566,0.495,52,62,0.839,21,145,166,122,29,13,53,84,374,0,"",0
"249","jenkijo01",2013,"John Jenkins",21,"ATL","SG",61,2,902,131,294,0.446,53,138,0.384,78,156,0.5,0.536,59,70,0.843,17,77,94,56,12,10,40,37,374,0,"ROY-10",0
"250","masonro01",2013,"Roger Mason",32,"NOH","SG",69,13,1219,132,305,0.433,66,159,0.415,66,146,0.452,0.541,39,43,0.907,11,121,132,74,26,11,51,104,369,0,"",0
"251","evansre01",2013,"Reggie Evans",32,"BRK","PF",80,56,1967,125,261,0.479,0,0,NA,125,261,0.479,0.479,113,222,0.509,260,628,888,43,74,13,111,199,363,0,"",0
"252","arthuda01",2013,"Darrell Arthur",24,"MEM","PF",59,3,970,162,359,0.451,5,18,0.278,157,341,0.46,0.458,33,46,0.717,68,101,169,33,24,33,43,126,362,0,"",0
"253","augusdj01",2013,"D.J. Augustin",25,"IND","PG",76,5,1226,103,294,0.35,67,190,0.353,36,104,0.346,0.464,83,99,0.838,20,71,91,170,34,3,68,64,356,0,"",0
"254","varejan01",2013,"Anderson Varejão",30,"CLE","C",25,25,901,138,289,0.478,0,5,0,138,284,0.486,0.478,77,102,0.755,138,223,361,84,37,14,44,68,353,0,"",0
"255","richaja01",2013,"Jason Richardson",32,"PHI","SG",33,33,936,135,336,0.402,57,167,0.341,78,169,0.462,0.487,20,33,0.606,19,108,127,51,40,15,26,57,347,0,"",0
"256","jacksst02",2013,"Stephen Jackson",34,"SAS","SF",55,6,1075,123,330,0.373,46,170,0.271,77,160,0.481,0.442,49,70,0.7,22,133,155,80,37,14,77,89,341,0,"",0
"257","lucasjo02",2013,"John Lucas III",30,"TOR","PG",63,0,827,129,334,0.386,57,151,0.377,72,183,0.393,0.472,18,25,0.72,8,57,65,105,23,1,26,50,333,0,"",0
"258","robinth01",2013,"Thomas Robinson",21,"2TM","PF",70,0,1056,138,321,0.43,0,1,0,138,320,0.431,0.43,57,109,0.523,122,193,315,46,41,26,88,124,333,0,"",0
"259","telfase01",2013,"Sebastian Telfair",27,"2TM","PG",59,2,980,112,309,0.362,53,150,0.353,59,159,0.371,0.448,54,69,0.783,13,71,84,153,37,11,64,104,331,0,"",0
"260","loveke01",2013,"Kevin Love",24,"MIN","PF",18,18,618,105,298,0.352,20,92,0.217,85,206,0.413,0.386,100,142,0.704,64,188,252,42,13,9,39,34,330,0,"",0
"261","odomla01",2013,"Lamar Odom",33,"LAC","PF",82,2,1616,146,366,0.399,18,90,0.2,128,276,0.464,0.423,20,42,0.476,117,363,480,142,69,58,86,214,330,0,"",0
"262","perkike01",2013,"Kendrick Perkins",28,"OKC","C",78,78,1954,143,313,0.457,0,1,0,143,312,0.458,0.457,44,72,0.611,110,356,466,111,43,83,109,227,330,0,"",0
"263","blairde01",2013,"DeJuan Blair",23,"SAS","PF",61,16,851,142,271,0.524,0,1,0,142,270,0.526,0.524,44,70,0.629,66,164,230,45,37,10,49,112,328,0,"",0
"264","blakest01",2013,"Steve Blake",32,"LAL","PG",45,13,1175,114,270,0.422,72,171,0.421,42,99,0.424,0.556,27,35,0.771,21,111,132,173,34,6,62,83,327,0,"",0
"265","daniema01",2013,"Marquis Daniels",32,"MIL","SF",59,33,1085,132,351,0.376,20,72,0.278,112,279,0.401,0.405,40,54,0.741,48,102,150,65,51,10,45,77,324,0,"",0
"266","udohek01",2013,"Ekpe Udoh",25,"MIL","C",76,9,1312,117,269,0.435,0,1,0,117,268,0.437,0.435,89,119,0.748,113,138,251,43,39,85,43,139,323,0,"",0
"267","garcifr01",2013,"Francisco García",31,"2TM","SF",58,20,1029,118,300,0.393,67,179,0.374,51,121,0.421,0.505,18,21,0.857,8,83,91,63,46,38,32,88,321,0,"",0
"268","dalemsa01",2013,"Samuel Dalembert",31,"MIL","C",47,23,765,137,253,0.542,1,1,1,136,252,0.54,0.543,38,55,0.691,105,171,276,21,17,53,51,90,313,0,"",0
"269","boganke01",2013,"Keith Bogans",32,"BRK","SG",74,23,1408,108,284,0.38,84,245,0.343,24,39,0.615,0.528,11,17,0.647,16,104,120,76,28,4,49,108,311,0,"",0
"270","stiemgr01",2013,"Greg Stiemsma",27,"MIN","C",76,19,1209,127,278,0.457,0,0,NA,127,278,0.457,0.457,53,69,0.768,61,200,261,30,44,90,59,184,307,0,"",0
"271","pachuza01",2013,"Zaza Pachulia",28,"ATL","C",52,15,1134,114,241,0.473,0,3,0,114,238,0.479,0.473,78,103,0.757,132,204,336,79,35,12,70,128,306,0,"",0
"272","shumpim01",2013,"Iman Shumpert",22,"NYK","SG",45,45,996,109,275,0.396,51,127,0.402,58,148,0.392,0.489,36,47,0.766,31,105,136,75,43,7,37,99,305,0,"",0
"273","bartowi01",2013,"Will Barton",22,"POR","SG",73,5,894,118,309,0.382,9,65,0.138,109,244,0.447,0.396,50,65,0.769,36,109,145,58,34,9,60,56,295,0,"",0
"274","millspa02",2013,"Patty Mills",24,"SAS","PG",58,2,656,113,241,0.469,52,130,0.4,61,111,0.55,0.577,16,19,0.842,9,41,50,62,26,4,39,55,294,0,"",0
"275","maynoer01",2013,"Eric Maynor",25,"2TM","PG",64,0,963,106,281,0.377,34,96,0.354,72,185,0.389,0.438,45,62,0.726,9,37,46,182,22,1,79,55,291,0,"",0
"276","hasleud01",2013,"Udonis Haslem",32,"MIA","PF",75,59,1414,129,251,0.514,0,0,NA,129,251,0.514,0.514,32,45,0.711,97,307,404,38,30,15,45,173,290,0,"",0
"277","bonnema01",2013,"Matt Bonner",32,"SAS","PF",68,4,909,112,230,0.487,53,120,0.442,59,110,0.536,0.602,11,15,0.733,25,104,129,36,17,19,16,86,288,0,"",0
"278","lewisra02",2013,"Rashard Lewis",33,"MIA","PF",55,9,792,103,249,0.414,51,131,0.389,52,118,0.441,0.516,28,45,0.622,19,102,121,30,21,14,33,67,285,0,"",0
"279","stevede01",2013,"DeShawn Stevenson",31,"ATL","SG",56,31,1158,98,262,0.374,76,209,0.364,22,53,0.415,0.519,12,23,0.522,18,104,122,52,29,6,23,69,284,0,"",0
"280","millemi01",2013,"Mike Miller",32,"MIA","SF",59,17,900,100,231,0.433,73,175,0.417,27,56,0.482,0.591,8,11,0.727,18,139,157,99,21,4,35,63,281,0,"",0
"281","decolna01",2013,"Nando De Colo",25,"SAS","SG",72,6,920,105,241,0.436,31,82,0.378,74,159,0.465,0.5,35,44,0.795,23,115,138,138,41,6,81,87,276,0,"",0
"282","johnsja01",2013,"James Johnson",25,"SAC","SF",54,11,878,117,283,0.413,2,21,0.095,115,262,0.439,0.417,40,67,0.597,49,96,145,58,41,50,68,99,276,0,"",0
"283","prigipa01",2013,"Pablo Prigioni",35,"NYK","PG",78,18,1263,100,220,0.455,53,134,0.396,47,86,0.547,0.575,22,25,0.88,41,102,143,236,69,2,86,127,275,0,"",0
"284","jamesmi01",2013,"Mike James",37,"DAL","PG",45,23,862,101,271,0.373,48,125,0.384,53,146,0.363,0.461,23,29,0.793,9,63,72,139,26,3,55,95,273,0,"",0
"285","martica01",2013,"Cartier Martin",28,"WAS","SF",41,3,694,96,252,0.381,58,146,0.397,38,106,0.358,0.496,20,28,0.714,11,89,100,20,19,6,32,58,270,0,"",0
"286","sullija01",2013,"Jared Sullinger",20,"BOS","PF",45,5,892,111,225,0.493,1,5,0.2,110,220,0.5,0.496,47,63,0.746,92,172,264,35,22,22,29,154,270,0,"",0
"287","pargoje01",2013,"Jeremy Pargo",26,"2TM","PG",39,11,655,99,250,0.396,25,74,0.338,74,176,0.42,0.446,42,62,0.677,8,41,49,92,13,2,50,46,265,0,"",0
"288","templga01",2013,"Garrett Temple",26,"WAS","SG",51,36,1156,105,258,0.407,26,80,0.325,79,178,0.444,0.457,26,37,0.703,29,94,123,115,50,17,61,94,262,0,"",0
"289","jonesda02",2013,"Dahntay Jones",32,"2TM","SF",78,19,1016,82,222,0.369,11,49,0.224,71,173,0.41,0.394,87,113,0.77,24,77,101,48,22,6,38,119,262,0,"",0
"290","wilcoch01",2013,"Chris Wilcox",30,"BOS","C",61,7,830,110,153,0.719,0,1,0,110,152,0.724,0.719,39,58,0.672,55,125,180,22,32,28,34,125,259,0,"",0
"291","booketr01",2013,"Trevor Booker",25,"WAS","PF",48,14,887,108,220,0.491,0,5,0,108,215,0.502,0.491,40,72,0.556,98,141,239,40,32,16,31,95,256,0,"",0
"292","tollian01",2013,"Anthony Tolliver",27,"ATL","SF",62,11,963,82,216,0.38,45,133,0.338,37,83,0.446,0.484,44,51,0.863,31,124,155,32,15,12,36,66,253,0,"",0
"293","gibsoda01",2013,"Daniel Gibson",26,"CLE","PG",46,3,919,84,247,0.34,56,163,0.344,28,84,0.333,0.453,26,37,0.703,5,55,60,82,30,4,31,89,250,0,"",0
"294","motiedo01",2013,"Donatas Motiejūnas",22,"HOU","PF",44,14,538,97,213,0.455,24,83,0.289,73,130,0.562,0.512,32,51,0.627,36,57,93,31,7,10,37,73,250,0,"",0
"295","dayeau01",2013,"Austin Daye",24,"2TM","SF",55,0,676,90,208,0.433,41,98,0.418,49,110,0.445,0.531,26,34,0.765,16,107,123,42,14,22,29,82,247,0,"",0
"296","babbilu01",2013,"Luke Babbitt",23,"POR","PF",62,0,730,86,234,0.368,62,178,0.348,24,56,0.429,0.5,10,13,0.769,15,122,137,29,14,5,22,82,244,0,"6MOY-14",0
"297","fieldla01",2013,"Landry Fields",24,"TOR","SF",51,22,1037,102,223,0.457,2,14,0.143,100,209,0.478,0.462,34,53,0.642,59,149,208,60,32,8,42,63,240,0,"",0
"298","jonesde01",2013,"DeQuan Jones",22,"ORL","SF",63,17,803,95,218,0.436,9,35,0.257,86,183,0.47,0.456,34,51,0.667,17,88,105,16,19,22,30,55,233,0,"",0
"299","oquinky01",2013,"Kyle O'Quinn",22,"ORL","C",57,5,638,101,197,0.513,0,1,0,101,196,0.515,0.513,30,45,0.667,65,144,209,52,11,26,37,107,232,0,"",0
"300","singlch01",2013,"Chris Singleton",23,"WAS","PF",57,11,924,92,241,0.382,7,36,0.194,85,205,0.415,0.396,40,70,0.571,51,133,184,37,38,24,45,124,231,0,"",0
"301","tinslja01",2013,"Jamaal Tinsley",34,"UTA","PG",66,32,1221,86,234,0.368,39,127,0.307,47,107,0.439,0.451,18,26,0.692,17,98,115,290,64,14,106,106,229,0,"",0
"302","beverpa01",2013,"Patrick Beverley",24,"HOU","PG",41,0,713,79,189,0.418,36,96,0.375,43,93,0.462,0.513,34,41,0.829,45,64,109,117,37,21,44,83,228,0,"",0
"303","greendr01",2013,"Draymond Green",22,"GSW","SF",79,1,1061,84,257,0.327,14,67,0.209,70,190,0.368,0.354,45,55,0.818,58,202,260,53,42,25,51,159,227,0,"",0
"304","budinch01",2013,"Chase Budinger",24,"MIN","SF",23,1,508,79,191,0.414,26,81,0.321,53,110,0.482,0.482,32,42,0.762,15,56,71,25,14,7,23,29,216,0,"",0
"305","haywobr01",2013,"Brendan Haywood",33,"CHA","C",61,17,1162,93,216,0.431,0,1,0,93,215,0.433,0.431,30,66,0.455,125,165,290,29,16,49,50,125,216,0,"",0
"306","barbole01",2013,"Leandro Barbosa",30,"BOS","PG",41,2,513,83,193,0.43,18,47,0.383,65,146,0.445,0.477,31,41,0.756,8,38,46,58,17,6,21,51,215,0,"",0
"307","adrieje01",2013,"Jeff Adrien",26,"CHA","PF",52,5,713,72,168,0.429,0,2,0,72,166,0.434,0.429,65,100,0.65,68,128,196,36,18,27,32,80,209,0,"",0
"308","hamiljo02",2013,"Jordan Hamilton",22,"DEN","SF",40,1,397,84,201,0.418,27,73,0.37,57,128,0.445,0.485,13,26,0.5,32,63,95,23,15,8,19,24,208,0,"",0
"309","anderch01",2013,"Chris Andersen",34,"MIA","C",42,0,624,71,123,0.577,2,3,0.667,69,120,0.575,0.585,63,93,0.677,57,115,172,17,16,44,24,89,207,0,"",0
"310","pargoja01",2013,"Jannero Pargo",33,"3TM","PG",32,0,507,78,212,0.368,39,116,0.336,39,96,0.406,0.46,12,13,0.923,10,25,35,67,18,3,41,42,207,0,"",0
"311","holliry01",2013,"Ryan Hollins",28,"LAC","C",60,0,663,70,114,0.614,0,0,NA,70,114,0.614,0.614,66,88,0.75,50,89,139,11,6,34,44,133,206,0,"",0
"312","ayongu01",2013,"Gustavo Ayón",27,"2TM","C",55,3,734,92,167,0.551,0,0,NA,92,167,0.551,0.551,20,50,0.4,60,139,199,71,22,17,47,107,204,0,"",0
"313","johnsor01",2013,"Orlando Johnson",23,"IND","SG",51,0,619,72,180,0.4,36,94,0.383,36,86,0.419,0.5,23,32,0.719,20,90,110,47,11,9,29,51,203,0,"",0
"314","fournev01",2013,"Evan Fournier",20,"DEN","SG",38,4,428,75,152,0.493,22,54,0.407,53,98,0.541,0.566,30,39,0.769,6,29,35,44,19,1,32,65,202,0,"",0
"315","outlatr01",2013,"Travis Outlaw",28,"SAC","SF",38,2,444,74,177,0.418,14,50,0.28,60,127,0.472,0.458,38,52,0.731,17,44,61,21,11,8,19,35,200,0,"",0
"316","hayesch01",2013,"Chuck Hayes",29,"SAC","C",74,1,1209,84,190,0.442,0,1,0,84,189,0.444,0.442,30,48,0.625,113,186,299,112,31,18,44,114,198,0,"",0
"317","henryxa01",2013,"Xavier Henry",21,"NOH","SF",50,2,625,66,161,0.41,4,11,0.364,62,150,0.413,0.422,58,92,0.63,21,69,90,13,16,5,31,72,194,0,"",0
"318","hilljo01",2013,"Jordan Hill",25,"LAL","PF",29,1,458,77,155,0.497,0,2,0,77,153,0.503,0.497,40,61,0.656,82,84,166,13,8,19,26,55,194,0,"",0
"319","morrida01",2013,"Darius Morris",22,"LAL","PG",48,17,683,73,188,0.388,24,66,0.364,49,122,0.402,0.452,24,37,0.649,24,33,57,76,21,2,45,58,194,0,"",0
"320","warriha01",2013,"Hakim Warrick",30,"2TM","PF",28,14,489,67,165,0.406,0,3,0,67,162,0.414,0.406,60,88,0.682,21,68,89,25,13,6,29,37,194,0,"",0
"321","ezelife01",2013,"Festus Ezeli",23,"GSW","C",78,41,1120,74,169,0.438,0,0,NA,74,169,0.438,0.438,43,81,0.531,141,172,313,22,23,74,63,157,191,0,"",0
"322","teletmi01",2013,"Mirza Teletović",27,"BRK","PF",53,0,499,71,185,0.384,37,108,0.343,34,77,0.442,0.484,9,11,0.818,33,62,95,23,13,8,20,53,188,0,"",0
"323","clavevi01",2013,"Victor Claver",24,"POR","SF",49,16,812,74,189,0.392,25,87,0.287,49,102,0.48,0.458,14,30,0.467,31,88,119,43,26,12,43,75,187,0,"",0
"324","bogutan01",2013,"Andrew Bogut",28,"GSW","C",32,32,786,83,184,0.451,1,1,1,82,183,0.448,0.454,19,38,0.5,68,177,245,67,20,55,35,85,186,0,"",0
"325","billuch01",2013,"Chauncey Billups",36,"LAC","SG",22,22,418,53,132,0.402,33,90,0.367,20,42,0.476,0.527,45,48,0.938,2,30,32,49,12,1,26,25,184,0,"",0
"326","scottmi01",2013,"Mike Scott",24,"ATL","PF",40,1,376,70,147,0.476,0,1,0,70,146,0.479,0.476,43,56,0.768,39,71,110,12,4,2,21,32,183,0,"",0
"327","stackje01",2013,"Jerry Stackhouse",38,"BRK","SF",37,0,544,66,172,0.384,30,89,0.337,36,83,0.434,0.471,20,23,0.87,5,28,33,35,7,4,24,31,182,0,"",0
"328","beaubro01",2013,"Rodrigue Beaubois",24,"DAL","PG",45,0,549,65,176,0.369,21,72,0.292,44,104,0.423,0.429,30,38,0.789,9,48,57,84,19,4,33,54,181,0,"",0
"329","gelabmi01",2013,"Mickaël Gelabale",29,"MIN","SF",36,13,644,72,139,0.518,16,52,0.308,56,87,0.644,0.576,21,24,0.875,32,67,99,26,16,4,16,47,181,0,"",0
"330","brewero02",2013,"Ronnie Brewer",27,"2TM","SF",60,34,853,70,198,0.354,23,76,0.303,47,122,0.385,0.412,16,39,0.41,42,98,140,50,43,6,18,33,179,0,"",0
"331","jefferi01",2013,"Richard Jefferson",32,"GSW","SF",56,1,568,62,136,0.456,14,45,0.311,48,91,0.527,0.507,38,53,0.717,5,79,84,31,14,7,23,45,176,0,"",0
"332","fishede01",2013,"Derek Fisher",38,"2TM","PG",33,9,575,55,161,0.342,30,80,0.375,25,81,0.309,0.435,35,38,0.921,2,35,37,47,19,3,30,55,175,0,"",0
"333","moultar01",2013,"Arnett Moultrie",22,"PHI","PF",47,0,542,78,134,0.582,0,0,NA,78,134,0.582,0.582,18,28,0.643,76,69,145,10,17,10,19,43,174,0,"",0
"334","casspom01",2013,"Omri Casspi",24,"CLE","SF",43,1,503,63,160,0.394,25,76,0.329,38,84,0.452,0.472,22,41,0.537,20,94,114,28,25,12,22,45,173,0,"",0
"335","waltolu01",2013,"Luke Walton",32,"CLE","PF",50,0,857,71,181,0.392,20,67,0.299,51,114,0.447,0.448,10,20,0.5,38,107,145,166,42,13,60,98,172,0,"",0
"336","iveyro01",2013,"Royal Ivey",31,"PHI","SG",53,5,698,62,144,0.431,37,88,0.42,25,56,0.446,0.559,9,16,0.563,16,41,57,32,23,3,20,73,170,0,"",0
"337","mohamna01",2013,"Nazr Mohammed",35,"CHI","C",63,12,693,66,180,0.367,0,2,0,66,178,0.371,0.367,34,47,0.723,73,122,195,26,21,32,24,97,166,0,"",0
"338","middlkh01",2013,"Khris Middleton",21,"DET","SG",27,0,475,62,141,0.44,14,45,0.311,48,96,0.5,0.489,27,32,0.844,4,46,50,28,15,4,11,53,165,0,"",0
"339","morroan01",2013,"Anthony Morrow",27,"2TM","SG",41,1,383,64,145,0.441,16,43,0.372,48,102,0.471,0.497,20,22,0.909,11,19,30,13,13,1,8,43,164,0,"",0
"340","thabeha01",2013,"Hasheem Thabeet",25,"OKC","C",66,4,770,64,106,0.604,0,0,NA,64,106,0.604,0.604,32,53,0.604,69,126,195,11,30,60,41,148,160,0,"",0
"341","youngsa01",2013,"Sam Young",27,"IND","SG",56,3,693,58,148,0.392,16,52,0.308,42,96,0.438,0.446,23,43,0.535,26,97,123,42,15,8,33,62,155,0,"",0
"342","lambdo01",2013,"Doron Lamb",21,"2TM","SG",47,0,577,60,163,0.368,14,37,0.378,46,126,0.365,0.411,20,34,0.588,8,38,46,32,13,0,26,52,154,0,"",0
"343","thomala01",2013,"Lance Thomas",24,"NOH","SF",59,9,646,53,106,0.5,0,0,NA,53,106,0.5,0.5,43,59,0.729,44,71,115,17,11,7,14,78,149,0,"",0
"344","anderja01",2013,"James Anderson",23,"2TM","SG",39,2,401,52,126,0.413,21,60,0.35,31,66,0.47,0.496,24,28,0.857,18,54,72,42,15,5,25,25,149,0,"",0
"345","kleizli01",2013,"Linas Kleiza",28,"TOR","SF",20,3,376,48,144,0.333,20,66,0.303,28,78,0.359,0.403,32,38,0.842,10,42,52,16,4,2,14,45,148,0,"",0
"346","wallara01",2013,"Rasheed Wallace",38,"NYK","C",21,0,296,55,142,0.387,22,69,0.319,33,73,0.452,0.465,14,20,0.7,11,72,83,6,13,15,10,40,146,0,"",0
"347","willire02",2013,"Reggie Williams",26,"CHA","SF",40,0,380,57,132,0.432,22,72,0.306,35,60,0.583,0.515,10,21,0.476,8,43,51,39,12,1,19,19,146,0,"",0
"348","pendeje02",2013,"Jeff Ayres",25,"IND","PF",37,0,369,61,126,0.484,2,4,0.5,59,122,0.484,0.492,21,23,0.913,29,75,104,15,6,12,23,44,145,0,"",0
"349","marshke01",2013,"Kendall Marshall",21,"PHO","PG",48,3,702,56,151,0.371,23,73,0.315,33,78,0.423,0.447,8,14,0.571,4,38,42,143,22,4,57,48,143,0,"",0
"350","randoan01",2013,"Anthony Randolph",23,"DEN","PF",39,0,329,56,114,0.491,0,8,0,56,106,0.528,0.491,31,45,0.689,29,66,95,12,19,21,37,41,143,0,"",0
"351","macksh01",2013,"Shelvin Mack",22,"3TM","PG",31,3,416,58,126,0.46,18,49,0.367,40,77,0.519,0.532,9,16,0.563,3,37,40,68,15,0,34,39,143,0,"",0
"352","cookda02",2013,"Daequan Cook",25,"2TM","SG",49,1,441,51,167,0.305,26,91,0.286,25,76,0.329,0.383,9,12,0.75,7,54,61,19,8,7,15,26,137,0,"",0
"353","freeljo01",2013,"Joel Freeland",25,"POR","PF",51,1,477,58,142,0.408,0,0,NA,58,142,0.408,0.408,18,27,0.667,40,79,119,13,13,11,19,67,134,0,"",0
"354","duhonch01",2013,"Chris Duhon",30,"LAL","PG",46,9,820,47,123,0.382,33,91,0.363,14,32,0.438,0.516,6,13,0.462,11,57,68,133,20,1,40,56,133,0,"",0
"355","jamesbe01",2013,"Bernard James",27,"DAL","C",46,11,457,53,103,0.515,0,2,0,53,101,0.525,0.515,25,41,0.61,52,79,131,6,12,38,18,64,131,0,"",0
"356","martike01",2013,"Kenyon Martin",35,"NYK","C",18,11,431,56,93,0.602,0,0,NA,56,93,0.602,0.602,17,40,0.425,34,61,95,8,16,17,16,64,129,0,"",0
"357","josepco01",2013,"Cory Joseph",21,"SAS","PG",28,9,388,51,110,0.464,6,21,0.286,45,89,0.506,0.491,18,21,0.857,12,40,52,53,15,4,21,25,126,0,"",0
"358","veselja01",2013,"Jan Veselý",22,"WAS","PF",51,4,601,57,114,0.5,0,1,0,57,113,0.504,0.5,12,39,0.308,43,79,122,28,15,17,27,107,126,0,"",0
"359","thomaty01",2013,"Tyrus Thomas",26,"CHA","PF",26,2,360,48,136,0.353,3,8,0.375,45,128,0.352,0.364,26,31,0.839,16,44,60,19,14,15,17,51,125,0,"",0
"360","whiteja02",2013,"James White",30,"NYK","SF",57,16,435,50,116,0.431,14,41,0.341,36,75,0.48,0.491,11,19,0.579,5,43,48,29,13,4,17,44,125,0,"",0
"361","bazemke01",2013,"Kent Bazemore",23,"GSW","SG",61,0,267,43,116,0.371,10,34,0.294,33,82,0.402,0.414,27,44,0.614,5,17,22,22,17,4,18,27,123,0,"",0
"362","smithis01",2013,"Ish Smith",24,"2TM","PG",52,3,516,56,159,0.352,8,27,0.296,48,132,0.364,0.377,3,7,0.429,12,49,61,87,21,9,37,26,123,0,"",0
"363","turiaro01",2013,"Ronny Turiaf",30,"LAC","C",65,0,701,49,97,0.505,0,0,NA,49,97,0.505,0.505,23,63,0.365,45,107,152,35,19,35,29,80,121,0,"",0
"364","engliki01",2013,"Kim English",24,"DET","SG",41,0,407,42,112,0.375,14,50,0.28,28,62,0.452,0.438,21,29,0.724,8,29,37,26,16,3,19,46,119,0,"",0
"365","grayaa01",2013,"Aaron Gray",28,"TOR","C",42,16,513,48,90,0.533,0,0,NA,48,90,0.533,0.533,23,44,0.523,48,85,133,33,7,5,36,85,119,0,"",0
"366","milleda01",2013,"Darius Miller",22,"NOH","SF",52,2,694,44,108,0.407,22,56,0.393,22,52,0.423,0.509,8,8,1,8,70,78,44,17,12,23,89,118,0,"",0
"367","johnsch03",2013,"Chris Johnson",27,"MIN","C",30,0,284,48,75,0.64,0,0,NA,48,75,0.64,0.64,21,34,0.618,20,40,60,8,7,28,13,49,117,0,"",0
"368","acyqu01",2013,"Quincy Acy",22,"TOR","PF",29,0,342,42,75,0.56,1,2,0.5,41,73,0.562,0.567,31,38,0.816,30,47,77,11,13,15,17,53,116,0,"",0
"369","jonesdo02",2013,"Dominique Jones",24,"DAL","PG",29,3,338,40,109,0.367,1,9,0.111,39,100,0.39,0.372,35,53,0.66,18,27,45,83,14,2,38,29,116,0,"",0
"370","jenkich01",2013,"Charles Jenkins",23,"2TM","SG",59,1,441,49,121,0.405,1,2,0.5,48,119,0.403,0.409,12,22,0.545,8,24,32,44,15,2,21,22,111,0,"",0
"371","smithno01",2013,"Nolan Smith",24,"POR","PG",40,0,288,42,114,0.368,6,28,0.214,36,86,0.419,0.395,20,28,0.714,7,20,27,35,7,1,29,26,110,0,"",0
"372","willite01",2013,"Terrence Williams",25,"BOS","SF",24,0,318,48,97,0.495,5,15,0.333,43,82,0.524,0.521,9,21,0.429,4,40,44,38,11,2,22,13,110,0,"",0
"373","mozgoti01",2013,"Timofey Mozgov",26,"DEN","C",41,1,366,44,87,0.506,0,2,0,44,85,0.518,0.506,20,26,0.769,50,57,107,9,6,18,25,57,108,0,"",0
"374","petrojo01",2013,"Johan Petro",27,"ATL","C",31,8,352,48,110,0.436,1,4,0.25,47,106,0.443,0.441,11,12,0.917,33,79,112,16,10,9,24,48,108,0,"",0
"375","pricero01",2013,"Ronnie Price",29,"POR","PG",39,0,510,39,120,0.325,10,39,0.256,29,81,0.358,0.367,17,24,0.708,13,31,44,73,26,3,34,61,105,0,"",0
"376","joneste01",2013,"Terrence Jones",21,"HOU","PF",19,0,276,43,94,0.457,5,19,0.263,38,75,0.507,0.484,13,17,0.765,28,37,65,15,12,19,13,21,104,0,"",0
"377","pavloal01",2013,"Sasha Pavlović",29,"POR","SG",39,1,528,42,119,0.353,18,60,0.3,24,59,0.407,0.429,1,6,0.167,7,49,56,32,24,5,14,59,103,0,"",0
"378","pietrmi01",2013,"Mickaël Piétrus",30,"TOR","SF",19,16,386,34,98,0.347,20,64,0.313,14,34,0.412,0.449,12,18,0.667,5,31,36,9,12,6,16,33,100,0,"",0
"379","aldrico01",2013,"Cole Aldrich",24,"2TM","C",45,0,388,44,80,0.55,0,0,NA,44,80,0.55,0.55,12,20,0.6,30,90,120,9,5,23,23,60,100,0,"",0
"380","teaguma01",2013,"Marquis Teague",19,"CHI","PG",48,0,392,43,113,0.381,4,23,0.174,39,90,0.433,0.398,9,16,0.563,3,41,44,63,9,7,35,47,99,0,"",0
"381","thomaku01",2013,"Kurt Thomas",40,"NYK","PF",39,17,392,45,83,0.542,1,1,1,44,82,0.537,0.548,6,13,0.462,24,65,89,21,10,16,8,52,97,0,"",0
"382","watsoea01",2013,"Earl Watson",33,"UTA","PG",48,4,829,37,120,0.308,5,28,0.179,32,92,0.348,0.329,17,25,0.68,23,64,87,190,40,8,69,94,96,0,"",0
"383","joneske01",2013,"Kevin Jones",23,"CLE","PF",32,0,334,43,107,0.402,0,0,NA,43,107,0.402,0.402,9,15,0.6,38,40,78,10,9,5,8,25,95,0,"",0
"384","maggeco01",2013,"Corey Maggette",33,"DET","SF",18,0,257,27,76,0.355,5,21,0.238,22,55,0.4,0.388,36,48,0.75,5,20,25,19,6,2,17,42,95,0,"",0
"385","hillgr01",2013,"Grant Hill",40,"LAC","SF",29,0,437,38,98,0.388,3,11,0.273,35,87,0.402,0.403,14,24,0.583,6,43,49,26,11,7,25,39,93,0,"",0
"386","wroteto01",2013,"Tony Wroten",19,"MEM","SG",35,0,272,33,86,0.384,4,16,0.25,29,70,0.414,0.407,21,29,0.724,13,15,28,43,8,4,29,34,91,0,"",0
"387","jonespe01",2013,"Perry Jones",21,"OKC","SF",38,1,280,39,99,0.394,0,2,0,39,97,0.402,0.394,10,15,0.667,12,50,62,10,5,6,15,23,88,0,"",0
"388","anthojo01",2013,"Joel Anthony",30,"MIA","C",62,3,566,35,68,0.515,0,0,NA,35,68,0.515,0.515,17,28,0.607,45,70,115,13,13,42,22,49,87,0,"",0
"389","tayloty01",2013,"Tyshawn Taylor",22,"BRK","PG",38,0,221,32,87,0.368,6,13,0.462,26,74,0.351,0.402,15,27,0.556,2,16,18,21,13,0,25,25,85,0,"",0
"390","haddaha01",2013,"Hamed Haddadi",27,"2TM","C",30,0,322,35,82,0.427,0,0,NA,35,82,0.427,0.427,14,27,0.519,43,68,111,12,6,27,31,60,84,0,"",0
"391","sloando01",2013,"Donald Sloan",25,"2TM","SG",23,0,263,27,78,0.346,7,19,0.368,20,59,0.339,0.391,20,25,0.8,3,25,28,38,5,0,14,17,81,0,"",0
"392","leema01",2013,"Malcolm Lee",22,"MIN","SG",16,12,289,29,76,0.382,8,24,0.333,21,52,0.404,0.434,12,20,0.6,15,24,39,20,12,6,10,30,78,0,"",0
"393","kravtvi01",2013,"Viacheslav Kravtsov",25,"DET","C",25,0,224,33,46,0.717,0,0,NA,33,46,0.717,0.717,11,37,0.297,24,21,45,9,5,9,14,32,77,0,"",0
"394","waynsma01",2013,"Maalik Wayns",21,"2TM","PG",27,1,202,26,88,0.295,7,31,0.226,19,57,0.333,0.335,17,19,0.895,1,6,7,27,6,0,15,26,76,0,"",0
"395","amundlo01",2013,"Lou Amundson",30,"3TM","PF",39,0,372,32,81,0.395,0,0,NA,32,81,0.395,0.395,12,36,0.333,48,58,106,11,16,12,19,53,76,0,"",0
"396","evansje01",2013,"Jeremy Evans",25,"UTA","PF",37,0,215,27,44,0.614,0,1,0,27,43,0.628,0.614,21,33,0.636,26,32,58,11,8,13,8,30,75,0,"",0
"397","howarjo01",2013,"Josh Howard",32,"MIN","SF",11,4,207,31,77,0.403,5,16,0.313,26,61,0.426,0.435,7,12,0.583,9,27,36,4,10,3,10,18,74,0,"",0
"398","lambje01",2013,"Jeremy Lamb",20,"OKC","SF",23,0,147,24,68,0.353,9,30,0.3,15,38,0.395,0.419,14,14,1,5,13,18,5,2,2,6,13,71,0,"",0
"399","randosh01",2013,"Shavlik Randolph",29,"BOS","PF",16,0,198,28,48,0.583,0,0,NA,28,48,0.583,0.583,11,27,0.407,28,42,70,4,8,7,10,38,67,0,"",0
"400","ebankde01",2013,"Devin Ebanks",23,"LAL","SF",19,3,197,24,73,0.329,6,22,0.273,18,51,0.353,0.37,11,14,0.786,10,31,41,10,3,1,11,23,65,0,"",0
"401","murphtr01",2013,"Troy Murphy",32,"DAL","PF",14,1,256,22,61,0.361,11,35,0.314,11,26,0.423,0.451,10,11,0.909,7,42,49,7,10,6,7,29,65,0,"",0
"402","jonesja02",2013,"James Jones",32,"MIA","SF",38,0,221,21,61,0.344,16,53,0.302,5,8,0.625,0.475,2,4,0.5,0,22,22,13,2,6,3,16,60,0,"",0
"403","liggide01",2013,"DeAndre Liggins",24,"OKC","SG",39,1,290,21,47,0.447,7,19,0.368,14,28,0.5,0.521,9,18,0.5,13,40,53,15,18,3,14,33,58,0,"",0
"404","samuesa01",2013,"Samardo Samuels",24,"CLE","C",18,1,196,22,60,0.367,0,1,0,22,59,0.373,0.367,14,24,0.583,10,18,28,8,3,3,6,30,58,0,"",0
"405","hansbbe01",2013,"Ben Hansbrough",25,"IND","PG",28,0,200,15,45,0.333,6,23,0.261,9,22,0.409,0.4,21,27,0.778,2,16,18,21,7,2,18,23,57,0,"",0
"406","leuerjo01",2013,"Jon Leuer",23,"2TM","C",28,0,187,25,52,0.481,0,3,0,25,49,0.51,0.481,6,13,0.462,13,24,37,8,6,0,8,21,56,0,"",0
"407","goodedr01",2013,"Drew Gooden",31,"MIL","C",16,0,151,20,61,0.328,1,5,0.2,19,56,0.339,0.336,11,16,0.688,13,18,31,6,5,6,9,21,52,0,"",0
"408","harrial01",2013,"Al Harrington",32,"ORL","C",10,0,119,20,57,0.351,8,30,0.267,12,27,0.444,0.421,3,4,0.75,6,21,27,10,4,1,7,18,51,0,"",0
"409","mcguido01",2013,"Dominic McGuire",27,"3TM","SF",26,10,387,24,56,0.429,0,0,NA,24,56,0.429,0.429,3,10,0.3,19,59,78,20,13,11,12,39,51,0,"",0
"410","jeffrja01",2013,"Jared Jeffries",31,"POR","PF",38,0,350,16,54,0.296,0,2,0,16,52,0.308,0.296,12,23,0.522,26,34,60,14,6,6,17,58,44,0,"",0
"411","baynear01",2013,"Aron Baynes",26,"SAS","C",16,0,141,18,36,0.5,0,1,0,18,35,0.514,0.5,7,12,0.583,12,20,32,5,1,6,11,23,43,0,"",0
"412","sacrero01",2013,"Robert Sacre",23,"LAL","C",32,3,203,18,48,0.375,0,0,NA,18,48,0.375,0.375,7,11,0.636,9,25,34,6,0,10,10,38,43,0,"",0
"413","cambyma01",2013,"Marcus Camby",38,"NYK","PF",24,4,250,17,53,0.321,0,0,NA,17,53,0.321,0.321,8,19,0.421,24,56,80,14,7,14,15,28,42,0,"",0
"414","holidju01",2013,"Justin Holiday",23,"PHI","SG",9,0,142,16,48,0.333,4,16,0.25,12,32,0.375,0.375,6,8,0.75,0,14,14,15,3,6,9,7,42,0,"",0
"415","brownkw01",2013,"Kwame Brown",30,"PHI","C",22,11,269,17,37,0.459,0,0,NA,17,37,0.459,0.459,7,19,0.368,23,51,74,9,6,10,8,37,41,0,"",0
"416","collija04",2013,"Jason Collins",34,"2TM","C",38,9,384,9,29,0.31,0,0,NA,9,29,0.31,0.31,23,32,0.719,22,38,60,8,12,10,18,85,41,0,"",0
"417","garredi02",2013,"Diante Garrett",24,"PHO","PG",19,0,149,16,49,0.327,3,15,0.2,13,34,0.382,0.357,5,10,0.5,5,10,15,31,10,0,16,5,40,0,"",0
"418","barroea01",2013,"Earl Barron",31,"2TM","C",12,2,159,18,51,0.353,0,0,NA,18,51,0.353,0.353,3,7,0.429,22,39,61,5,5,6,11,24,39,0,"",0
"419","ortonda01",2013,"Daniel Orton",22,"OKC","C",13,0,104,12,26,0.462,0,0,NA,12,26,0.462,0.462,9,17,0.529,13,13,26,4,4,3,4,13,33,0,"",0
"420","radmavl01",2013,"Vladimir Radmanović",32,"CHI","PF",25,0,144,13,43,0.302,5,27,0.185,8,16,0.5,0.36,2,3,0.667,10,18,28,8,8,4,7,29,33,0,"",0
"421","turkohe01",2013,"Hedo Türkoğlu",33,"ORL","SF",11,1,189,14,53,0.264,1,24,0.042,13,29,0.448,0.274,3,6,0.5,4,22,26,23,7,1,12,11,32,0,"",0
"422","doolike01",2013,"Keyon Dooling",32,"MEM","PG",7,0,82,10,21,0.476,5,12,0.417,5,9,0.556,0.595,6,7,0.857,0,1,1,8,1,0,5,8,31,0,"",0
"423","shengto01",2013,"Tornike Shengelia",21,"BRK","SF",19,0,93,10,23,0.435,1,2,0.5,9,21,0.429,0.457,9,16,0.563,9,14,23,3,3,1,11,11,30,0,"",0
"424","johnsch04",2013,"Chris Johnson",22,"MEM","SF",8,0,102,11,25,0.44,6,18,0.333,5,7,0.714,0.56,1,2,0.5,5,6,11,2,4,0,3,5,29,0,"",0
"425","roybr01",2013,"Brandon Roy",28,"MIN","SG",5,5,122,11,35,0.314,0,9,0,11,26,0.423,0.314,7,10,0.7,3,11,14,23,3,0,7,5,29,0,"",0
"426","whitedj01",2013,"D.J. White",26,"BOS","PF",12,0,86,12,23,0.522,0,0,NA,12,23,0.522,0.522,5,9,0.556,4,9,13,4,1,6,2,5,29,0,"",0
"427","grangda01",2013,"Danny Granger",29,"IND","SF",5,0,74,10,35,0.286,2,10,0.2,8,25,0.32,0.314,5,8,0.625,3,6,9,3,2,1,4,6,27,0,"",0
"428","biedran01",2013,"Andris Biedriņš",26,"GSW","C",53,9,495,10,21,0.476,0,0,NA,10,21,0.476,0.476,4,13,0.308,34,119,153,14,15,42,14,101,24,0,"",0
"429","tylerje01",2013,"Jeremy Tyler",21,"2TM","C",21,0,68,9,24,0.375,0,0,NA,9,24,0.375,0.375,4,6,0.667,6,14,20,1,1,2,6,10,22,0,"",0
"430","howarju01",2013,"Juwan Howard",39,"MIA","PF",7,2,51,10,19,0.526,0,0,NA,10,19,0.526,0.526,1,1,1,0,8,8,6,0,0,4,9,21,0,"",0
"431","selbyjo01",2013,"Josh Selby",21,"MEM","PG",10,0,59,6,22,0.273,1,6,0.167,5,16,0.313,0.295,7,11,0.636,0,5,5,4,2,0,7,7,20,0,"",0
"432","zellelu01",2013,"Luke Zeller",25,"PHO","C",16,0,58,9,26,0.346,1,5,0.2,8,21,0.381,0.365,0,0,NA,1,9,10,3,0,0,0,5,19,0,"",0
"433","douglch01",2013,"Chris Douglas-Roberts",26,"DAL","SG",6,0,63,5,14,0.357,0,4,0,5,10,0.5,0.357,7,10,0.7,0,5,5,4,2,0,1,4,17,0,"",0
"434","cunnija01",2013,"Jared Cunningham",21,"DAL","SG",8,0,26,6,14,0.429,2,3,0.667,4,11,0.364,0.5,2,2,1,1,2,3,1,1,0,2,3,16,0,"",0
"435","diopde01",2013,"DeSagana Diop",31,"CHA","C",22,1,226,8,27,0.296,0,1,0,8,26,0.308,0.296,0,1,0,10,41,51,13,5,16,8,19,16,0,"",0
"436","murphke01",2013,"Kevin Murphy",22,"UTA","SG",17,0,52,7,28,0.25,1,5,0.2,6,23,0.261,0.268,0,0,NA,0,4,4,2,1,0,3,4,15,0,"",0
"437","thomama01",2013,"Malcolm Thomas",24,"2TM","PF",12,0,57,5,10,0.5,0,0,NA,5,10,0.5,0.5,5,8,0.625,5,11,16,4,2,2,3,8,15,0,"",0
"438","harrite01",2013,"Terrel Harris",25,"2TM","SG",20,0,137,4,27,0.148,0,8,0,4,19,0.211,0.148,7,10,0.7,4,22,26,9,2,3,17,17,15,0,"",0
"439","childjo01",2013,"Josh Childress",29,"BRK","SF",14,0,100,6,21,0.286,1,3,0.333,5,18,0.278,0.31,1,2,0.5,6,9,15,5,2,2,0,3,14,0,"",0
"440","higgico01",2013,"Cory Higgins",23,"CHA","SG",6,0,32,6,19,0.316,1,5,0.2,5,14,0.357,0.342,1,2,0.5,1,2,3,5,3,0,0,5,14,0,"",0
"441","rushbr01",2013,"Brandon Rush",27,"GSW","SF",2,0,25,6,9,0.667,0,2,0,6,7,0.857,0.667,2,3,0.667,0,1,1,2,0,0,3,5,14,0,"",0
"442","plumlmi01",2013,"Miles Plumlee",24,"IND","C",14,0,55,5,21,0.238,0,0,NA,5,21,0.238,0.238,3,4,0.75,12,10,22,2,0,3,3,5,13,0,"",0
"443","harrejo01",2013,"Josh Harrellson",23,"MIA","C",6,0,31,4,9,0.444,1,5,0.2,3,4,0.75,0.5,1,2,0.5,3,4,7,0,1,1,3,4,10,0,"",0
"444","haywala01",2013,"Lazar Hayward",26,"MIN","SF",4,0,31,2,10,0.2,0,4,0,2,6,0.333,0.2,6,6,1,0,4,4,3,2,0,0,3,10,0,"",0
"445","quinnch01",2013,"Chris Quinn",29,"CLE","SG",7,0,78,4,16,0.25,0,5,0,4,11,0.364,0.25,2,2,1,1,1,2,9,3,0,6,4,10,0,"",0
"446","curryed01",2013,"Eddy Curry",30,"DAL","C",2,0,25,4,8,0.5,0,0,NA,4,8,0.5,0.5,1,4,0.25,2,2,4,0,0,0,3,7,9,0,"",0
"447","millequ01",2013,"Quincy Miller",20,"DEN","PF",7,0,26,4,12,0.333,0,1,0,4,11,0.364,0.333,1,2,0.5,1,1,2,3,1,0,1,3,9,0,"",0
"448","josepkr01",2013,"Kris Joseph",24,"2TM","SF",10,0,54,2,14,0.143,0,3,0,2,11,0.182,0.143,5,8,0.625,1,6,7,1,3,0,2,3,9,0,"",0
"449","honeyty01",2013,"Tyler Honeycutt",22,"SAC","SF",9,0,32,3,11,0.273,0,2,0,3,9,0.333,0.273,2,2,1,3,7,10,2,0,1,5,2,8,0,"",0
"450","machasc01",2013,"Scott Machado",22,"HOU","PG",6,0,21,3,6,0.5,0,1,0,3,5,0.6,0.5,2,2,1,0,1,1,6,2,0,8,0,8,0,"",0
"451","pittmde01",2013,"Dexter Pittman",24,"2TM","C",11,0,32,4,11,0.364,0,0,NA,4,11,0.364,0.364,0,3,0,7,5,12,0,0,0,3,8,8,0,"",0
"452","varnaja01",2013,"Jarvis Varnado",24,"2TM","PF",13,0,58,3,7,0.429,0,0,NA,3,7,0.429,0.429,2,4,0.5,2,7,9,3,1,2,6,10,8,0,"",0
"453","melofa01",2013,"Fab Melo",22,"BOS","C",6,0,36,3,6,0.5,0,0,NA,3,6,0.5,0.5,1,4,0.25,0,3,3,0,2,2,1,7,7,0,"",0
"454","stoneju01",2013,"Julyan Stone",24,"DEN","PG",4,0,28,2,2,1,0,0,NA,2,2,1,1,3,4,0.75,2,1,3,2,1,0,2,4,7,0,"",0
"455","akognjo01",2013,"Josh Akognon",26,"DAL","PG",3,0,9,2,4,0.5,1,2,0.5,1,2,0.5,0.625,0,0,NA,0,1,1,1,0,0,0,3,5,0,"",0
"456","richaqu01",2013,"Quentin Richardson",32,"NYK","SF",1,0,29,1,11,0.091,1,4,0.25,0,7,0,0.136,2,2,1,5,5,10,1,0,0,2,1,5,0,"",0
"457","simshe01",2013,"Henry Sims",22,"NOH","C",2,0,5,2,3,0.667,0,0,NA,2,3,0.667,0.667,0,0,NA,2,0,2,0,0,0,1,1,4,0,"",0
"458","ohlbrti01",2013,"Tim Ohlbrecht",24,"HOU","C",3,0,12,1,3,0.333,0,0,NA,1,3,0.333,0.333,1,1,1,0,1,1,1,1,0,4,1,3,0,"",0
"459","przybjo01",2013,"Joel Przybilla",33,"MIL","C",12,1,68,1,4,0.25,0,0,NA,1,4,0.25,0.25,0,2,0,5,16,21,4,1,2,4,10,2,0,"",0
"460","summeda01",2013,"DaJuan Summers",25,"LAC","PF",2,0,7,1,4,0.25,0,0,NA,1,4,0.25,0.25,0,0,NA,0,2,2,1,0,0,0,0,2,0,"",0
"461","wrighch02",2013,"Chris Wright",23,"DAL","SG",3,0,4,1,2,0.5,0,0,NA,1,2,0.5,0.5,0,0,NA,0,0,0,0,0,0,1,0,2,0,"",0
"462","conrowi01",2013,"Will Conroy",30,"MIN","PG",4,0,20,0,9,0,0,3,0,0,6,0,0,1,2,0.5,1,0,1,0,0,0,0,1,1,0,"",0
"463","carroma01",2013,"Matt Carroll",32,"CHA","SG",1,0,6,0,0,NA,0,0,NA,0,0,NA,NA,0,0,NA,0,0,0,1,0,0,0,1,0,0,"",0
"464","dentmju01",2013,"Justin Dentmon",27,"DAL","PG",2,0,4,0,2,0,0,0,NA,0,2,0,0,0,0,NA,0,0,0,0,0,0,0,0,0,0,"",0
"465","goudean01",2013,"Andrew Goudelock",24,"LAL","SG",1,0,6,0,2,0,0,0,NA,0,2,0,0,0,0,NA,1,0,1,0,0,0,0,0,0,0,"",0
"466","jamesda01",2013,"Damion James",25,"BRK","SF",2,0,0,0,0,NA,0,0,NA,0,0,NA,NA,0,0,NA,0,1,1,0,0,0,0,0,0,0,"",0
"467","johnsda03",2013,"Darius Johnson-Odom",23,"LAL","SG",4,0,6,0,4,0,0,1,0,0,3,0,0,0,0,NA,1,3,4,1,0,0,0,0,0,0,"",0
"468","jonesso01",2013,"Solomon Jones",28,"NYK","PF",2,1,26,0,1,0,0,0,NA,0,1,0,0,0,0,NA,1,2,3,0,0,1,3,3,0,0,"",0
"469","milicda01",2013,"Darko Miličić",27,"BOS","C",1,0,5,0,1,0,0,0,NA,0,1,0,0,0,0,NA,0,1,1,0,0,0,2,1,0,0,"",0
"470","jamesle01",2013,"LeBron James",28,"MIA","PF",23,23,960,212,432,0.491,36,96,0.375,176,336,0.524,0.532,136,175,0.777,37,156,193,152,41,18,70,43,596,3,"Finals MVP-1",1
"471","parketo01",2013,"Tony Parker",30,"SAS","PG",21,21,765,167,365,0.458,11,31,0.355,156,334,0.467,0.473,87,112,0.777,14,54,68,146,24,3,53,26,432,0,"",1
"472","duncati01",2013,"Tim Duncan",36,"SAS","C",21,21,735,151,321,0.47,0,1,0,151,320,0.472,0.47,79,98,0.806,54,160,214,40,18,34,42,53,381,0,"",1
"473","georgpa01",2013,"Paul George",22,"IND","SF",19,19,780,119,277,0.43,34,104,0.327,85,173,0.491,0.491,93,128,0.727,16,125,141,96,25,9,75,72,365,1,"",1
"474","wadedw01",2013,"Dwyane Wade",31,"MIA","SG",22,22,782,144,315,0.457,1,4,0.25,143,311,0.46,0.459,60,80,0.75,38,64,102,105,38,23,58,45,349,0,"",1
"475","anthoca01",2013,"Carmelo Anthony",28,"NYK","PF",12,12,481,126,310,0.406,17,57,0.298,109,253,0.431,0.434,77,87,0.885,11,68,79,19,13,2,31,46,346,0,"",1
"476","duranke01",2013,"Kevin Durant",24,"OKC","SF",11,11,485,112,246,0.455,22,70,0.314,90,176,0.511,0.5,93,112,0.83,7,92,99,69,14,12,43,26,339,0,"",1
"477","hibbero01",2013,"Roy Hibbert",26,"IND","C",19,19,694,120,235,0.511,0,0,NA,120,235,0.511,0.511,83,103,0.806,90,98,188,26,3,37,43,74,323,0,"",1
"478","westda01",2013,"David West",32,"IND","PF",19,19,689,115,249,0.462,0,3,0,115,246,0.467,0.462,72,94,0.766,41,103,144,39,13,15,45,54,302,0,"",1
"479","leonaka01",2013,"Kawhi Leonard",21,"SAS","SF",21,21,775,115,211,0.545,23,59,0.39,92,152,0.605,0.6,31,49,0.633,50,140,190,22,37,11,23,40,284,0,"",1
"480","curryst01",2013,"Stephen Curry",24,"GSW","PG",12,12,497,102,235,0.434,42,106,0.396,60,129,0.465,0.523,35,38,0.921,5,41,46,97,20,2,40,35,281,0,"",1
"481","boshch01",2013,"Chris Bosh",28,"MIA","C",23,23,751,110,240,0.458,15,37,0.405,95,203,0.468,0.49,44,60,0.733,38,129,167,34,23,36,27,67,279,0,"",1
"482","hillge01",2013,"George Hill",26,"IND","PG",18,18,685,83,207,0.401,34,95,0.358,49,112,0.438,0.483,63,76,0.829,5,62,67,77,22,4,40,41,263,0,"",1
"483","randoza01",2013,"Zach Randolph",31,"MEM","PF",15,15,554,99,215,0.46,0,1,0,99,214,0.463,0.46,63,94,0.67,59,91,150,24,10,7,31,52,261,0,"",1
"484","gasolma01",2013,"Marc Gasol",28,"MEM","C",15,15,609,93,205,0.454,0,0,NA,93,205,0.454,0.454,72,90,0.8,25,102,127,48,13,33,18,53,258,0,"",1
"485","conlemi01",2013,"Mike Conley",25,"MEM","PG",15,15,575,83,216,0.384,18,64,0.281,65,152,0.428,0.426,71,93,0.763,12,59,71,107,26,5,34,34,255,0,"",1
"486","ginobma01",2013,"Manu Ginóbili",35,"SAS","SG",21,3,560,77,193,0.399,29,96,0.302,48,97,0.495,0.474,59,80,0.738,9,69,78,105,24,6,55,52,242,0,"",1
"487","allenra02",2013,"Ray Allen",37,"MIA","SG",23,0,573,74,172,0.43,39,96,0.406,35,76,0.461,0.544,47,54,0.87,13,51,64,29,12,3,27,42,234,0,"",1
"488","greenda02",2013,"Danny Green",25,"SAS","SG",21,21,669,83,186,0.446,55,114,0.482,28,72,0.389,0.594,12,15,0.8,18,69,87,32,22,23,19,51,233,0,"",1
"489","chalmma01",2013,"Mario Chalmers",26,"MIA","PG",23,23,650,76,183,0.415,24,68,0.353,52,115,0.452,0.481,40,53,0.755,10,43,53,71,21,1,38,70,216,0,"",1
"490","jackja01",2013,"Jarrett Jack",29,"GSW","SG",12,4,426,78,154,0.506,7,24,0.292,71,130,0.546,0.529,43,48,0.896,7,46,53,56,11,4,38,26,206,0,"",1
"491","boozeca01",2013,"Carlos Boozer",31,"CHI","PF",12,12,431,83,168,0.494,0,1,0,83,167,0.497,0.494,31,45,0.689,35,80,115,18,10,1,29,36,197,0,"",1
"492","robinna01",2013,"Nate Robinson",28,"CHI","PG",12,8,404,71,163,0.436,22,65,0.338,49,98,0.5,0.503,31,41,0.756,6,26,32,53,12,2,32,38,195,0,"",1
"493","barneha02",2013,"Harrison Barnes",20,"GSW","SF",12,12,461,72,162,0.444,19,52,0.365,53,110,0.482,0.503,30,35,0.857,18,59,77,15,7,5,16,33,193,0,"",1
"494","thompkl01",2013,"Klay Thompson",22,"GSW","SG",12,12,495,76,174,0.437,25,59,0.424,51,115,0.443,0.509,5,6,0.833,9,46,55,22,12,7,24,44,182,0,"",1
"495","stephla01",2013,"Lance Stephenson",22,"IND","SG",19,19,673,69,169,0.408,18,64,0.281,51,105,0.486,0.462,23,37,0.622,14,130,144,63,23,2,36,47,179,0,"",1
"496","feltora01",2013,"Raymond Felton",28,"NYK","PG",12,12,454,72,162,0.444,9,28,0.321,63,134,0.47,0.472,16,24,0.667,17,24,41,56,20,5,20,26,169,0,"",1
"497","butleji01",2013,"Jimmy Butler",23,"CHI","SF",12,12,490,50,115,0.435,15,37,0.405,35,78,0.449,0.5,45,55,0.818,9,53,62,32,15,6,16,26,160,0,"",1
"498","hardeja01",2013,"James Harden",23,"HOU","SG",6,6,243,45,115,0.391,15,44,0.341,30,71,0.423,0.457,53,66,0.803,5,35,40,27,12,6,27,18,158,0,"",1
"499","smithjr01",2013,"J.R. Smith",27,"NYK","SG",11,0,351,54,163,0.331,18,66,0.273,36,97,0.371,0.387,31,43,0.721,6,46,52,15,11,5,20,27,157,0,"",1
"500","lopezbr01",2013,"Brook Lopez",24,"BRK","C",7,7,263,58,123,0.472,1,1,1,57,122,0.467,0.476,39,44,0.886,29,23,52,10,6,21,16,20,156,0,"",1
"501","allento01",2013,"Tony Allen",31,"MEM","SG",15,15,422,54,125,0.432,2,8,0.25,52,117,0.444,0.44,44,58,0.759,37,54,91,27,30,5,19,48,154,0,"",1
"502","martike02",2013,"Kevin Martin",29,"OKC","SG",11,0,323,49,129,0.38,17,46,0.37,32,83,0.386,0.446,39,43,0.907,2,32,34,14,7,3,11,18,154,0,"",1
"503","jacksre01",2013,"Reggie Jackson",22,"OKC","PG",11,9,368,57,119,0.479,13,43,0.302,44,76,0.579,0.534,26,29,0.897,4,50,54,40,5,6,21,34,153,0,"",1
"504","willide01",2013,"Deron Williams",28,"BRK","PG",7,7,292,45,106,0.425,17,43,0.395,28,63,0.444,0.505,37,45,0.822,1,21,22,59,7,4,21,17,144,0,"",1
"505","nealga01",2013,"Gary Neal",28,"SAS","SG",21,0,390,52,135,0.385,23,66,0.348,29,69,0.42,0.47,16,16,1,1,44,45,15,3,1,13,33,143,0,"",1
"506","landrca01",2013,"Carl Landry",29,"GSW","PF",12,3,246,52,100,0.52,0,0,NA,52,100,0.52,0.52,38,52,0.731,22,40,62,17,7,2,19,29,142,0,"",1
"507","ibakase01",2013,"Serge Ibaka",23,"OKC","PF",11,11,366,59,135,0.437,4,9,0.444,55,126,0.437,0.452,19,24,0.792,39,53,92,8,0,33,7,38,141,0,"",1
"508","bayleje01",2013,"Jerryd Bayless",24,"MEM","PG",15,0,320,49,137,0.358,18,59,0.305,31,78,0.397,0.423,23,26,0.885,1,29,30,32,7,5,16,35,139,0,"",1
"509","paulch01",2013,"Chris Paul",27,"LAC","PG",6,6,224,49,92,0.533,6,19,0.316,43,73,0.589,0.565,33,37,0.892,3,21,24,38,11,0,9,17,137,0,"",1
"510","belinma01",2013,"Marco Belinelli",26,"CHI","SG",12,7,325,44,107,0.411,16,47,0.34,28,60,0.467,0.486,29,33,0.879,0,35,35,31,5,0,15,26,133,0,"",1
"511","pondequ01",2013,"Quincy Pondexter",24,"MEM","SF",15,0,357,46,94,0.489,24,53,0.453,22,41,0.537,0.617,17,28,0.607,9,29,38,11,11,2,9,31,133,0,"",1
"512","coleno01",2013,"Norris Cole",24,"MIA","PG",21,0,418,49,102,0.48,17,32,0.531,32,70,0.457,0.564,14,19,0.737,6,33,39,42,15,2,23,40,129,0,"",1
"513","noahjo01",2013,"Joakim Noah",27,"CHI","C",12,12,409,52,119,0.437,0,0,NA,52,119,0.437,0.437,25,39,0.641,52,63,115,28,10,26,24,43,129,0,"",1
"514","anderch01",2013,"Chris Andersen",34,"MIA","C",20,0,303,46,57,0.807,0,0,NA,46,57,0.807,0.807,36,49,0.735,32,44,76,3,9,22,11,53,128,0,"",1
"515","lawsoty01",2013,"Ty Lawson",25,"DEN","PG",6,6,236,48,109,0.44,4,21,0.19,44,88,0.5,0.459,28,33,0.848,5,15,20,48,10,0,13,13,128,0,"",1
"516","greenje02",2013,"Jeff Green",26,"BOS","PF",6,6,258,37,85,0.435,10,22,0.455,27,63,0.429,0.494,38,45,0.844,6,26,32,14,2,4,19,22,122,0,"",1
"517","splitti01",2013,"Tiago Splitter",28,"SAS","PF",19,15,388,45,84,0.536,0,1,0,45,83,0.542,0.536,26,33,0.788,21,37,58,23,15,14,24,46,116,0,"",1
"518","piercpa01",2013,"Paul Pierce",35,"BOS","SF",6,6,255,39,106,0.368,11,41,0.268,28,65,0.431,0.42,26,29,0.897,4,30,34,32,5,3,32,21,115,0,"",1
"519","shumpim01",2013,"Iman Shumpert",22,"NYK","SG",12,12,337,41,100,0.41,18,42,0.429,23,58,0.397,0.5,12,14,0.857,18,54,72,16,13,3,14,36,112,0,"",1
"520","hasleud01",2013,"Udonis Haslem",32,"MIA","PF",22,19,357,51,86,0.593,0,0,NA,51,86,0.593,0.593,8,14,0.571,26,54,80,6,15,5,14,54,110,0,"",1
"521","parsoch01",2013,"Chandler Parsons",24,"HOU","SF",6,6,238,42,93,0.452,16,40,0.4,26,53,0.491,0.538,9,14,0.643,7,32,39,22,1,2,18,19,109,0,"",1
"522","iguodan01",2013,"Andre Iguodala",29,"DEN","SG",6,6,243,38,76,0.5,14,29,0.483,24,47,0.511,0.592,18,25,0.72,9,39,48,32,12,2,17,9,108,0,"",1
"523","princta01",2013,"Tayshaun Prince",32,"MEM","SF",15,15,454,43,121,0.355,5,19,0.263,38,102,0.373,0.376,14,23,0.609,12,45,57,29,7,5,10,18,105,0,"",1
"524","johnsjo02",2013,"Joe Johnson",31,"BRK","SG",7,7,271,43,103,0.417,10,39,0.256,33,64,0.516,0.466,8,9,0.889,4,18,22,19,8,0,12,13,104,0,"",1
"525","battish01",2013,"Shane Battier",34,"MIA","SF",22,0,392,27,93,0.29,26,88,0.295,1,5,0.2,0.43,23,28,0.821,9,29,38,12,5,6,5,49,103,0,"",1
"526","smithjo03",2013,"Josh Smith",27,"ATL","PF",6,6,199,39,90,0.433,5,20,0.25,34,70,0.486,0.461,19,36,0.528,10,35,45,21,11,3,16,21,102,0,"",1
"527","horfoal01",2013,"Al Horford",26,"ATL","C",6,6,218,41,83,0.494,0,0,NA,41,83,0.494,0.494,18,27,0.667,12,41,53,18,6,5,9,17,100,0,"",1
"528","augusdj01",2013,"D.J. Augustin",25,"IND","PG",19,1,316,27,71,0.38,19,48,0.396,8,23,0.348,0.514,25,31,0.806,2,13,15,13,7,0,10,26,98,0,"",1
"529","fishede01",2013,"Derek Fisher",38,"OKC","SG",11,0,261,32,70,0.457,24,51,0.471,8,19,0.421,0.629,8,12,0.667,1,16,17,8,7,1,8,33,96,0,"",1
"530","bogutan01",2013,"Andrew Bogut",28,"GSW","C",12,12,327,39,67,0.582,0,0,NA,39,67,0.582,0.582,8,23,0.348,39,92,131,22,6,18,22,39,86,0,"",1
"531","millean02",2013,"Andre Miller",36,"DEN","PG",6,0,154,29,69,0.42,5,11,0.455,24,58,0.414,0.457,21,27,0.778,11,9,20,23,2,0,16,8,84,0,"",1
"532","wallage01",2013,"Gerald Wallace",30,"BRK","SF",7,7,243,31,67,0.463,11,29,0.379,20,38,0.526,0.545,11,20,0.55,5,23,28,17,8,5,9,20,84,0,"",1
"533","bonnema01",2013,"Matt Bonner",32,"SAS","PF",20,1,267,28,59,0.475,15,32,0.469,13,27,0.481,0.602,10,12,0.833,9,30,39,6,5,5,2,35,81,0,"",1
"534","teaguje01",2013,"Jeff Teague",24,"ATL","PG",6,6,213,27,81,0.333,3,10,0.3,24,71,0.338,0.352,23,28,0.821,3,14,17,30,9,2,14,17,80,0,"",1
"535","griffbl01",2013,"Blake Griffin",23,"LAC","PF",6,5,158,29,64,0.453,0,0,NA,29,64,0.453,0.453,21,26,0.808,8,25,33,15,0,5,13,24,79,0,"",1
"536","gibsota01",2013,"Taj Gibson",27,"CHI","PF",12,0,206,31,66,0.47,0,2,0,31,64,0.484,0.47,16,22,0.727,15,21,36,4,4,6,9,37,78,0,"",1
"537","hansbty01",2013,"Tyler Hansbrough",27,"IND","PF",19,0,241,26,62,0.419,0,0,NA,26,62,0.419,0.419,26,44,0.591,36,25,61,5,6,0,15,41,78,0,"",1
"538","garneke01",2013,"Kevin Garnett",36,"BOS","C",6,6,212,30,60,0.5,0,2,0,30,58,0.517,0.5,16,17,0.941,9,73,82,21,5,6,19,23,76,0,"",1
"539","asikom01",2013,"Ömer Aşık",26,"HOU","C",6,6,208,22,39,0.564,0,0,NA,22,39,0.564,0.564,30,47,0.638,21,46,67,3,3,10,12,22,74,0,"",1
"540","blatcan01",2013,"Andray Blatche",26,"BRK","C",7,0,138,29,58,0.5,0,0,NA,29,58,0.5,0.5,14,17,0.824,10,24,34,9,2,3,5,14,72,0,"",1
"541","chandwi01",2013,"Wilson Chandler",25,"DEN","PF",6,6,205,27,76,0.355,9,29,0.31,18,47,0.383,0.414,9,12,0.75,5,28,33,8,8,3,7,25,72,0,"",1
"542","terryja01",2013,"Jason Terry",35,"BOS","SG",6,1,189,24,54,0.444,15,34,0.441,9,20,0.45,0.583,9,11,0.818,0,13,13,12,4,2,5,9,72,0,"",1
"543","barnema02",2013,"Matt Barnes",32,"LAC","SF",6,0,162,24,44,0.545,7,17,0.412,17,27,0.63,0.625,16,19,0.842,7,23,30,3,4,2,5,23,71,0,"",1
"544","beverpa01",2013,"Patrick Beverley",24,"HOU","PG",6,5,200,28,65,0.431,8,24,0.333,20,41,0.488,0.492,7,7,1,11,22,33,17,7,4,6,24,71,0,"",1
"545","greendr01",2013,"Draymond Green",22,"GSW","SF",12,1,223,24,56,0.429,9,23,0.391,15,33,0.455,0.509,13,17,0.765,14,37,51,19,6,10,12,35,70,0,"",1
"546","denglu01",2013,"Luol Deng",27,"CHI","SF",5,5,224,32,84,0.381,1,18,0.056,31,66,0.47,0.387,4,10,0.4,5,33,38,19,5,3,12,12,69,0,"",1
"547","martike01",2013,"Kenyon Martin",35,"NYK","C",12,1,253,29,50,0.58,0,0,NA,29,50,0.58,0.58,11,20,0.55,16,38,54,11,9,17,8,42,69,0,"",1
"548","chandty01",2013,"Tyson Chandler",30,"NYK","C",12,12,350,28,52,0.538,0,0,NA,28,52,0.538,0.538,12,16,0.75,40,48,88,4,8,14,11,48,68,0,"",1
"549","harride01",2013,"Devin Harris",29,"ATL","SG",6,6,225,23,63,0.365,5,25,0.2,18,38,0.474,0.405,17,25,0.68,2,15,17,22,10,1,12,18,68,0,"",1
"550","howardw01",2013,"Dwight Howard",27,"LAL","C",4,4,126,26,42,0.619,0,0,NA,26,42,0.619,0.619,16,36,0.444,10,33,43,4,2,8,16,17,68,0,"",1
"551","breweco01",2013,"Corey Brewer",26,"DEN","SF",6,0,146,21,68,0.309,9,36,0.25,12,32,0.375,0.375,14,21,0.667,3,8,11,7,6,1,7,19,65,0,"",1
"552","crawfja01",2013,"Jamal Crawford",32,"LAC","SG",6,0,161,24,62,0.387,6,22,0.273,18,40,0.45,0.435,11,11,1,2,10,12,10,3,1,4,9,65,0,"",1
"553","diawbo01",2013,"Boris Diaw",30,"SAS","PF",16,1,273,24,54,0.444,5,13,0.385,19,41,0.463,0.491,12,14,0.857,8,32,40,28,4,3,13,28,65,0,"",1
"554","garcifr01",2013,"Francisco García",31,"HOU","SF",6,3,164,22,50,0.44,17,37,0.459,5,13,0.385,0.61,3,5,0.6,3,17,20,9,4,5,4,21,64,0,"",1
"555","sefolth01",2013,"Thabo Sefolosha",28,"OKC","SG",11,11,300,21,61,0.344,12,38,0.316,9,23,0.391,0.443,9,11,0.818,13,36,49,23,12,5,8,26,63,0,"",1
"556","korveky01",2013,"Kyle Korver",31,"ATL","SF",6,2,177,19,49,0.388,12,34,0.353,7,15,0.467,0.51,11,12,0.917,0,20,20,4,2,4,6,14,61,0,"",1
"557","watsocj01",2013,"C.J. Watson",28,"BRK","PG",7,0,161,24,55,0.436,4,15,0.267,20,40,0.5,0.473,8,12,0.667,5,12,17,13,5,1,1,11,60,0,"",1
"558","josepco01",2013,"Cory Joseph",21,"SAS","PG",20,0,192,26,56,0.464,2,11,0.182,24,45,0.533,0.482,5,11,0.455,8,23,31,24,6,2,10,15,59,0,"",1
"559","arthuda01",2013,"Darrell Arthur",24,"MEM","PF",15,0,175,25,53,0.472,0,2,0,25,51,0.49,0.472,8,9,0.889,14,24,38,6,2,4,7,36,58,0,"",1
"560","millemi01",2013,"Mike Miller",32,"MIA","SF",17,5,232,21,45,0.467,16,36,0.444,5,9,0.556,0.644,0,0,NA,3,30,33,15,8,2,5,26,58,0,"",1
"561","ellismo01",2013,"Monta Ellis",27,"MIL","SG",4,4,152,24,55,0.436,3,19,0.158,21,36,0.583,0.464,6,16,0.375,2,11,13,22,10,1,14,8,57,0,"",1
"562","gasolpa01",2013,"Pau Gasol",32,"LAL","PF",4,4,146,25,52,0.481,0,0,NA,25,52,0.481,0.481,6,11,0.545,7,39,46,26,2,3,13,4,56,1,"",1
"563","collini01",2013,"Nick Collison",32,"OKC","C",11,0,178,22,47,0.468,0,0,NA,22,47,0.468,0.468,11,12,0.917,25,26,51,12,5,11,10,37,55,0,"",1
"564","greenge01",2013,"Gerald Green",27,"IND","SF",9,0,105,21,50,0.42,11,33,0.333,10,17,0.588,0.53,2,2,1,2,10,12,3,0,1,6,10,55,0,"",1
"565","jennibr01",2013,"Brandon Jennings",23,"MIL","PG",4,4,133,17,57,0.298,6,28,0.214,11,29,0.379,0.351,13,18,0.722,1,8,9,16,9,1,11,6,53,0,"",1
"566","butleca01",2013,"Caron Butler",32,"LAC","SF",6,6,136,22,46,0.478,4,16,0.25,18,30,0.6,0.522,3,3,1,1,15,16,0,2,2,6,11,51,0,"",1
"567","farieke01",2013,"Kenneth Faried",23,"DEN","PF",5,4,145,20,32,0.625,0,0,NA,20,32,0.625,0.625,11,15,0.733,12,30,42,1,5,1,5,22,51,0,"",1
"568","dunlemi02",2013,"Mike Dunleavy",32,"MIL","SF",4,0,91,17,30,0.567,7,16,0.438,10,14,0.714,0.683,8,9,0.889,3,13,16,8,2,0,3,5,49,0,"",1
"569","prigipa01",2013,"Pablo Prigioni",35,"NYK","PG",11,10,230,17,43,0.395,13,30,0.433,4,13,0.308,0.547,2,4,0.5,2,15,17,35,14,1,6,21,49,0,"",1
"570","westbru01",2013,"Russell Westbrook",24,"OKC","PG",2,2,68,17,41,0.415,2,9,0.222,15,32,0.469,0.439,12,14,0.857,1,12,13,14,6,0,8,5,48,0,"",1
"571","blairde01",2013,"DeJuan Blair",23,"SAS","PF",12,0,76,21,34,0.618,0,0,NA,21,34,0.618,0.618,5,9,0.556,6,18,24,7,5,1,1,14,47,0,"",1
"572","ilyaser01",2013,"Ersan İlyasova",25,"MIL","PF",4,4,117,20,46,0.435,4,10,0.4,16,36,0.444,0.478,2,2,1,10,19,29,7,5,1,6,8,46,0,"",1
"573","mohamna01",2013,"Nazr Mohammed",35,"CHI","C",12,0,114,21,41,0.512,0,0,NA,21,41,0.512,0.512,4,7,0.571,14,18,32,4,2,7,3,15,46,0,"",1
"574","delfica01",2013,"Carlos Delfino",30,"HOU","SF",5,0,120,15,40,0.375,11,31,0.355,4,9,0.444,0.513,4,4,1,1,11,12,10,3,1,5,10,45,0,"",1
"575","hinriki01",2013,"Kirk Hinrich",32,"CHI","PG",4,4,162,16,37,0.432,4,11,0.364,12,26,0.462,0.486,9,14,0.643,1,10,11,23,8,1,8,14,45,0,"",1
"576","mcgeeja01",2013,"JaVale McGee",25,"DEN","C",6,2,112,18,31,0.581,0,0,NA,18,31,0.581,0.581,7,18,0.389,17,14,31,0,4,6,11,17,43,0,"",1
"577","sandela01",2013,"Larry Sanders",24,"MIL","C",4,4,113,19,33,0.576,0,0,NA,19,33,0.576,0.576,5,11,0.455,11,22,33,5,3,5,12,18,43,0,"",1
"578","morrida01",2013,"Darius Morris",22,"LAL","PG",4,2,105,16,35,0.457,3,9,0.333,13,26,0.5,0.5,7,9,0.778,1,4,5,12,2,0,6,6,42,0,"",1
"579","bassbr01",2013,"Brandon Bass",27,"BOS","PF",6,5,204,14,29,0.483,0,0,NA,14,29,0.483,0.483,12,15,0.8,8,32,40,7,2,1,5,17,40,0,"",1
"580","bradlav01",2013,"Avery Bradley",22,"BOS","PG",6,6,191,17,42,0.405,2,8,0.25,15,34,0.441,0.429,4,4,1,3,10,13,8,11,1,11,11,40,0,"",1
"581","bledser01",2013,"Eric Bledsoe",23,"LAC","PG",6,0,97,15,30,0.5,1,9,0.111,14,21,0.667,0.517,8,12,0.667,2,13,15,18,2,3,5,10,39,0,"",1
"582","billuch01",2013,"Chauncey Billups",36,"LAC","SG",6,6,115,11,36,0.306,6,17,0.353,5,19,0.263,0.389,9,11,0.818,2,10,12,6,1,1,8,10,37,0,"",1
"583","copelch01",2013,"Chris Copeland",28,"NYK","PF",9,1,93,12,30,0.4,11,23,0.478,1,7,0.143,0.583,2,2,1,2,7,9,1,5,0,4,9,37,0,"",1
"584","goudean01",2013,"Andrew Goudelock",24,"LAL","SG",3,2,80,16,36,0.444,2,10,0.2,14,26,0.538,0.472,2,2,1,1,4,5,3,5,0,4,7,36,0,"",1
"585","johnsiv01",2013,"Ivan Johnson",28,"ATL","PF",6,0,108,12,26,0.462,0,0,NA,12,26,0.462,0.462,12,18,0.667,9,11,20,3,4,3,6,23,36,0,"",1
"586","mbahalu01",2013,"Luc Mbah a Moute",26,"MIL","SF",4,4,136,10,23,0.435,0,4,0,10,19,0.526,0.435,13,18,0.722,4,10,14,7,4,0,5,9,33,0,"",1
"587","evansre01",2013,"Reggie Evans",32,"BRK","PF",7,7,209,11,23,0.478,0,0,NA,11,23,0.478,0.478,10,18,0.556,16,70,86,6,7,2,6,21,32,0,"",1
"588","humphkr01",2013,"Kris Humphries",27,"BRK","PF",7,0,83,14,31,0.452,0,0,NA,14,31,0.452,0.452,3,7,0.429,10,13,23,1,1,3,2,15,31,0,"",1
"589","brookaa01",2013,"Aaron Brooks",28,"HOU","PG",6,0,67,13,34,0.382,1,9,0.111,12,25,0.48,0.397,3,5,0.6,3,6,9,11,1,1,6,3,30,0,"",1
"590","leeda02",2013,"David Lee",29,"GSW","PF",6,1,65,13,33,0.394,0,0,NA,13,33,0.394,0.394,4,6,0.667,6,22,28,5,3,1,5,5,30,0,"",1
"591","odomla01",2013,"Lamar Odom",33,"LAC","PF",6,1,107,11,30,0.367,5,14,0.357,6,16,0.375,0.45,3,6,0.5,4,19,23,11,5,5,10,16,30,0,"",1
"592","jamisan01",2013,"Antawn Jamison",36,"LAL","PF",4,0,79,10,23,0.435,5,12,0.417,5,11,0.455,0.543,4,6,0.667,1,6,7,1,1,2,3,9,29,0,"",1
"593","mahinia01",2013,"Ian Mahinmi",26,"IND","C",18,0,150,13,29,0.448,0,0,NA,13,29,0.448,0.448,3,10,0.3,20,22,42,1,0,13,12,28,29,0,"",1
"594","petrojo01",2013,"Johan Petro",27,"ATL","C",6,4,101,14,27,0.519,0,0,NA,14,27,0.519,0.519,1,2,0.5,4,18,22,4,1,4,3,18,29,0,"",1
"595","redicjj01",2013,"JJ Redick",28,"MIL","SG",4,0,69,11,25,0.44,4,12,0.333,7,13,0.538,0.52,3,3,1,0,3,3,5,1,0,6,9,29,0,"",1
"596","blakest01",2013,"Steve Blake",32,"LAL","PG",2,2,75,11,28,0.393,5,12,0.417,6,16,0.375,0.482,1,1,1,0,8,8,5,4,3,4,8,28,0,"",1
"597","doolike01",2013,"Keyon Dooling",32,"MEM","PG",14,0,114,8,24,0.333,5,13,0.385,3,11,0.273,0.438,6,6,1,0,5,5,4,1,0,3,14,27,0,"",1
"598","hamilri01",2013,"Richard Hamilton",34,"CHI","SG",4,0,68,10,27,0.37,3,7,0.429,7,20,0.35,0.426,3,4,0.75,0,3,3,5,1,2,5,5,26,0,"",1
"599","randoan01",2013,"Anthony Randolph",23,"DEN","PF",5,0,30,9,11,0.818,0,0,NA,9,11,0.818,0.818,8,11,0.727,0,6,6,0,2,0,2,4,26,0,"",1
"600","youngsa01",2013,"Sam Young",27,"IND","SG",15,0,130,9,24,0.375,2,10,0.2,7,14,0.5,0.417,6,8,0.75,11,18,29,4,4,1,7,17,26,0,"",1
"601","nashst01",2013,"Steve Nash",38,"LAL","PG",2,2,61,10,23,0.435,0,3,0,10,20,0.5,0.435,5,5,1,2,3,5,9,0,0,3,2,25,0,"",1
"602","ezelife01",2013,"Festus Ezeli",23,"GSW","C",12,3,134,6,13,0.462,0,0,NA,6,13,0.462,0.462,12,21,0.571,13,17,30,2,3,7,12,24,24,0,"",1
"603","perkike01",2013,"Kendrick Perkins",28,"OKC","C",11,11,210,10,38,0.263,0,1,0,10,37,0.27,0.263,4,4,1,15,26,41,7,8,5,23,39,24,0,"",1
"604","tollian01",2013,"Anthony Tolliver",27,"ATL","SF",6,0,68,8,14,0.571,7,11,0.636,1,3,0.333,0.821,1,3,0.333,3,6,9,1,1,1,1,7,24,0,"",1
"605","jordade01",2013,"DeAndre Jordan",24,"LAC","C",6,6,144,10,22,0.455,0,0,NA,10,22,0.455,0.455,2,9,0.222,15,23,38,1,1,10,9,18,22,0,"",1
"606","koufoko01",2013,"Kosta Koufos",23,"DEN","C",6,2,100,7,19,0.368,1,1,1,6,18,0.333,0.395,5,6,0.833,9,12,21,3,3,4,2,13,20,0,"",1
"607","fournev01",2013,"Evan Fournier",20,"DEN","SG",4,4,53,6,17,0.353,0,8,0,6,9,0.667,0.353,7,8,0.875,0,0,0,4,2,0,6,6,19,0,"",1
"608","crawfjo02",2013,"Jordan Crawford",24,"BOS","SG",5,0,59,7,23,0.304,3,12,0.25,4,11,0.364,0.37,1,2,0.5,0,3,3,0,2,0,3,3,18,0,"",1
"609","novakst01",2013,"Steve Novak",29,"NYK","SF",9,0,50,7,13,0.538,4,9,0.444,3,4,0.75,0.692,0,0,NA,2,2,4,0,1,0,0,5,18,0,"",1
"610","smithgr02",2013,"Greg Smith",22,"HOU","C",5,1,59,6,9,0.667,0,0,NA,6,9,0.667,0.667,6,12,0.5,7,6,13,0,2,2,4,9,18,0,"",1
"611","artesro01",2013,"Metta World Peace",33,"LAL","SF",3,3,84,7,28,0.25,2,14,0.143,5,14,0.357,0.286,2,2,1,6,5,11,5,2,1,3,5,18,0,"",1
"612","lewisra02",2013,"Rashard Lewis",33,"MIA","PF",11,0,47,8,20,0.4,0,4,0,8,16,0.5,0.4,1,2,0.5,1,6,7,4,2,2,6,5,17,0,"",1
"613","pendeje02",2013,"Jeff Ayres",25,"IND","PF",9,0,71,8,24,0.333,0,1,0,8,23,0.348,0.333,0,0,NA,4,14,18,1,0,2,3,14,16,0,"",1
"614","linje01",2013,"Jeremy Lin",24,"HOU","PG",4,3,84,6,24,0.25,2,12,0.167,4,12,0.333,0.292,2,2,1,0,8,8,8,2,1,8,9,16,0,"",1
"615","turiaro01",2013,"Ronny Turiaf",30,"LAC","C",5,0,59,7,10,0.7,0,0,NA,7,10,0.7,0.7,2,4,0.5,4,4,8,0,1,3,2,14,16,0,"",1
"616","stoudam01",2013,"Amar'e Stoudemire",30,"NYK","PF",4,0,33,5,13,0.385,1,1,1,4,12,0.333,0.423,4,4,1,4,5,9,0,0,0,3,9,15,0,"",1
"617","clarkea01",2013,"Earl Clark",25,"LAL","PF",4,1,82,7,19,0.368,0,4,0,7,15,0.467,0.368,0,0,NA,2,10,12,1,1,1,6,4,14,0,"",1
"618","davised01",2013,"Ed Davis",23,"MEM","PF",8,0,48,5,12,0.417,0,0,NA,5,12,0.417,0.417,3,4,0.75,4,7,11,0,0,1,2,7,13,0,"",1
"619","jefferi01",2013,"Richard Jefferson",32,"GSW","SF",7,0,39,4,9,0.444,2,3,0.667,2,6,0.333,0.556,3,9,0.333,2,5,7,1,1,1,0,5,13,0,"",1
"620","scottmi01",2013,"Mike Scott",24,"ATL","PF",4,0,20,5,10,0.5,0,1,0,5,9,0.556,0.5,3,4,0.75,1,6,7,1,0,0,0,2,13,0,"",1
"621","daniema01",2013,"Marquis Daniels",32,"MIL","SF",3,0,33,6,11,0.545,0,2,0,6,9,0.667,0.545,0,0,NA,0,4,4,4,1,0,1,3,12,0,"",1
"622","millspa02",2013,"Patty Mills",24,"SAS","PG",9,0,31,5,10,0.5,2,7,0.286,3,3,1,0.6,0,0,NA,1,2,3,2,0,0,1,2,12,0,"",1
"623","duhonch01",2013,"Chris Duhon",30,"LAL","PG",2,0,68,4,11,0.364,3,8,0.375,1,3,0.333,0.5,0,0,NA,1,2,3,7,2,1,5,4,11,0,"",1
"624","holliry01",2013,"Ryan Hollins",28,"LAC","C",5,0,37,5,9,0.556,0,0,NA,5,9,0.556,0.556,1,2,0.5,3,2,5,2,0,2,2,10,11,0,"",1
"625","kiddja01",2013,"Jason Kidd",39,"NYK","SG",12,0,247,3,25,0.12,3,17,0.176,0,8,0,0.18,2,2,1,7,35,42,24,12,4,13,12,11,0,"",1
"626","hilljo01",2013,"Jordan Hill",25,"LAL","PF",3,0,31,5,10,0.5,0,0,NA,5,10,0.5,0.5,0,0,NA,2,9,11,1,0,2,0,2,10,0,"",1
"627","johnsor01",2013,"Orlando Johnson",23,"IND","SG",12,0,28,2,11,0.182,1,3,0.333,1,8,0.125,0.227,5,9,0.556,0,3,3,1,0,0,1,0,10,0,"",1
"628","macksh01",2013,"Shelvin Mack",22,"ATL","PG",4,0,22,4,9,0.444,2,5,0.4,2,4,0.5,0.556,0,0,NA,3,4,7,7,0,0,0,0,10,0,"",1
"629","teaguma01",2013,"Marquis Teague",19,"CHI","PG",8,0,72,5,17,0.294,0,5,0,5,12,0.417,0.294,0,0,NA,0,3,3,12,2,1,2,10,10,0,"",1
"630","jonesja02",2013,"James Jones",32,"MIA","SF",9,0,33,3,7,0.429,3,4,0.75,0,3,0,0.643,0,0,NA,0,3,3,0,0,1,2,3,9,0,"",1
"631","radmavl01",2013,"Vladimir Radmanović",32,"CHI","PF",1,0,10,3,3,1,3,3,1,0,0,NA,1.5,0,0,NA,0,0,0,1,2,0,1,1,9,0,"",1
"632","stevede01",2013,"DeShawn Stevenson",31,"ATL","SG",4,0,45,3,5,0.6,3,5,0.6,0,0,NA,0.9,0,0,NA,3,7,10,1,0,0,2,5,9,0,"",1
"633","baynear01",2013,"Aron Baynes",26,"SAS","C",4,1,23,4,7,0.571,0,0,NA,4,7,0.571,0.571,0,0,NA,2,3,5,0,0,0,1,4,8,0,"",1
"634","brookma01",2013,"MarShon Brooks",24,"BRK","SG",7,0,40,3,8,0.375,0,1,0,3,7,0.429,0.375,2,2,1,1,4,5,3,0,0,3,3,8,0,"",1
"635","joneste01",2013,"Terrence Jones",21,"HOU","PF",2,0,35,4,10,0.4,0,2,0,4,8,0.5,0.4,0,3,0,5,10,15,1,0,1,1,2,8,0,"",1
"636","liggide01",2013,"DeAndre Liggins",24,"OKC","SG",8,0,68,3,9,0.333,1,5,0.2,2,4,0.5,0.389,1,4,0.25,0,14,14,4,1,1,2,10,8,0,"",1
"637","udohek01",2013,"Ekpe Udoh",25,"MIL","C",4,0,54,4,9,0.444,0,0,NA,4,9,0.444,0.444,0,0,NA,3,3,6,1,2,2,0,4,8,0,"",1
"638","wroteto01",2013,"Tony Wroten",19,"MEM","SG",6,0,17,2,11,0.182,0,2,0,2,9,0.222,0.182,4,4,1,1,3,4,2,1,0,2,1,8,0,"",1
"639","dayeau01",2013,"Austin Daye",24,"MEM","SF",4,0,20,3,8,0.375,0,1,0,3,7,0.429,0.375,1,1,1,0,1,1,0,0,1,1,2,7,0,"",1
"640","anthojo01",2013,"Joel Anthony",30,"MIA","C",14,0,71,3,10,0.3,0,0,NA,3,10,0.3,0.3,0,0,NA,10,11,21,0,2,4,3,13,6,0,"",1
"641","greenwi01",2013,"Willie Green",31,"LAC","SG",3,0,20,2,3,0.667,0,1,0,2,2,1,0.667,2,2,1,0,3,3,2,1,0,0,0,6,0,"",1
"642","hensojo01",2013,"John Henson",22,"MIL","PF",4,0,33,3,11,0.273,0,1,0,3,10,0.3,0.273,0,0,NA,0,8,8,1,2,0,2,5,6,0,"",1
"643","leeco01",2013,"Courtney Lee",27,"BOS","SG",4,0,39,1,5,0.2,0,2,0,1,3,0.333,0.2,4,4,1,0,2,2,1,2,0,0,3,6,0,"",1
"644","richaqu01",2013,"Quentin Richardson",32,"NYK","SF",5,0,14,2,6,0.333,2,5,0.4,0,1,0,0.5,0,0,NA,1,2,3,0,0,0,0,2,6,0,"",1
"645","motiedo01",2013,"Donatas Motiejūnas",22,"HOU","PF",1,0,5,2,2,1,0,0,NA,2,2,1,1,1,1,1,1,0,1,0,0,0,0,0,5,0,"",1
"646","stackje01",2013,"Jerry Stackhouse",38,"BRK","SF",4,0,28,1,10,0.1,0,7,0,1,3,0.333,0.1,3,4,0.75,1,3,4,0,0,0,2,2,5,0,"",1
"647","willite01",2013,"Terrence Williams",25,"BOS","SF",5,0,48,2,10,0.2,0,3,0,2,7,0.286,0.2,1,2,0.5,1,9,10,6,0,1,4,3,5,0,"",1
"648","ayongu01",2013,"Gustavo Ayón",27,"MIL","C",3,0,7,2,4,0.5,0,0,NA,2,4,0.5,0.5,0,0,NA,0,0,0,0,0,0,0,0,4,0,"",1
"649","decolna01",2013,"Nando De Colo",25,"SAS","SG",5,0,14,1,4,0.25,0,3,0,1,1,1,0.25,2,2,1,2,2,4,2,0,0,0,1,4,0,"",1
"650","hillgr01",2013,"Grant Hill",40,"LAC","SF",1,0,20,2,4,0.5,0,0,NA,2,4,0.5,0.5,0,0,NA,2,2,4,2,0,0,1,5,4,0,"",1
"651","jonesda02",2013,"Dahntay Jones",32,"ATL","SF",5,0,19,1,4,0.25,0,0,NA,1,4,0.25,0.25,2,2,1,0,1,1,0,0,0,1,1,4,0,"",1
"652","meeksjo01",2013,"Jodie Meeks",25,"LAL","SG",1,0,20,1,4,0.25,0,2,0,1,2,0.5,0.25,2,2,1,1,1,2,0,1,0,2,2,4,0,"",1
"653","whiteja02",2013,"James White",30,"NYK","SF",4,0,9,2,4,0.5,0,2,0,2,2,1,0.5,0,0,NA,1,1,2,0,0,0,0,1,4,0,"",1
"654","cookda02",2013,"Daequan Cook",25,"CHI","SG",6,0,36,1,10,0.1,1,8,0.125,0,2,0,0.15,0,0,NA,0,3,3,4,1,0,4,6,3,0,"",1
"655","machasc01",2013,"Scott Machado",22,"GSW","PG",5,0,8,1,2,0.5,0,0,NA,1,2,0.5,0.5,1,2,0.5,0,1,1,1,0,0,1,1,3,0,"",1
"656","thomama01",2013,"Malcolm Thomas",24,"CHI","PF",3,0,6,1,2,0.5,0,0,NA,1,2,0.5,0.5,1,5,0.2,4,0,4,0,0,0,0,0,3,0,"",1
"657","anderja01",2013,"James Anderson",23,"HOU","SG",2,0,18,1,5,0.2,0,3,0,1,2,0.5,0.2,0,0,NA,1,3,4,0,0,0,0,2,2,0,"",1
"658","bazemke01",2013,"Kent Bazemore",23,"GSW","SG",9,0,16,1,8,0.125,0,1,0,1,7,0.143,0.125,0,4,0,1,4,5,2,1,0,2,3,2,0,"",1
"659","cambyma01",2013,"Marcus Camby",38,"NYK","PF",3,0,3,1,1,1,0,0,NA,1,1,1,1,0,0,NA,1,1,2,0,0,0,1,1,2,0,"",1
"660","leuerjo01",2013,"Jon Leuer",23,"MEM","PF",5,0,11,1,2,0.5,0,0,NA,1,2,0.5,0.5,0,0,NA,2,1,3,0,1,1,0,1,2,0,"",1
"661","stoneju01",2013,"Julyan Stone",24,"DEN","PG",2,0,13,0,0,NA,0,0,NA,0,0,NA,NA,2,2,1,0,0,0,1,0,0,0,3,2,0,"",1
"662","thabeha01",2013,"Hasheem Thabeet",25,"OKC","C",4,0,26,1,2,0.5,0,0,NA,1,2,0.5,0.5,0,0,NA,1,5,6,0,1,0,2,7,2,0,"",1
"663","dalemsa01",2013,"Samuel Dalembert",31,"MIL","C",1,0,9,0,2,0,0,0,NA,0,2,0,0,1,4,0.25,1,2,3,0,1,0,2,3,1,0,"",1
"664","biedran01",2013,"Andris Biedriņš",26,"GSW","C",3,0,17,0,0,NA,0,0,NA,0,0,NA,NA,0,0,NA,2,5,7,1,0,2,1,6,0,0,"",1
"665","boganke01",2013,"Keith Bogans",32,"BRK","SG",2,0,23,0,1,0,0,1,0,0,0,NA,0,0,0,NA,0,2,2,2,0,0,1,3,0,0,"",1
"666","brewero02",2013,"Ronnie Brewer",27,"OKC","SF",1,0,8,0,0,NA,0,0,NA,0,0,NA,NA,0,0,NA,0,1,1,0,0,0,0,1,0,0,"",1
"667","hamiljo02",2013,"Jordan Hamilton",22,"DEN","SF",1,0,2,0,1,0,0,0,NA,0,1,0,0,0,0,NA,0,0,0,0,0,0,0,0,0,0,"",1
"668","hansbbe01",2013,"Ben Hansbrough",25,"IND","PG",6,0,22,0,5,0,0,3,0,0,2,0,0,0,0,NA,1,2,3,3,0,1,2,2,0,0,"",1
"669","jenkijo01",2013,"John Jenkins",21,"ATL","SG",4,0,24,0,3,0,0,1,0,0,2,0,0,0,0,NA,0,2,2,3,0,0,2,2,0,0,"",1
"670","jonesdw02",2013,"Dwayne Jones",29,"GSW","PF",2,0,2,0,0,NA,0,0,NA,0,0,NA,NA,0,0,NA,0,0,0,0,0,0,0,0,0,0,"",1
"671","jonespe01",2013,"Perry Jones",21,"OKC","SF",1,0,5,0,1,0,0,0,NA,0,1,0,0,0,0,NA,0,1,1,0,0,0,0,0,0,0,"",1
"672","mcgratr01",2013,"Tracy McGrady",33,"SAS","SF",6,0,31,0,7,0,0,3,0,0,4,0,0,0,0,NA,1,7,8,7,2,3,2,1,0,0,"",1
"673","randosh01",2013,"Shavlik Randolph",29,"BOS","PF",1,0,3,0,0,NA,0,0,NA,0,0,NA,NA,0,0,NA,0,3,3,0,0,0,0,1,0,0,"",1
"674","sacrero01",2013,"Robert Sacre",23,"LAL","C",2,0,4,0,1,0,0,0,NA,0,1,0,0,0,0,NA,0,2,2,0,1,0,0,0,0,0,"",1
"675","smithis01",2013,"Ish Smith",24,"MIL","PG",4,0,11,0,1,0,0,0,NA,0,1,0,0,0,0,NA,0,1,1,3,0,0,1,1,0,0,"",1
"676","tayloty01",2013,"Tyshawn Taylor",22,"BRK","PG",2,0,2,0,1,0,0,0,NA,0,1,0,0,0,0,NA,0,0,0,0,0,0,0,0,0,0,"",1
"677","teletmi01",2013,"Mirza Teletović",27,"BRK","PF",1,0,1,0,0,NA,0,0,NA,0,0,NA,NA,0,0,NA,0,0,0,0,0,0,0,0,0,0,"",1
"678","wilcoch01",2013,"Chris Wilcox",30,"BOS","C",2,0,6,0,0,NA,0,0,NA,0,0,NA,NA,0,0,NA,0,2,2,0,0,0,0,0,0,0,"",1
