"","key","Year","Player","Age","Team","Pos","G","GS","MP","FG","FGA","FG.","X3P","X3PA","X3P.","X2P","X2PA","X2P.","eFG.","FT","FTA","FT.","ORB","DRB","TRB","AST","STL","BLK","TOV","PF","PTS","Trp.Dbl","Awards","Playoffs"
"1","jamesle01",2018,"LeBron James",33,"CLE","PF",82,82,3026,857,1580,0.542,149,406,0.367,708,1174,0.603,0.59,388,531,0.731,97,612,709,747,116,71,347,136,2251,18,"MVP-2,AS,NBA1",0
"2","hardeja01",2018,"James Harden",28,"HOU","SG",72,72,2551,651,1449,0.449,265,722,0.367,386,727,0.531,0.541,624,727,0.858,41,348,389,630,126,50,315,169,2191,4,"MVP-1,AS,NBA1",0
"3","davisan02",2018,"Anthony Davis",24,"NOP","PF",75,75,2727,780,1462,0.534,55,162,0.34,725,1300,0.558,0.552,495,598,0.828,187,645,832,174,115,193,162,159,2110,1,"MVP-3,DPOY-3,AS,NBA1,DEF1",0
"4","westbru01",2018,"Russell Westbrook",29,"OKC","PG",80,80,2914,757,1687,0.449,97,326,0.298,660,1361,0.485,0.477,417,566,0.737,152,652,804,820,147,20,381,200,2028,25,"MVP-5,AS,NBA2",0
"5","antetgi01",2018,"Giannis Antetokounmpo",23,"MIL","PF",75,75,2756,742,1402,0.529,43,140,0.307,699,1262,0.554,0.545,487,641,0.76,156,597,753,361,109,106,223,231,2014,1,"MVP-6,AS,NBA2",0
"6","lillada01",2018,"Damian Lillard",27,"POR","PG",73,73,2670,621,1415,0.439,227,629,0.361,394,786,0.501,0.519,493,538,0.916,62,263,325,481,77,27,206,117,1962,0,"MVP-4,AS,NBA1",0
"7","bealbr01",2018,"Bradley Beal",24,"WAS","SG",82,82,2977,683,1484,0.46,199,530,0.375,484,954,0.507,0.527,292,369,0.791,61,302,363,373,96,36,214,160,1857,0,"AS",0
"8","derozde01",2018,"DeMar DeRozan",28,"TOR","SG",80,80,2711,645,1413,0.456,89,287,0.31,556,1126,0.494,0.488,461,559,0.825,59,256,315,417,85,22,175,151,1840,0,"MVP-8,AS,NBA2",0
"9","duranke01",2018,"Kevin Durant",29,"GSW","SF",68,68,2325,630,1222,0.516,173,413,0.419,457,809,0.565,0.586,359,404,0.889,31,433,464,366,50,119,207,133,1792,2,"MVP-7,DPOY-9,AS,NBA1",0
"10","willilo02",2018,"Lou Williams",31,"LAC","SG",79,19,2589,582,1337,0.435,186,518,0.359,396,819,0.484,0.505,432,491,0.88,40,158,198,417,85,19,234,106,1782,0,"6MOY-1",0
"11","walkeke02",2018,"Kemba Walker",27,"CHO","PG",80,80,2736,588,1363,0.431,231,601,0.384,357,762,0.469,0.516,363,420,0.864,32,216,248,444,91,24,179,98,1770,0,"AS",0
"12","townska01",2018,"Karl-Anthony Towns",22,"MIN","C",82,82,2918,639,1172,0.545,120,285,0.421,519,887,0.585,0.596,345,402,0.858,238,774,1012,199,64,115,159,285,1743,0,"AS,NBA3",0
"13","aldrila01",2018,"LaMarcus Aldridge",32,"SAS","C",75,75,2509,687,1347,0.51,27,92,0.293,660,1255,0.526,0.52,334,399,0.837,246,389,635,152,43,90,111,161,1735,0,"MVP-9,AS,NBA2",0
"14","oladivi01",2018,"Victor Oladipo",25,"IND","SG",75,75,2552,640,1342,0.477,161,434,0.371,479,908,0.528,0.537,294,368,0.799,47,343,390,323,177,57,219,175,1735,0,"MVP-13,DPOY-15,MIP-1,AS,NBA3,DEF1",0
"15","georgpa01",2018,"Paul George",27,"OKC","SF",79,79,2891,576,1340,0.43,244,609,0.401,332,731,0.454,0.521,338,411,0.822,72,375,447,263,161,39,212,233,1734,0,"DPOY-4,AS,NBA3",0
"16","mccolcj01",2018,"CJ McCollum",26,"POR","SG",81,81,2923,667,1505,0.443,189,476,0.397,478,1029,0.465,0.506,209,250,0.836,53,268,321,272,77,35,151,168,1732,0,"",0
"17","middlkh01",2018,"Khris Middleton",26,"MIL","SF",82,82,2982,593,1272,0.466,146,407,0.359,447,865,0.517,0.524,320,362,0.884,45,384,429,328,119,21,191,270,1652,1,"",0
"18","mitchdo01",2018,"Donovan Mitchell",21,"UTA","SG",79,71,2638,595,1362,0.437,187,550,0.34,408,812,0.502,0.506,239,297,0.805,52,244,296,291,118,27,215,213,1616,0,"ROY-2",0
"19","holidjr01",2018,"Jrue Holiday",27,"NOP","SG",81,81,2927,615,1244,0.494,120,356,0.337,495,888,0.557,0.543,187,238,0.786,62,303,365,486,123,64,213,201,1537,1,"DPOY-7,DEF1",0
"20","harrito02",2018,"Tobias Harris",25,"2TM","PF",80,80,2668,562,1221,0.46,183,445,0.411,379,776,0.488,0.535,179,216,0.829,58,379,437,192,71,35,105,164,1486,0,"",0
"21","irvinky01",2018,"Kyrie Irving",25,"BOS","PG",60,60,1931,534,1087,0.491,166,407,0.408,368,680,0.541,0.568,232,261,0.889,33,194,227,306,65,17,140,122,1466,0,"AS",0
"22","thompkl01",2018,"Klay Thompson",27,"GSW","SG",73,73,2506,575,1179,0.488,229,521,0.44,346,658,0.526,0.585,82,98,0.837,31,246,277,185,55,34,128,117,1461,0,"DPOY-11,AS",0
"23","barneha02",2018,"Harrison Barnes",25,"DAL","PF",77,77,2634,537,1208,0.445,119,333,0.357,418,875,0.478,0.494,259,313,0.827,77,391,468,152,49,14,118,94,1452,0,"",0
"24","wiggian01",2018,"Andrew Wiggins",22,"MIN","SF",82,82,2979,569,1300,0.438,112,338,0.331,457,962,0.475,0.481,202,314,0.643,82,276,358,160,91,51,138,163,1452,0,"",0
"25","embiijo01",2018,"Joel Embiid",23,"PHI","C",63,63,1912,510,1056,0.483,66,214,0.308,444,842,0.527,0.514,359,467,0.769,143,547,690,199,40,111,234,209,1445,0,"MVP-12,DPOY-2,AS,NBA2,DEF2",0
"26","jokicni01",2018,"Nikola Jokić",22,"DEN","C",75,73,2443,504,1010,0.499,111,280,0.396,393,730,0.538,0.554,266,313,0.85,195,608,803,458,90,61,210,212,1385,10,"",0
"27","murraja01",2018,"Jamal Murray",20,"DEN","PG",81,80,2565,479,1062,0.451,165,436,0.378,314,626,0.502,0.529,229,253,0.905,82,215,297,274,79,28,172,173,1352,0,"",0
"28","howardw01",2018,"Dwight Howard",32,"CHO","C",81,81,2463,506,911,0.555,1,7,0.143,505,904,0.559,0.556,334,582,0.574,255,757,1012,105,48,131,208,249,1347,0,"",0
"29","bookede01",2018,"Devin Booker",21,"PHO","SG",54,54,1865,455,1054,0.432,147,384,0.383,308,670,0.46,0.501,289,329,0.878,26,218,244,253,47,14,194,168,1346,0,"",0
"30","curryst01",2018,"Stephen Curry",29,"GSW","PG",51,51,1631,428,864,0.495,212,501,0.423,216,363,0.595,0.618,278,302,0.921,36,225,261,310,80,8,153,114,1346,0,"MVP-10,AS,NBA3",0
"31","randlju01",2018,"Julius Randle",23,"LAL","C",82,49,2190,504,904,0.558,10,45,0.222,494,859,0.575,0.563,305,425,0.718,181,473,654,210,43,45,213,274,1323,1,"",0
"32","bledser01",2018,"Eric Bledsoe",28,"2TM","PG",74,74,2322,468,989,0.473,125,360,0.347,343,629,0.545,0.536,252,317,0.795,51,233,284,370,149,42,216,185,1313,1,"",0
"33","butleji01",2018,"Jimmy Butler",28,"MIN","SG",59,59,2164,437,921,0.474,70,200,0.35,367,721,0.509,0.512,363,425,0.854,79,235,314,288,116,24,108,78,1307,0,"MVP-10,DPOY-12,AS,NBA3,DEF2",0
"34","schrode01",2018,"Dennis Schröder",24,"ATL","PG",67,67,2078,500,1146,0.436,76,262,0.29,424,884,0.48,0.469,225,265,0.849,44,164,208,417,72,6,183,147,1301,0,"",0
"35","dragigo01",2018,"Goran Dragić",31,"MIA","PG",75,75,2378,484,1075,0.45,111,300,0.37,373,775,0.481,0.502,217,271,0.801,54,252,306,359,63,12,166,180,1296,0,"AS",0
"36","simmobe01",2018,"Ben Simmons",21,"PHI","PG",81,81,2732,544,998,0.545,0,11,0,544,987,0.551,0.545,191,341,0.56,145,514,659,661,140,70,278,211,1279,12,"ROY-1",0
"37","warretj01",2018,"T.J. Warren",24,"PHO","SF",65,65,2142,529,1063,0.498,20,90,0.222,509,973,0.523,0.507,193,255,0.757,125,208,333,85,65,41,85,149,1271,0,"",0
"38","bartowi01",2018,"Will Barton",27,"DEN","SG",81,40,2683,465,1028,0.452,156,422,0.37,309,606,0.51,0.528,182,226,0.805,70,339,409,331,82,52,149,168,1268,0,"6MOY-4",0
"39","lowryky01",2018,"Kyle Lowry",31,"TOR","PG",78,78,2510,403,944,0.427,238,596,0.399,165,348,0.474,0.553,223,261,0.854,66,368,434,537,85,19,183,192,1267,3,"AS",0
"40","anthoca01",2018,"Carmelo Anthony",33,"OKC","PF",78,78,2501,472,1168,0.404,169,474,0.357,303,694,0.437,0.476,148,193,0.767,67,386,453,103,47,49,99,197,1261,0,"",0
"41","gasolma01",2018,"Marc Gasol",33,"MEM","C",73,73,2408,434,1033,0.42,109,320,0.341,325,713,0.456,0.473,281,337,0.834,78,514,592,305,54,101,194,185,1258,1,"",0
"42","gordoer01",2018,"Eric Gordon",29,"HOU","SG",69,30,2154,415,970,0.428,218,608,0.359,197,362,0.544,0.54,195,241,0.809,25,145,170,154,44,27,130,116,1243,0,"6MOY-2",0
"43","kuzmaky01",2018,"Kyle Kuzma",22,"LAL","PF",77,37,2401,468,1039,0.45,159,434,0.366,309,605,0.511,0.527,147,208,0.707,88,395,483,141,49,34,140,160,1242,0,"ROY-4,6MOY-9",0
"44","griffbl01",2018,"Blake Griffin",28,"2TM","PF",58,58,1970,436,996,0.438,111,322,0.345,325,674,0.482,0.493,259,330,0.785,73,355,428,334,41,18,165,139,1242,3,"",0
"45","couside01",2018,"DeMarcus Cousins",27,"NOP","C",48,48,1737,406,864,0.47,104,294,0.354,302,570,0.53,0.53,294,394,0.746,105,512,617,257,79,76,242,183,1210,3,"AS",0
"46","redicjj01",2018,"JJ Redick",33,"PHI","SG",70,70,2116,404,879,0.46,193,460,0.42,211,419,0.504,0.569,197,218,0.904,9,169,178,210,35,6,103,123,1198,0,"",0
"47","drumman01",2018,"Andre Drummond",24,"DET","C",78,78,2625,466,881,0.529,0,11,0,466,870,0.536,0.529,239,395,0.605,399,848,1247,237,114,127,200,250,1171,0,"DPOY-15,AS",0
"48","harriga01",2018,"Gary Harris",23,"DEN","SG",67,65,2304,440,908,0.485,156,394,0.396,284,514,0.553,0.57,134,162,0.827,37,139,176,194,122,15,119,119,1170,0,"",0
"49","princta02",2018,"Taurean Prince",23,"ATL","SF",82,82,2464,415,975,0.426,176,457,0.385,239,518,0.461,0.516,152,180,0.844,50,339,389,214,85,42,191,168,1158,0,"",0
"50","bogdabo02",2018,"Bojan Bogdanović",28,"IND","SF",80,80,2464,404,852,0.474,155,386,0.402,249,466,0.534,0.565,178,205,0.868,30,240,270,119,55,8,106,129,1141,0,"",0
"51","saricda01",2018,"Dario Šarić",23,"PHI","PF",78,73,2310,403,890,0.453,157,399,0.393,246,491,0.501,0.541,178,207,0.86,154,366,520,202,51,20,148,160,1141,0,"",0
"52","porteot01",2018,"Otto Porter Jr.",24,"WAS","SF",77,77,2432,445,885,0.503,138,313,0.441,307,572,0.537,0.581,106,128,0.828,103,389,492,157,116,41,75,151,1134,0,"",0
"53","nurkiju01",2018,"Jusuf Nurkić",23,"POR","C",79,79,2088,480,951,0.505,0,7,0,480,944,0.508,0.505,172,273,0.63,189,519,708,143,64,111,183,247,1132,0,"DPOY-15",0
"54","clarkjo01",2018,"Jordan Clarkson",25,"2TM","SG",81,2,1888,430,954,0.451,112,318,0.352,318,636,0.5,0.509,152,190,0.8,57,160,217,221,58,6,127,107,1124,0,"6MOY-7",0
"55","tatumja01",2018,"Jayson Tatum",19,"BOS","SF",80,80,2443,397,835,0.475,105,242,0.434,292,593,0.492,0.538,213,258,0.826,50,352,402,128,83,58,114,170,1112,0,"ROY-3",0
"56","porzikr01",2018,"Kristaps Porziņģis",22,"NYK","PF",48,48,1553,390,889,0.439,90,228,0.395,300,661,0.454,0.489,218,275,0.793,62,254,316,57,36,115,93,141,1088,0,"AS",0
"57","paulch01",2018,"Chris Paul",32,"HOU","PG",58,58,1847,367,798,0.46,144,379,0.38,223,419,0.532,0.55,203,221,0.919,37,276,313,457,96,14,128,141,1081,1,"",0
"58","hieldbu01",2018,"Buddy Hield",25,"SAC","SG",80,13,2024,416,933,0.446,176,408,0.431,240,525,0.457,0.54,71,81,0.877,55,252,307,155,85,22,124,148,1079,0,"",0
"59","adamsst01",2018,"Steven Adams",24,"OKC","C",76,76,2487,448,712,0.629,0,2,0,448,710,0.631,0.629,160,286,0.559,384,301,685,88,92,78,128,215,1056,0,"DPOY-12",0
"60","smithde03",2018,"Dennis Smith Jr.",20,"DAL","PG",69,69,2049,404,1024,0.395,106,339,0.313,298,685,0.435,0.446,134,193,0.694,50,210,260,358,71,18,194,152,1048,1,"ROY-5",0
"61","richajo01",2018,"Josh Richardson",24,"MIA","SF",81,81,2689,399,885,0.451,127,336,0.378,272,549,0.495,0.523,120,142,0.845,69,216,285,231,121,75,140,199,1045,0,"",0
"62","loveke01",2018,"Kevin Love",29,"CLE","C",59,59,1651,334,729,0.458,137,330,0.415,197,399,0.494,0.552,234,266,0.88,101,445,546,103,43,24,90,120,1039,0,"AS",0
"63","lambje01",2018,"Jeremy Lamb",25,"CHO","SG",80,18,1967,380,832,0.457,94,254,0.37,286,578,0.495,0.513,179,208,0.861,49,275,324,186,61,32,93,138,1033,0,"",0
"64","markkla01",2018,"Lauri Markkanen",20,"CHI","PF",68,68,2020,374,862,0.434,145,401,0.362,229,461,0.497,0.518,140,166,0.843,79,429,508,79,39,40,83,103,1033,0,"",0
"65","capelca01",2018,"Clint Capela",23,"HOU","C",74,74,2034,441,676,0.652,0,1,0,441,675,0.653,0.652,144,257,0.56,241,561,802,68,58,137,103,185,1026,0,"DPOY-14",0
"66","gordoaa01",2018,"Aaron Gordon",22,"ORL","PF",58,57,1909,375,865,0.434,115,342,0.336,260,523,0.497,0.5,157,225,0.698,87,370,457,136,59,45,107,111,1022,0,"",0
"67","mooreet01",2018,"E'Twaun Moore",28,"NOP","SG",82,80,2586,423,832,0.508,128,301,0.425,295,531,0.556,0.585,48,68,0.706,57,181,238,187,79,12,102,182,1022,0,"",0
"68","brownja02",2018,"Jaylen Brown",21,"BOS","SG",70,70,2152,373,803,0.465,121,306,0.395,252,497,0.507,0.54,150,233,0.644,66,280,346,114,70,26,124,181,1017,0,"DPOY-10",0
"69","fournev01",2018,"Evan Fournier",25,"ORL","SF",57,57,1837,368,802,0.459,127,335,0.379,241,467,0.516,0.538,150,173,0.867,23,157,180,165,47,16,95,138,1013,0,"",0
"70","jacksjo02",2018,"Josh Jackson",20,"PHO","SF",77,35,1959,389,932,0.417,57,217,0.263,332,715,0.464,0.448,177,279,0.634,95,256,351,119,80,35,146,218,1012,0,"",0
"71","evansty01",2018,"Tyreke Evans",28,"MEM","PG",52,32,1607,366,809,0.452,114,286,0.399,252,523,0.482,0.523,164,209,0.785,44,221,265,269,57,17,117,96,1010,0,"",0
"72","covinro01",2018,"Robert Covington",27,"PHI","SF",80,80,2532,345,836,0.413,203,550,0.369,142,286,0.497,0.534,116,136,0.853,55,378,433,156,137,72,126,238,1009,0,"DPOY-8,DEF1",0
"73","rubiori01",2018,"Ricky Rubio",27,"UTA","PG",77,77,2254,346,827,0.418,96,273,0.352,250,554,0.451,0.476,220,254,0.866,44,307,351,410,121,11,207,206,1008,0,"",0
"74","dinwisp01",2018,"Spencer Dinwiddie",24,"BRK","PG",80,58,2306,324,838,0.387,141,433,0.326,183,405,0.452,0.471,218,268,0.813,40,219,259,524,68,23,128,186,1007,0,"",0
"75","kanteen01",2018,"Enes Freedom",25,"NYK","C",71,71,1830,422,713,0.592,0,2,0,422,711,0.594,0.592,156,184,0.848,273,507,780,105,36,37,122,187,1000,0,"",0
"76","gibsota01",2018,"Taj Gibson",32,"MIN","PF",82,82,2726,425,737,0.577,7,35,0.2,418,702,0.595,0.581,142,185,0.768,194,390,584,99,62,59,89,218,999,0,"",0
"77","hardati02",2018,"Tim Hardaway Jr.",25,"NYK","SG",57,54,1885,360,856,0.421,130,410,0.317,230,446,0.516,0.496,146,179,0.816,32,192,224,155,62,10,92,123,996,0,"",0
"78","teaguje01",2018,"Jeff Teague",29,"MIN","PG",70,70,2311,354,794,0.446,84,228,0.368,270,566,0.477,0.499,202,239,0.845,24,185,209,492,102,23,177,171,994,0,"",0
"79","caldwke01",2018,"Kentavious Caldwell-Pope",24,"LAL","SG",74,74,2458,340,798,0.426,159,415,0.383,181,383,0.473,0.526,153,194,0.789,60,327,387,162,106,16,97,145,992,0,"",0
"80","crabbal01",2018,"Allen Crabbe",25,"BRK","SG",75,68,2197,337,827,0.407,201,532,0.378,136,295,0.461,0.529,115,135,0.852,28,296,324,117,47,35,78,168,990,0,"",0
"81","carrode01",2018,"DeMarre Carroll",31,"BRK","PF",73,73,2180,325,785,0.414,145,391,0.371,180,394,0.457,0.506,188,246,0.764,105,374,479,147,59,30,103,165,983,0,"",0
"82","valanjo01",2018,"Jonas Valančiūnas",25,"TOR","C",77,77,1727,390,687,0.568,30,74,0.405,360,613,0.587,0.59,170,211,0.806,183,477,660,81,29,69,115,192,980,0,"",0
"83","beaslmi01",2018,"Michael Beasley",29,"NYK","PF",74,30,1653,409,807,0.507,34,86,0.395,375,721,0.52,0.528,124,159,0.78,97,317,414,123,36,43,143,145,976,0,"",0
"84","belinma01",2018,"Marco Belinelli",31,"2TM","SG",80,2,1947,337,764,0.441,149,395,0.377,188,369,0.509,0.539,148,163,0.908,20,131,151,148,66,12,94,91,971,0,"6MOY-12",0
"85","portibo01",2018,"Bobby Portis",22,"CHI","PF",73,4,1643,382,811,0.471,80,223,0.359,302,588,0.514,0.52,120,156,0.769,159,339,498,123,50,23,103,130,964,0,"",0
"86","simmojo02",2018,"Jonathon Simmons",28,"ORL","SG",69,50,2029,354,761,0.465,69,204,0.338,285,557,0.512,0.511,185,241,0.768,61,178,239,171,58,16,146,175,962,0,"",0
"87","lopezbr01",2018,"Brook Lopez",29,"LAL","C",74,72,1735,369,793,0.465,112,325,0.345,257,468,0.549,0.536,111,158,0.703,74,220,294,126,30,98,98,195,961,0,"",0
"88","ibakase01",2018,"Serge Ibaka",28,"TOR","PF",76,76,2093,379,784,0.483,107,297,0.36,272,487,0.559,0.552,94,118,0.797,78,400,478,62,29,99,90,209,959,0,"",0
"89","youngth01",2018,"Thaddeus Young",29,"IND","PF",81,81,2607,421,864,0.487,58,181,0.32,363,683,0.531,0.521,55,92,0.598,184,328,512,152,135,36,105,175,955,0,"",0
"90","oubreke01",2018,"Kelly Oubre Jr.",22,"WAS","SF",81,11,2231,318,790,0.403,126,369,0.341,192,421,0.456,0.482,191,233,0.82,59,304,363,98,80,35,90,234,953,0,"",0
"91","ingrabr01",2018,"Brandon Ingram",20,"LAL","SF",59,59,1975,358,761,0.47,41,105,0.39,317,656,0.483,0.497,192,282,0.681,57,257,314,230,45,43,149,163,949,0,"",0
"92","holliro01",2018,"Rondae Hollis-Jefferson",23,"BRK","SF",68,59,1920,342,724,0.472,13,54,0.241,329,670,0.491,0.481,249,316,0.788,101,358,459,167,65,48,121,145,946,0,"",0
"93","favorde01",2018,"Derrick Favors",26,"UTA","C",77,77,2153,395,702,0.563,14,63,0.222,381,639,0.596,0.573,140,215,0.651,198,354,552,102,54,82,88,164,944,0,"",0
"94","inglejo01",2018,"Joe Ingles",30,"UTA","SF",82,81,2578,335,718,0.467,204,464,0.44,131,254,0.516,0.609,66,83,0.795,24,320,344,392,90,20,159,178,940,0,"",0
"95","vucevni01",2018,"Nikola Vučević",27,"ORL","C",57,57,1683,399,840,0.475,64,204,0.314,335,636,0.527,0.513,77,94,0.819,101,422,523,191,56,62,109,144,939,1,"",0
"96","caulewi01",2018,"Willie Cauley-Stein",24,"SAC","C",73,57,2044,388,773,0.502,3,12,0.25,385,761,0.506,0.504,153,247,0.619,131,379,510,172,77,67,109,185,932,0,"",0
"97","horfoal01",2018,"Al Horford",31,"BOS","C",72,72,2277,368,753,0.489,97,226,0.429,271,527,0.514,0.553,94,120,0.783,103,427,530,339,43,78,132,138,927,0,"DPOY-5,AS,DEF2",0
"98","jordade01",2018,"DeAndre Jordan",29,"LAC","C",77,77,2424,373,578,0.645,0,0,NA,373,578,0.645,0.645,181,312,0.58,329,842,1171,117,39,71,137,203,927,0,"",0
"99","nowitdi01",2018,"Dirk Nowitzki",39,"DAL","C",77,77,1900,346,758,0.456,138,337,0.409,208,421,0.494,0.547,97,108,0.898,22,416,438,120,43,45,51,146,927,0,"",0
"100","riverau01",2018,"Austin Rivers",25,"LAC","SG",61,59,2057,341,805,0.424,136,360,0.378,205,445,0.461,0.508,102,159,0.642,27,118,145,242,74,16,109,152,920,0,"",0
"101","bogdabo01",2018,"Bogdan Bogdanović",25,"SAC","SG",78,52,2175,344,772,0.446,129,329,0.392,215,443,0.485,0.529,100,119,0.84,31,192,223,258,72,16,125,172,917,0,"",0
"102","leeco01",2018,"Courtney Lee",32,"NYK","SG",76,69,2310,343,755,0.454,113,278,0.406,230,477,0.482,0.529,114,124,0.919,30,194,224,180,80,17,84,109,913,0,"",0
"103","roziete01",2018,"Terry Rozier",23,"BOS","PG",80,16,2068,316,800,0.395,153,402,0.381,163,398,0.41,0.491,115,149,0.772,63,313,376,232,80,19,80,123,900,1,"6MOY-10",0
"104","brookdi01",2018,"Dillon Brooks",22,"MEM","SF",82,74,2350,340,772,0.44,94,264,0.356,246,508,0.484,0.501,124,166,0.747,49,208,257,135,73,17,124,233,898,0,"",0
"105","smithis01",2018,"Ish Smith",29,"DET","PG",82,35,2043,389,801,0.486,35,101,0.347,354,700,0.506,0.507,81,116,0.698,27,197,224,360,64,20,108,140,894,0,"",0
"106","hoodro01",2018,"Rodney Hood",25,"2TM","SG",60,23,1616,322,751,0.429,127,333,0.381,195,418,0.467,0.513,111,129,0.86,22,143,165,95,45,12,70,105,882,0,"6MOY-12",0
"107","holidju01",2018,"Justin Holiday",28,"CHI","SG",72,72,2265,290,782,0.371,161,449,0.359,129,333,0.387,0.474,135,164,0.823,31,260,291,153,80,31,93,134,876,0,"",0
"108","kaminfr01",2018,"Frank Kaminsky",24,"CHO","PF",79,4,1835,307,716,0.429,104,274,0.38,203,442,0.459,0.501,155,194,0.799,46,242,288,129,36,19,66,95,873,0,"",0
"109","olynyke01",2018,"Kelly Olynyk",26,"MIA","PF",76,22,1779,316,636,0.497,106,280,0.379,210,356,0.59,0.58,134,174,0.77,89,342,431,207,62,35,147,222,872,0,"6MOY-6",0
"110","ellinwa01",2018,"Wayne Ellington",30,"MIA","SG",77,2,2041,285,700,0.407,227,579,0.392,58,121,0.479,0.569,67,78,0.859,23,195,218,79,53,8,52,94,864,0,"6MOY-5",0
"111","sabondo01",2018,"Domantas Sabonis",21,"IND","C",74,19,1810,340,661,0.514,13,37,0.351,327,624,0.524,0.524,168,224,0.75,165,407,572,151,40,32,137,220,861,0,"",0
"112","mirotni01",2018,"Nikola Mirotić",26,"2TM","PF",55,14,1494,306,684,0.447,135,358,0.377,171,326,0.525,0.546,112,137,0.818,59,346,405,80,44,39,62,108,859,0,"6MOY-7",0
"113","leverca01",2018,"Caris LeVert",23,"BRK","SF",71,10,1864,320,735,0.435,85,245,0.347,235,490,0.48,0.493,133,187,0.711,53,207,260,299,82,22,153,159,858,0,"",0
"114","randoza01",2018,"Zach Randolph",36,"SAC","PF",59,58,1508,361,763,0.473,51,147,0.347,310,616,0.503,0.507,84,107,0.785,97,300,397,127,42,10,116,119,857,0,"",0
"115","collida01",2018,"Darren Collison",30,"IND","PG",69,64,2018,316,638,0.495,96,205,0.468,220,433,0.508,0.571,127,144,0.882,37,141,178,368,92,15,86,122,855,0,"",0
"116","greenje02",2018,"Jeff Green",31,"CLE","PF",78,14,1828,295,618,0.477,53,170,0.312,242,448,0.54,0.52,203,234,0.868,60,186,246,99,41,34,75,149,846,0,"",0
"117","harrijo01",2018,"Joe Harris",26,"BRK","SG",78,14,1975,305,621,0.491,150,358,0.419,155,263,0.589,0.612,86,104,0.827,51,209,260,128,35,20,91,153,846,0,"",0
"118","foxde01",2018,"De'Aaron Fox",20,"SAC","PG",73,61,2026,328,797,0.412,47,153,0.307,281,644,0.436,0.441,141,195,0.723,33,171,204,320,70,20,173,163,844,0,"",0
"119","johnsty01",2018,"Tyler Johnson",25,"MIA","PG",72,39,2052,309,711,0.435,119,324,0.367,190,387,0.491,0.518,106,129,0.822,34,214,248,165,60,34,81,148,843,0,"",0
"120","morrima02",2018,"Markieff Morris",28,"WAS","PF",73,73,1968,330,687,0.48,76,207,0.367,254,480,0.529,0.536,105,128,0.82,75,334,409,142,56,38,127,216,841,0,"",0
"121","ferreyo01",2018,"Yogi Ferrell",24,"DAL","SG",82,21,2282,311,730,0.426,134,359,0.373,177,371,0.477,0.518,82,103,0.796,26,223,249,201,64,9,78,153,838,0,"",0
"122","bazemke01",2018,"Kent Bazemore",28,"ATL","SG",65,65,1789,284,676,0.42,108,274,0.394,176,402,0.438,0.5,160,201,0.796,25,223,248,228,100,45,157,147,836,0,"",0
"123","harremo01",2018,"Montrezl Harrell",24,"LAC","C",76,3,1293,348,548,0.635,1,7,0.143,347,541,0.641,0.636,139,222,0.626,103,203,306,74,36,52,68,143,836,0,"",0
"124","turnemy01",2018,"Myles Turner",21,"IND","C",65,62,1836,306,639,0.479,56,157,0.357,250,482,0.519,0.523,160,206,0.777,93,324,417,87,38,118,96,186,828,0,"",0
"125","crawfja01",2018,"Jamal Crawford",37,"MIN","SG",80,0,1653,308,742,0.415,104,314,0.331,204,428,0.477,0.485,102,113,0.903,21,78,99,185,40,9,95,85,822,0,"",0
"126","millspa02",2018,"Patty Mills",29,"SAS","PG",82,36,2107,280,682,0.411,154,414,0.372,126,268,0.47,0.523,105,118,0.89,26,128,154,229,55,11,106,128,819,0,"",0
"127","matthwe02",2018,"Wesley Matthews",31,"DAL","SF",63,63,2131,283,697,0.406,153,402,0.381,130,295,0.441,0.516,83,101,0.822,28,170,198,172,76,16,83,140,802,0,"",0
"128","bareajo01",2018,"J.J. Barea",33,"DAL","PG",69,11,1603,303,690,0.439,115,313,0.367,188,377,0.499,0.522,80,102,0.784,15,186,201,434,35,3,143,83,801,0,"6MOY-12",0
"129","walljo01",2018,"John Wall",27,"WAS","PG",41,41,1410,280,667,0.42,62,167,0.371,218,500,0.436,0.466,175,241,0.726,22,128,150,393,57,45,158,80,797,0,"AS",0
"130","paytoel01",2018,"Elfrid Payton",23,"2TM","PG",63,63,1808,329,667,0.493,30,92,0.326,299,575,0.52,0.516,109,168,0.649,64,210,274,393,83,22,168,147,797,2,"",0
"131","johnsja01",2018,"James Johnson",30,"MIA","PF",73,41,1943,309,614,0.503,57,185,0.308,252,429,0.587,0.55,113,162,0.698,61,297,358,280,70,51,141,192,788,0,"",0
"132","valende01",2018,"Denzel Valentine",24,"CHI","SG",77,37,2095,301,721,0.417,143,370,0.386,158,351,0.45,0.517,38,51,0.745,48,345,393,244,65,11,99,185,783,0,"",0
"133","arizatr01",2018,"Trevor Ariza",32,"HOU","SF",67,67,2269,268,651,0.412,170,462,0.368,98,189,0.519,0.542,76,89,0.854,33,261,294,105,98,13,52,132,782,0,"",0
"134","collijo01",2018,"John Collins",20,"ATL","PF",74,26,1785,314,545,0.576,16,47,0.34,298,498,0.598,0.591,133,186,0.715,176,365,541,98,47,80,105,215,777,0,"",0
"135","gasolpa01",2018,"Pau Gasol",37,"SAS","C",77,63,1812,287,627,0.458,43,120,0.358,244,507,0.481,0.492,158,209,0.756,129,490,619,238,24,79,108,121,775,1,"",0
"136","greendr01",2018,"Draymond Green",27,"GSW","PF",70,70,2287,281,619,0.454,77,256,0.301,204,363,0.562,0.516,134,173,0.775,75,460,535,508,95,91,202,185,773,3,"DPOY-6,AS,DEF2",0
"137","crowdja01",2018,"Jae Crowder",27,"2TM","SF",80,47,2090,271,671,0.404,110,341,0.323,161,330,0.488,0.486,121,148,0.818,59,216,275,99,64,21,74,187,773,0,"",0
"138","augusdj01",2018,"D.J. Augustin",30,"ORL","PG",75,36,1760,244,540,0.452,114,272,0.419,130,268,0.485,0.557,164,189,0.868,30,130,160,287,54,0,123,94,766,0,"",0
"139","wadedw01",2018,"Dwyane Wade",36,"2TM","SG",67,3,1536,299,682,0.438,32,111,0.288,267,571,0.468,0.462,135,189,0.714,50,202,252,228,61,47,140,124,765,0,"6MOY-10",0
"140","stephla01",2018,"Lance Stephenson",27,"IND","SG",82,7,1850,303,709,0.427,67,232,0.289,236,477,0.495,0.475,84,127,0.661,62,362,424,235,46,17,131,177,757,0,"",0
"141","goberru01",2018,"Rudy Gobert",25,"UTA","C",56,56,1816,276,444,0.622,0,0,NA,276,444,0.622,0.622,204,299,0.682,165,436,601,80,44,129,107,153,756,0,"DPOY-1,DEF1",0
"142","lopezro01",2018,"Robin Lopez",29,"CHI","C",64,64,1690,342,645,0.53,4,14,0.286,338,631,0.536,0.533,68,90,0.756,134,156,290,124,14,53,107,109,756,0,"",0
"143","whiteha01",2018,"Hassan Whiteside",28,"MIA","C",54,54,1364,312,578,0.54,2,2,1,310,576,0.538,0.542,128,182,0.703,174,444,618,54,37,94,92,131,754,0,"",0
"144","ilyaser01",2018,"Ersan İlyasova",30,"2TM","PF",69,43,1729,277,613,0.452,91,253,0.36,186,360,0.517,0.526,105,135,0.778,118,287,405,90,61,26,72,157,750,0,"",0
"145","willima02",2018,"Marvin Williams",31,"CHO","PF",78,78,2006,258,563,0.458,126,305,0.413,132,258,0.512,0.57,102,123,0.829,74,296,370,96,56,38,66,116,744,0,"",0
"146","russeda01",2018,"D'Angelo Russell",21,"BRK","PG",48,35,1234,278,672,0.414,90,278,0.324,188,394,0.477,0.481,97,131,0.74,30,159,189,249,36,17,147,93,743,1,"",0
"147","batumni01",2018,"Nicolas Batum",29,"CHO","SG",64,64,1981,270,650,0.415,92,274,0.336,178,376,0.473,0.486,108,130,0.831,57,249,306,349,65,23,131,72,740,2,"",0
"148","chandwi01",2018,"Wilson Chandler",30,"DEN","SF",74,71,2346,281,631,0.445,88,246,0.358,193,385,0.501,0.515,88,114,0.772,102,296,398,159,43,39,92,156,738,0,"",0
"149","morrima03",2018,"Marcus Morris",28,"BOS","PF",54,21,1442,262,611,0.429,86,234,0.368,176,377,0.467,0.499,124,154,0.805,43,246,289,72,35,12,65,100,734,0,"",0
"150","lylestr01",2018,"Trey Lyles",22,"DEN","PF",73,2,1391,270,550,0.491,83,218,0.381,187,332,0.563,0.566,101,143,0.706,55,292,347,91,30,34,61,111,724,0,"",0
"151","hezonma01",2018,"Mario Hezonja",22,"ORL","SF",75,30,1657,273,617,0.442,90,267,0.337,183,350,0.523,0.515,86,105,0.819,41,240,281,106,81,31,86,134,722,0,"",0
"152","danietr01",2018,"Troy Daniels",26,"PHO","SG",79,15,1622,232,575,0.403,183,458,0.4,49,117,0.419,0.563,56,64,0.875,12,115,127,48,26,5,56,137,703,0,"",0
"153","tollian01",2018,"Anthony Tolliver",32,"DET","PF",79,14,1757,219,472,0.464,159,365,0.436,60,107,0.561,0.632,106,133,0.797,50,191,241,90,32,21,58,144,703,0,"",0
"154","dunnkr01",2018,"Kris Dunn",23,"CHI","PG",52,43,1525,286,666,0.429,43,134,0.321,243,532,0.457,0.462,84,114,0.737,24,197,221,310,104,27,150,174,699,0,"",0
"155","milescj01",2018,"C.J. Miles",30,"TOR","SF",70,3,1337,227,599,0.379,164,454,0.361,63,145,0.434,0.516,81,97,0.835,18,134,152,55,37,21,39,134,699,0,"",0
"156","bullore01",2018,"Reggie Bullock",26,"DET","SF",62,52,1732,267,546,0.489,125,281,0.445,142,265,0.536,0.603,39,49,0.796,27,127,154,95,47,13,47,70,698,0,"",0
"157","gortama01",2018,"Marcin Gortat",33,"WAS","C",82,82,2075,290,560,0.518,0,0,NA,290,560,0.518,0.518,110,163,0.675,181,442,623,151,40,61,99,175,690,0,"",0
"158","grantje01",2018,"Jerami Grant",23,"OKC","PF",81,1,1647,244,456,0.535,32,110,0.291,212,346,0.613,0.57,162,240,0.675,86,233,319,57,31,77,54,155,682,0,"",0
"159","kiddgmi01",2018,"Michael Kidd-Gilchrist",24,"CHO","SF",74,74,1850,282,560,0.504,0,2,0,282,558,0.505,0.504,117,171,0.684,84,218,302,71,51,32,53,143,681,0,"",0
"160","korveky01",2018,"Kyle Korver",36,"CLE","SG",73,4,1574,222,484,0.459,164,376,0.436,58,108,0.537,0.628,64,72,0.889,9,156,165,88,31,27,55,130,672,0,"",0
"161","poweldw01",2018,"Dwight Powell",26,"DAL","C",79,24,1672,255,430,0.593,28,84,0.333,227,346,0.656,0.626,133,185,0.719,135,309,444,91,67,32,59,186,671,0,"",0
"162","scottmi01",2018,"Mike Scott",29,"WAS","PF",76,1,1406,276,524,0.527,66,163,0.405,210,361,0.582,0.59,50,76,0.658,50,197,247,80,23,10,79,148,668,0,"",0
"163","hillge01",2018,"George Hill",31,"2TM","PG",67,60,1812,236,513,0.46,85,205,0.415,151,308,0.49,0.543,110,140,0.786,42,139,181,186,61,27,88,128,667,0,"",0
"164","hensojo01",2018,"John Henson",27,"MIL","C",76,69,1970,287,502,0.572,1,7,0.143,286,495,0.578,0.573,90,158,0.57,150,363,513,114,45,109,84,202,665,0,"",0
"165","smithjr01",2018,"J.R. Smith",32,"CLE","SG",80,61,2244,240,595,0.403,143,381,0.375,97,214,0.453,0.524,39,56,0.696,29,206,235,141,68,11,81,161,662,0,"",0
"166","jacksre01",2018,"Reggie Jackson",27,"DET","PG",45,45,1201,246,577,0.426,52,169,0.308,194,408,0.475,0.471,112,134,0.836,29,96,125,238,27,4,99,87,656,0,"",0
"167","vanvlfr01",2018,"Fred VanVleet",23,"TOR","PG",76,0,1520,232,545,0.426,108,261,0.414,124,284,0.437,0.525,84,101,0.832,25,159,184,243,68,19,74,130,656,0,"6MOY-3",0
"168","bradlav01",2018,"Avery Bradley",27,"2TM","SG",46,46,1433,259,625,0.414,75,203,0.369,184,422,0.436,0.474,63,82,0.768,22,94,116,94,51,8,101,92,656,0,"",0
"169","gayru01",2018,"Rudy Gay",31,"SAS","PF",57,6,1231,253,537,0.471,37,118,0.314,216,419,0.516,0.506,112,145,0.772,76,215,291,73,46,38,78,98,655,0,"",0
"170","murrade01",2018,"Dejounte Murray",21,"SAS","PG",81,48,1743,270,609,0.443,9,34,0.265,261,575,0.454,0.451,105,148,0.709,110,349,459,231,97,31,134,151,654,0,"DEF2",0
"171","josepco01",2018,"Cory Joseph",26,"IND","PG",82,17,2210,256,604,0.424,67,190,0.353,189,414,0.457,0.479,70,94,0.745,39,224,263,260,80,18,87,141,649,0,"",0
"172","turneev01",2018,"Evan Turner",29,"POR","SF",79,40,2034,258,577,0.447,42,132,0.318,216,445,0.485,0.484,91,107,0.85,30,214,244,173,47,29,99,163,649,0,"",0
"173","aminual01",2018,"Al-Farouq Aminu",27,"POR","PF",69,67,2072,230,582,0.395,125,339,0.369,105,243,0.432,0.503,59,80,0.738,97,428,525,84,79,40,79,136,644,0,"",0
"174","napiesh01",2018,"Shabazz Napier",26,"POR","PG",74,9,1535,223,531,0.42,82,218,0.376,141,313,0.45,0.497,116,138,0.841,26,144,170,150,81,14,90,84,644,0,"",0
"175","milleda01",2018,"Darius Miller",27,"NOP","SF",82,3,1944,216,487,0.444,147,358,0.411,69,129,0.535,0.594,58,67,0.866,18,146,164,111,28,17,58,160,637,0,"",0
"176","mcderdo01",2018,"Doug McDermott",26,"2TM","SF",81,4,1768,237,508,0.467,92,216,0.426,145,292,0.497,0.557,64,81,0.79,40,160,200,79,19,16,56,122,630,0,"",0
"177","brogdma01",2018,"Malcolm Brogdon",25,"MIL","PG",48,20,1436,244,503,0.485,62,161,0.385,182,342,0.532,0.547,75,85,0.882,23,133,156,152,41,13,66,128,625,0,"",0
"178","grantje02",2018,"Jerian Grant",25,"CHI","PG",74,26,1686,209,503,0.416,61,187,0.326,148,316,0.468,0.476,140,188,0.745,31,141,172,342,63,8,89,132,619,0,"",0
"179","anderry01",2018,"Ryan Anderson",29,"HOU","PF",66,50,1725,207,480,0.431,131,339,0.386,76,141,0.539,0.568,72,93,0.774,94,237,331,60,24,21,42,126,617,0,"",0
"180","dedmode01",2018,"Dewayne Dedmon",28,"ATL","C",62,46,1542,250,477,0.524,50,141,0.355,200,336,0.595,0.577,67,86,0.779,100,389,489,90,40,51,86,162,617,0,"",0
"181","greenda02",2018,"Danny Green",30,"SAS","SG",70,60,1791,217,561,0.387,116,320,0.363,101,241,0.419,0.49,50,65,0.769,41,208,249,110,63,80,74,122,600,0,"",0
"182","johnsst04",2018,"Stanley Johnson",21,"DET","SF",69,50,1894,210,560,0.375,67,234,0.286,143,326,0.439,0.435,112,145,0.772,33,219,252,112,95,14,77,169,599,0,"",0
"183","harride01",2018,"Devin Harris",34,"2TM","PG",71,1,1340,187,454,0.412,79,227,0.348,108,227,0.476,0.499,142,170,0.835,12,115,127,152,47,12,76,158,595,0,"",0
"184","siakapa01",2018,"Pascal Siakam",23,"TOR","PF",81,5,1679,253,498,0.508,29,132,0.22,224,366,0.612,0.537,54,87,0.621,79,285,364,159,62,42,67,166,589,0,"",0
"185","allenja01",2018,"Jarrett Allen",19,"BRK","C",72,31,1441,234,397,0.589,5,15,0.333,229,382,0.599,0.596,114,147,0.776,144,244,388,49,28,88,82,147,587,0,"",0
"186","lenal01",2018,"Alex Len",24,"PHO","C",69,13,1395,214,378,0.566,1,3,0.333,213,375,0.568,0.567,158,231,0.684,175,343,518,82,27,61,78,158,587,0,"",0
"187","anderky01",2018,"Kyle Anderson",24,"SAS","SF",74,67,1978,231,438,0.527,19,57,0.333,212,381,0.556,0.549,104,146,0.712,84,312,396,202,115,60,94,114,585,0,"",0
"188","youngni01",2018,"Nick Young",32,"GSW","SG",80,8,1393,201,488,0.412,123,326,0.377,78,162,0.481,0.538,56,65,0.862,20,105,125,36,38,7,39,100,581,0,"",0
"189","ginobma01",2018,"Manu Ginóbili",40,"SAS","SG",65,0,1299,201,463,0.434,64,192,0.333,137,271,0.506,0.503,110,131,0.84,19,123,142,163,43,16,105,126,576,0,"",0
"190","nancela02",2018,"Larry Nance Jr.",25,"2TM","C",66,26,1421,240,413,0.581,2,12,0.167,238,401,0.594,0.584,91,137,0.664,161,291,452,82,88,38,51,172,573,0,"",0
"191","greenja01",2018,"JaMychal Green",27,"MEM","PF",55,54,1542,223,488,0.457,43,127,0.339,180,361,0.499,0.501,80,111,0.721,147,317,464,79,32,25,76,153,569,0,"",0
"192","poeltja01",2018,"Jakob Poeltl",22,"TOR","C",82,0,1524,253,384,0.659,1,2,0.5,252,382,0.66,0.66,60,101,0.594,165,228,393,57,39,100,85,212,567,0,"6MOY-12",0
"193","feltora01",2018,"Raymond Felton",33,"OKC","PG",82,2,1365,224,552,0.406,81,230,0.352,143,322,0.444,0.479,36,44,0.818,25,131,156,203,49,16,76,91,565,0,"",0
"194","martija01",2018,"Jarell Martin",23,"MEM","PF",73,36,1661,221,496,0.446,34,98,0.347,187,398,0.47,0.48,89,116,0.767,97,221,318,73,39,49,86,211,565,0,"",0
"195","kennalu01",2018,"Luke Kennard",21,"DET","SG",73,9,1463,206,465,0.443,81,195,0.415,125,270,0.463,0.53,65,76,0.855,21,155,176,124,44,13,69,86,558,0,"",0
"196","chrisma01",2018,"Marquese Chriss",20,"PHO","PF",72,49,1527,202,477,0.423,56,190,0.295,146,287,0.509,0.482,96,158,0.608,76,319,395,83,51,70,107,205,556,0,"",0
"197","forbebr01",2018,"Bryn Forbes",24,"SAS","SG",80,12,1517,209,497,0.421,89,228,0.39,120,269,0.446,0.51,48,72,0.667,12,98,110,80,28,2,37,108,555,0,"",0
"198","millspa01",2018,"Paul Millsap",32,"DEN","PF",38,37,1143,202,435,0.464,39,113,0.345,163,322,0.506,0.509,112,161,0.696,65,180,245,105,39,44,73,99,555,0,"",0
"199","nwabada01",2018,"David Nwaba",25,"CHI","SG",70,21,1646,202,423,0.478,18,52,0.346,184,371,0.496,0.499,133,203,0.655,89,237,326,104,59,29,77,158,555,0,"",0
"200","wrighde01",2018,"Delon Wright",25,"TOR","PG",69,4,1433,201,432,0.465,56,153,0.366,145,279,0.52,0.53,97,117,0.829,45,153,198,200,72,33,78,81,555,0,"",0
"201","ulisty01",2018,"Tyler Ulis",22,"PHO","PG",71,43,1658,214,551,0.388,42,146,0.288,172,405,0.425,0.426,84,101,0.832,24,104,128,311,70,7,127,120,554,0,"",0
"202","mudiaem01",2018,"Emmanuel Mudiay",21,"2TM","PG",64,14,1245,204,526,0.388,47,148,0.318,157,378,0.415,0.433,98,129,0.76,26,126,152,206,41,11,113,80,553,0,"",0
"203","clarkia01",2018,"Ian Clark",26,"NOP","SG",74,2,1455,222,495,0.448,62,195,0.318,160,300,0.533,0.511,45,59,0.763,10,117,127,110,33,10,57,120,551,0,"",0
"204","oquinky01",2018,"Kyle O'Quinn",27,"NYK","C",77,10,1387,224,384,0.583,4,17,0.235,220,367,0.599,0.589,98,127,0.772,121,349,470,158,36,98,100,192,550,0,"",0
"205","smartma01",2018,"Marcus Smart",23,"BOS","SG",54,11,1614,189,515,0.367,75,249,0.301,114,266,0.429,0.44,97,133,0.729,43,146,189,259,71,23,129,133,550,0,"",0
"206","templga01",2018,"Garrett Temple",31,"SAC","SG",65,35,1615,199,476,0.418,89,227,0.392,110,249,0.442,0.512,60,78,0.769,22,130,152,124,57,27,79,135,547,0,"",0
"207","rondora01",2018,"Rajon Rondo",31,"NOP","PG",65,63,1705,231,494,0.468,50,150,0.333,181,344,0.526,0.518,25,46,0.543,31,232,263,533,70,10,151,119,537,2,"",0
"208","harrian01",2018,"Andrew Harrison",23,"MEM","PG",56,46,1326,181,429,0.422,47,142,0.331,134,287,0.467,0.477,124,159,0.78,23,108,131,177,38,26,81,138,533,0,"",0
"209","bendedr01",2018,"Dragan Bender",20,"PHO","PF",82,37,2069,187,484,0.386,118,322,0.366,69,162,0.426,0.508,39,51,0.765,40,321,361,130,22,53,112,166,531,0,"",0
"210","winslju01",2018,"Justise Winslow",21,"MIA","PF",68,25,1680,207,488,0.424,49,129,0.38,158,359,0.44,0.474,66,104,0.635,64,306,370,148,54,33,77,140,529,0,"",0
"211","balllo01",2018,"Lonzo Ball",20,"LAL","PG",52,50,1780,203,564,0.36,90,295,0.305,113,269,0.42,0.44,32,71,0.451,69,291,360,376,88,43,136,117,528,2,"",0
"212","plumlma01",2018,"Mason Plumlee",27,"DEN","C",74,26,1439,221,368,0.601,0,1,0,221,367,0.602,0.601,82,179,0.458,132,268,400,142,49,81,103,184,524,0,"",0
"213","satorto01",2018,"Tomáš Satoranský",26,"WAS","SG",73,30,1643,201,384,0.523,47,101,0.465,154,283,0.544,0.585,75,96,0.781,72,161,233,286,52,15,83,131,524,0,"6MOY-12",0
"214","monrogr01",2018,"Greg Monroe",27,"3TM","C",51,14,1040,218,386,0.565,0,0,NA,218,386,0.565,0.565,88,119,0.739,109,241,350,114,44,23,94,95,524,1,"",0
"215","labissk01",2018,"Skal Labissière",21,"SAC","PF",60,29,1240,205,458,0.448,18,51,0.353,187,407,0.459,0.467,95,118,0.805,99,189,288,72,25,49,73,132,523,0,"",0
"216","snellto01",2018,"Tony Snell",26,"MIL","SG",75,59,2053,185,425,0.435,108,268,0.403,77,157,0.49,0.562,38,48,0.792,9,132,141,98,47,28,36,115,516,0,"",0
"217","ennisja01",2018,"James Ennis III",27,"2TM","SF",72,22,1604,182,384,0.474,51,153,0.333,131,231,0.567,0.54,97,116,0.836,73,151,224,71,47,18,56,134,512,0,"",0
"218","chalmma01",2018,"Mario Chalmers",31,"MEM","PG",66,10,1421,168,443,0.379,53,191,0.277,115,252,0.456,0.439,118,138,0.855,13,144,157,197,79,14,117,179,507,0,"",0
"219","tuckepj01",2018,"P.J. Tucker",32,"HOU","PF",82,34,2281,172,441,0.39,115,310,0.371,57,131,0.435,0.52,43,60,0.717,93,364,457,77,78,26,74,205,502,0,"",0
"220","greenge01",2018,"Gerald Green",32,"HOU","SG",41,2,929,168,413,0.407,110,298,0.369,58,115,0.504,0.54,51,60,0.85,15,118,133,25,24,15,31,87,497,0,"",0
"221","hartjo01",2018,"Josh Hart",22,"LAL","SG",63,23,1461,176,375,0.469,78,197,0.396,98,178,0.551,0.573,66,94,0.702,42,221,263,80,47,16,47,107,496,0,"",0
"222","westda01",2018,"David West",37,"GSW","C",73,0,999,216,378,0.571,3,8,0.375,213,370,0.576,0.575,60,79,0.759,64,174,238,138,47,75,80,120,495,0,"",0
"223","burksal01",2018,"Alec Burks",26,"UTA","SG",64,1,1059,170,414,0.411,47,142,0.331,123,272,0.452,0.467,107,124,0.863,19,173,192,67,37,8,60,75,494,0,"",0
"224","meeksjo01",2018,"Jodie Meeks",30,"WAS","SG",77,0,1119,157,393,0.399,72,210,0.343,85,183,0.464,0.491,101,117,0.863,15,111,126,70,29,4,37,55,487,0,"",0
"225","thomais02",2018,"Isaiah Thomas",28,"2TM","PG",32,15,862,157,421,0.373,55,188,0.293,102,233,0.438,0.438,117,131,0.893,17,50,67,153,15,3,95,58,486,0,"",0
"226","baynear01",2018,"Aron Baynes",31,"BOS","C",81,67,1485,210,446,0.471,3,21,0.143,207,425,0.487,0.474,59,78,0.756,130,304,434,93,22,51,80,200,482,0,"",0
"227","mccontj01",2018,"T.J. McConnell",25,"PHI","PG",76,1,1706,210,421,0.499,27,62,0.435,183,359,0.51,0.531,31,39,0.795,37,189,226,303,92,13,112,122,478,1,"",0
"228","adebaba01",2018,"Bam Adebayo",20,"MIA","C",69,19,1368,174,340,0.512,0,7,0,174,333,0.523,0.512,129,179,0.721,118,263,381,101,32,41,66,138,477,0,"",0
"229","koufoko01",2018,"Kosta Koufos",28,"SAC","C",71,12,1391,222,389,0.571,0,0,NA,222,389,0.571,0.571,33,74,0.446,149,323,472,87,47,32,49,146,477,0,"",0
"230","macksh01",2018,"Shelvin Mack",27,"ORL","PG",69,3,1365,178,414,0.43,48,139,0.345,130,275,0.473,0.488,69,97,0.711,23,143,166,272,54,8,89,91,473,0,"",0
"231","dienggo01",2018,"Gorgui Dieng",28,"MIN","C",79,0,1333,186,388,0.479,19,61,0.311,167,327,0.511,0.504,79,102,0.775,106,254,360,71,45,39,59,147,470,0,"",0
"232","biyombi01",2018,"Bismack Biyombo",25,"ORL","C",82,25,1495,183,352,0.52,0,1,0,183,351,0.521,0.52,102,157,0.65,144,324,468,66,21,95,84,158,468,0,"",0
"233","jackja01",2018,"Jarrett Jack",34,"NYK","PG",62,56,1548,189,443,0.427,25,86,0.291,164,357,0.459,0.455,63,75,0.84,22,169,191,348,35,4,115,98,466,1,"",0
"234","ntilila01",2018,"Frank Ntilikina",19,"NYK","PG",78,9,1706,182,500,0.364,50,157,0.318,132,343,0.385,0.414,49,68,0.721,37,140,177,250,65,18,131,181,463,0,"",0
"235","burketr01",2018,"Trey Burke",25,"NYK","PG",36,9,785,193,384,0.503,38,105,0.362,155,279,0.556,0.552,37,57,0.649,13,58,71,170,24,4,43,43,461,0,"",0
"236","mbahalu01",2018,"Luc Mbah a Moute",31,"HOU","PF",61,15,1564,166,345,0.481,63,173,0.364,103,172,0.599,0.572,65,95,0.684,22,164,186,55,72,25,68,100,460,0,"6MOY-12",0
"237","bertada01",2018,"Dāvis Bertāns",25,"SAS","PF",77,10,1086,161,366,0.44,94,252,0.373,67,114,0.588,0.568,40,49,0.816,18,135,153,74,26,28,36,93,456,0,"",0
"238","bjeline01",2018,"Nemanja Bjelica",29,"MIN","PF",67,21,1371,171,371,0.461,76,183,0.415,95,188,0.505,0.563,36,45,0.8,53,221,274,86,50,16,52,141,454,0,"",0
"239","jacksju01",2018,"Justin Jackson",22,"SAC","SF",68,41,1506,185,419,0.442,57,185,0.308,128,234,0.547,0.51,26,36,0.722,27,160,187,74,28,13,40,81,453,0,"",0
"240","taylois01",2018,"Isaiah Taylor",23,"ATL","PG",67,9,1167,163,390,0.418,20,80,0.25,143,310,0.461,0.444,99,141,0.702,22,72,94,206,34,10,84,116,445,0,"",0
"241","connapa01",2018,"Pat Connaughton",25,"POR","SG",82,5,1488,165,390,0.423,74,210,0.352,91,180,0.506,0.518,37,44,0.841,36,125,161,91,23,22,43,120,441,0,"",0
"242","zellety01",2018,"Tyler Zeller",28,"2TM","C",66,34,1109,187,334,0.56,10,28,0.357,177,306,0.578,0.575,57,79,0.722,110,195,305,47,15,35,47,126,441,0,"",0
"243","anunoog01",2018,"OG Anunoby",20,"TOR","SF",74,62,1481,163,346,0.471,73,197,0.371,90,149,0.604,0.577,39,62,0.629,44,140,184,55,52,14,45,130,438,0,"",0
"244","jerebjo01",2018,"Jonas Jerebko",30,"UTA","PF",74,19,1134,159,341,0.466,65,157,0.414,94,184,0.511,0.562,46,57,0.807,53,193,246,42,24,12,27,127,429,0,"",0
"245","teodomi01",2018,"Miloš Teodosić",30,"LAC","PG",45,36,1134,151,360,0.419,88,232,0.379,63,128,0.492,0.542,39,46,0.848,16,110,126,209,23,5,97,103,429,0,"",0
"246","waitedi01",2018,"Dion Waiters",26,"MIA","SG",30,30,918,163,410,0.398,52,170,0.306,111,240,0.463,0.461,51,69,0.739,8,69,77,113,23,9,70,61,429,0,"",0
"247","booketr01",2018,"Trevor Booker",30,"3TM","PF",68,7,1158,177,343,0.516,8,33,0.242,169,310,0.545,0.528,66,93,0.71,117,201,318,82,28,21,59,119,428,0,"",0
"248","mclembe01",2018,"Ben McLemore",24,"MEM","SG",56,17,1091,157,373,0.421,55,159,0.346,102,214,0.477,0.495,53,64,0.828,34,105,139,51,38,15,61,139,422,0,"",0
"249","monkma01",2018,"Malik Monk",19,"CHO","SG",63,0,854,153,425,0.36,83,243,0.342,70,182,0.385,0.458,32,38,0.842,8,58,66,91,20,9,49,60,421,0,"",0
"250","parketo01",2018,"Tony Parker",35,"SAS","PG",55,21,1071,178,388,0.459,10,37,0.27,168,351,0.479,0.472,55,78,0.705,7,88,95,195,28,1,68,52,421,0,"",0
"251","cunnida01",2018,"Dante Cunningham",30,"2TM","SF",73,25,1562,164,364,0.451,58,168,0.345,106,196,0.541,0.53,31,52,0.596,78,220,298,48,39,30,33,111,417,0,"",0
"252","jonesty01",2018,"Tyus Jones",21,"MIN","PG",82,11,1467,150,328,0.457,45,129,0.349,105,199,0.528,0.526,71,81,0.877,16,116,132,232,95,6,59,110,416,0,"",0
"253","davised01",2018,"Ed Davis",28,"POR","C",78,0,1471,170,292,0.582,0,1,0,170,291,0.584,0.582,74,111,0.667,183,392,575,40,32,52,66,188,414,0,"",0
"254","masonfr01",2018,"Frank Mason III",23,"SAC","PG",52,2,984,144,380,0.379,31,86,0.36,113,294,0.384,0.42,94,115,0.817,30,100,130,147,34,10,65,72,413,0,"",0
"255","acyqu01",2018,"Quincy Acy",27,"BRK","PF",70,8,1359,130,365,0.356,102,292,0.349,28,73,0.384,0.496,49,60,0.817,40,217,257,57,33,29,60,149,411,0,"",0
"256","dorsety01",2018,"Tyler Dorsey",21,"ATL","SG",56,5,974,144,382,0.377,72,199,0.362,72,183,0.393,0.471,45,63,0.714,17,113,130,79,17,5,37,63,405,0,"",0
"257","muscami01",2018,"Mike Muscala",26,"ATL","C",53,7,1060,143,312,0.458,62,167,0.371,81,145,0.559,0.558,57,62,0.919,56,174,230,51,31,27,42,80,405,0,"",0
"258","johnswe01",2018,"Wesley Johnson",30,"LAC","SF",74,40,1486,150,368,0.408,60,177,0.339,90,191,0.471,0.489,43,58,0.741,29,187,216,61,76,62,55,146,403,0,"",0
"259","speigma01",2018,"Marreese Speights",30,"ORL","C",52,3,675,138,349,0.395,86,233,0.369,52,116,0.448,0.519,40,55,0.727,21,112,133,40,8,22,40,106,402,0,"",0
"260","lavinza01",2018,"Zach LaVine",22,"CHI","SG",24,24,656,136,355,0.383,42,123,0.341,94,232,0.405,0.442,87,107,0.813,9,85,94,72,24,4,43,55,401,0,"",0
"261","livinsh01",2018,"Shaun Livingston",32,"GSW","PG",71,7,1129,172,343,0.501,0,5,0,172,338,0.509,0.501,50,61,0.82,32,99,131,140,35,21,58,117,394,0,"",0
"262","parkeja01",2018,"Jabari Parker",22,"MIL","PF",31,3,743,160,332,0.482,31,81,0.383,129,251,0.514,0.529,40,54,0.741,42,109,151,59,25,10,45,50,391,0,"",0
"263","klebima01",2018,"Maxi Kleber",26,"DAL","PF",72,35,1206,151,309,0.489,40,128,0.313,111,181,0.613,0.553,44,59,0.746,71,163,234,51,26,47,30,114,386,0,"",0
"264","harklma01",2018,"Maurice Harkless",24,"POR","SF",59,37,1264,147,297,0.495,49,118,0.415,98,179,0.547,0.577,42,59,0.712,46,116,162,53,48,43,40,103,385,0,"",0
"265","powelno01",2018,"Norman Powell",24,"TOR","SG",70,18,1062,150,374,0.401,53,186,0.285,97,188,0.516,0.472,32,39,0.821,14,105,119,89,37,16,66,111,385,0,"",0
"266","iguodan01",2018,"Andre Iguodala",34,"GSW","SF",64,7,1622,148,320,0.463,33,117,0.282,115,203,0.567,0.514,55,87,0.632,50,196,246,210,54,38,67,99,384,0,"",0
"267","breweco01",2018,"Corey Brewer",31,"2TM","SF",72,18,1208,142,316,0.449,31,110,0.282,111,206,0.539,0.498,65,90,0.722,43,111,154,65,79,14,49,139,380,0,"",0
"268","pachuza01",2018,"Zaza Pachulia",33,"GSW","C",69,57,972,149,264,0.564,0,1,0,149,263,0.567,0.564,75,93,0.806,89,232,321,109,38,17,72,122,373,0,"",0
"269","johnsjo02",2018,"Joe Johnson",36,"2TM","SF",55,4,1205,146,360,0.406,40,145,0.276,106,215,0.493,0.461,40,45,0.889,14,158,172,83,18,7,49,67,372,0,"",0
"270","mahinia01",2018,"Ian Mahinmi",31,"WAS","C",77,0,1145,138,248,0.556,0,2,0,138,246,0.561,0.556,90,128,0.703,135,177,312,53,38,42,100,230,366,0,"",0
"271","davisde01",2018,"Deyonta Davis",21,"MEM","C",62,6,943,161,265,0.608,0,0,NA,161,265,0.608,0.608,38,57,0.667,75,175,250,40,15,39,32,125,360,0,"",0
"272","gallola01",2018,"Langston Galloway",26,"DET","SG",58,2,863,126,340,0.371,75,218,0.344,51,122,0.418,0.481,33,41,0.805,13,79,92,58,35,5,18,39,360,0,"",0
"273","makerth01",2018,"Thon Maker",20,"MIL","C",74,12,1238,130,316,0.411,31,104,0.298,99,212,0.467,0.46,65,93,0.699,75,150,225,46,38,53,44,162,356,0,"",0
"274","abrinal01",2018,"Álex Abrines",24,"OKC","SG",75,8,1134,115,291,0.395,84,221,0.38,31,70,0.443,0.54,39,46,0.848,26,88,114,28,38,8,25,124,353,0,"",0
"275","onealro01",2018,"Royce O'Neale",24,"UTA","SF",69,4,1150,120,284,0.423,42,118,0.356,78,166,0.47,0.496,61,76,0.803,25,211,236,95,36,16,55,105,343,0,"",0
"276","johnsam01",2018,"Amir Johnson",30,"PHI","C",74,18,1171,140,260,0.538,10,32,0.313,130,228,0.57,0.558,52,85,0.612,123,207,330,118,45,44,55,192,342,0,"",0
"277","hilarne01",2018,"Nenê",35,"HOU","C",52,4,758,136,239,0.569,0,2,0,136,237,0.574,0.569,68,107,0.636,54,122,176,45,28,14,38,123,340,0,"",0
"278","delanma01",2018,"Malcolm Delaney",28,"ATL","PG",54,3,1014,109,285,0.382,46,124,0.371,63,161,0.391,0.463,74,92,0.804,9,91,100,163,35,6,66,82,338,0,"",0
"279","jamesmi02",2018,"Mike James",27,"2TM","PG",36,10,687,123,321,0.383,26,98,0.265,97,223,0.435,0.424,64,84,0.762,13,77,90,126,28,7,49,48,336,0,"",0
"280","theisda01",2018,"Daniel Theis",25,"BOS","C",63,3,936,126,233,0.541,18,58,0.31,108,175,0.617,0.579,61,81,0.753,90,184,274,56,30,48,56,157,331,0,"",0
"281","kilpase01",2018,"Sean Kilpatrick",28,"4TM","SG",52,1,640,110,294,0.374,46,144,0.319,64,150,0.427,0.452,64,72,0.889,5,82,87,46,13,5,38,33,330,0,"",0
"282","seldewa01",2018,"Wayne Selden",23,"MEM","SG",35,9,692,116,269,0.431,49,122,0.402,67,147,0.456,0.522,44,59,0.746,16,40,56,66,18,5,54,59,325,0,"",0
"283","gallida01",2018,"Danilo Gallinari",29,"LAC","SF",21,21,671,102,256,0.398,36,111,0.324,66,145,0.455,0.469,81,87,0.931,9,92,101,41,12,10,26,30,321,0,"",0
"284","pattepa01",2018,"Patrick Patterson",28,"OKC","PF",82,3,1270,106,266,0.398,66,171,0.386,40,95,0.421,0.523,40,46,0.87,32,161,193,57,48,23,33,87,318,0,"",0
"285","cartevi01",2018,"Vince Carter",41,"SAC","SF",58,4,1026,114,283,0.403,57,165,0.345,57,118,0.483,0.504,28,37,0.757,18,130,148,69,42,26,36,96,313,0,"",0
"286","cookqu01",2018,"Quinn Cook",24,"GSW","PG",33,18,740,122,252,0.484,46,104,0.442,76,148,0.514,0.575,22,25,0.88,10,72,82,89,12,1,32,59,312,0,"",0
"287","sefolth01",2018,"Thabo Sefolosha",33,"UTA","SF",38,6,806,118,240,0.492,32,84,0.381,86,156,0.551,0.558,44,54,0.815,29,132,161,33,52,12,30,59,312,0,"",0
"288","holmeri01",2018,"Richaun Holmes",24,"PHI","C",48,2,746,135,241,0.56,4,31,0.129,131,210,0.624,0.568,37,56,0.661,57,154,211,61,20,29,25,97,311,0,"",0
"289","mcgeeja01",2018,"JaVale McGee",30,"GSW","C",65,17,615,136,219,0.621,0,6,0,136,213,0.638,0.621,38,52,0.731,59,110,169,33,21,57,27,91,310,0,"",0
"290","feliccr01",2018,"Cristiano Felício",25,"CHI","C",55,16,977,127,215,0.591,0,2,0,127,213,0.596,0.591,54,81,0.667,83,150,233,55,16,11,54,104,308,0,"",0
"291","bayleje01",2018,"Jerryd Bayless",29,"PHI","SG",39,11,925,109,262,0.416,54,146,0.37,55,116,0.474,0.519,35,44,0.795,15,65,80,54,23,6,46,91,307,0,"",0
"292","thomptr01",2018,"Tristan Thompson",26,"CLE","C",53,22,1072,132,235,0.562,0,0,NA,132,235,0.562,0.562,43,79,0.544,126,226,352,33,16,17,36,102,307,0,"",0
"293","dekkesa01",2018,"Sam Dekker",23,"LAC","PF",73,1,883,128,259,0.494,10,60,0.167,118,199,0.593,0.514,37,56,0.661,44,130,174,38,24,9,33,71,303,0,"",0
"294","casspom01",2018,"Omri Casspi",29,"GSW","SF",53,7,740,120,207,0.58,10,22,0.455,110,185,0.595,0.604,50,69,0.725,30,170,200,51,18,19,37,71,300,0,"",0
"295","chandty01",2018,"Tyson Chandler",35,"PHO","C",46,46,1151,121,187,0.647,0,0,NA,121,187,0.647,0.647,58,93,0.624,134,284,418,53,16,27,59,106,300,0,"",0
"296","luwawti01",2018,"Timothé Luwawu-Cabarrot",22,"PHI","SF",52,7,807,100,267,0.375,53,158,0.335,47,109,0.431,0.474,46,58,0.793,14,58,72,54,12,5,38,97,299,0,"",0
"297","thomala01",2018,"Lance Thomas",29,"NYK","PF",73,31,1353,102,267,0.382,50,124,0.403,52,143,0.364,0.476,44,53,0.83,44,131,175,44,30,14,40,134,298,0,"",0
"298","colliza01",2018,"Zach Collins",20,"POR","C",66,1,1045,115,289,0.398,35,113,0.31,80,176,0.455,0.458,27,42,0.643,45,176,221,52,17,31,58,133,292,0,"",0
"299","wallaty01",2018,"Tyrone Wallace",23,"LAC","PG",30,19,851,110,247,0.445,10,40,0.25,100,207,0.483,0.466,61,78,0.782,21,84,105,71,27,13,46,83,291,0,"",0
"300","parsoch01",2018,"Chandler Parsons",29,"MEM","SF",36,8,691,108,234,0.462,51,121,0.421,57,113,0.504,0.571,17,27,0.63,14,76,90,69,18,11,35,53,284,0,"",0
"301","thornsi01",2018,"Sindarius Thornwell",23,"LAC","SG",73,16,1156,100,233,0.429,23,61,0.377,77,172,0.448,0.479,59,88,0.67,33,107,140,68,48,25,53,125,282,0,"",0
"302","grahatr01",2018,"Treveon Graham",24,"CHO","SG",63,2,1050,96,221,0.434,40,97,0.412,56,124,0.452,0.525,41,59,0.695,42,79,121,59,33,2,27,109,273,0,"",0
"303","looneke01",2018,"Kevon Looney",21,"GSW","C",66,4,910,112,193,0.58,1,5,0.2,111,188,0.59,0.583,42,77,0.545,83,132,215,42,34,56,31,106,267,0,"",0
"304","fryech01",2018,"Channing Frye",34,"2TM","C",53,1,695,104,212,0.491,39,115,0.339,65,97,0.67,0.583,17,19,0.895,12,123,135,38,18,13,21,69,264,0,"",0
"305","vonleno01",2018,"Noah Vonleh",22,"2TM","PF",54,16,875,104,234,0.444,20,66,0.303,84,168,0.5,0.487,36,58,0.621,70,241,311,34,19,17,31,68,264,0,"",0
"306","belljo01",2018,"Jordan Bell",23,"GSW","C",57,13,809,116,185,0.627,0,4,0,116,181,0.641,0.627,30,44,0.682,60,147,207,102,35,56,51,92,262,0,"",0
"307","babbilu01",2018,"Luke Babbitt",28,"2TM","SF",50,14,715,91,215,0.423,60,156,0.385,31,59,0.525,0.563,17,22,0.773,7,89,96,31,8,7,19,54,259,0,"",0
"308","caldejo01",2018,"José Calderón",36,"CLE","PG",57,32,914,93,185,0.503,45,97,0.464,48,88,0.545,0.624,24,30,0.8,14,70,84,117,27,2,41,81,255,0,"",0
"309","diallch01",2018,"Cheick Diallo",21,"NOP","PF",52,0,581,102,176,0.58,0,0,NA,102,176,0.58,0.58,50,66,0.758,47,164,211,19,11,21,28,82,254,0,"",0
"310","jeffeal01",2018,"Al Jefferson",33,"IND","C",36,1,484,111,208,0.534,0,3,0,111,205,0.541,0.534,30,36,0.833,30,113,143,30,16,23,21,66,252,0,"",0
"311","nelsoja01",2018,"Jameer Nelson",35,"2TM","PG",50,0,1013,95,244,0.389,41,124,0.331,54,120,0.45,0.473,16,20,0.8,13,91,104,179,27,4,67,81,247,0,"",0
"312","hernawi01",2018,"Willy Hernangómez",23,"2TM","C",48,1,495,91,164,0.555,5,12,0.417,86,152,0.566,0.57,59,90,0.656,61,122,183,33,18,16,35,64,246,0,"",0
"313","cartemi01",2018,"Michael Carter-Williams",26,"CHO","PG",52,2,835,76,229,0.332,14,59,0.237,62,170,0.365,0.362,73,89,0.82,37,101,138,116,44,23,52,99,239,0,"",0
"314","osmande01",2018,"Cedi Osman",22,"CLE","SF",61,12,672,90,186,0.484,32,87,0.368,58,99,0.586,0.57,26,46,0.565,19,101,120,41,22,3,32,78,238,0,"",0
"315","plumlmi01",2018,"Miles Plumlee",29,"ATL","C",55,35,918,105,180,0.583,0,0,NA,105,180,0.583,0.583,27,60,0.45,77,151,228,45,17,30,63,79,237,0,"",0
"316","anderju01",2018,"Justin Anderson",24,"PHI","SF",38,0,519,87,202,0.431,34,103,0.33,53,99,0.535,0.515,28,38,0.737,25,68,93,25,15,7,16,54,236,0,"",0
"317","marjabo01",2018,"Boban Marjanović",29,"2TM","C",39,1,337,79,148,0.534,0,0,NA,79,148,0.534,0.534,77,97,0.794,48,96,144,22,10,11,36,51,235,0,"",0
"318","zelleco01",2018,"Cody Zeller",25,"CHO","C",33,0,627,85,156,0.545,2,3,0.667,83,153,0.542,0.551,61,85,0.718,67,110,177,31,14,21,33,81,233,0,"",0
"319","evansja01",2018,"Jawun Evans",21,"LAC","PG",48,4,778,89,253,0.352,15,54,0.278,74,199,0.372,0.381,38,49,0.776,9,75,84,100,36,6,44,97,231,0,"",0
"320","larkish01",2018,"Shane Larkin",25,"BOS","PG",54,2,775,84,219,0.384,31,86,0.36,53,133,0.398,0.454,32,37,0.865,15,77,92,98,29,2,33,58,231,0,"",0
"321","iwundwe01",2018,"Wes Iwundu",23,"ORL","SF",62,12,1020,93,218,0.427,9,46,0.196,84,172,0.488,0.447,34,47,0.723,36,101,137,57,33,12,30,81,229,0,"",0
"322","mccawpa01",2018,"Patrick McCaw",22,"GSW","SG",57,10,961,92,225,0.409,19,80,0.238,73,145,0.503,0.451,26,34,0.765,16,66,82,81,43,10,41,67,229,0,"",0
"323","lauvejo01",2018,"Joffrey Lauvergne",26,"SAS","C",55,1,534,98,190,0.516,0,5,0,98,185,0.53,0.516,30,47,0.638,63,108,171,41,9,3,33,45,226,0,"",0
"324","ennisty01",2018,"Tyler Ennis",23,"LAL","PG",54,11,683,94,224,0.42,14,56,0.25,80,168,0.476,0.451,22,29,0.759,19,76,95,105,30,10,38,75,224,0,"",0
"325","payneca01",2018,"Cameron Payne",23,"CHI","PG",25,14,582,87,215,0.405,35,91,0.385,52,124,0.419,0.486,12,16,0.75,18,51,69,113,26,9,36,44,221,0,"",0
"326","zipsepa01",2018,"Paul Zipser",23,"CHI","SF",54,12,824,81,234,0.346,37,110,0.336,44,124,0.355,0.425,19,25,0.76,13,118,131,46,20,15,43,86,218,0,"",0
"327","brownst02",2018,"Sterling Brown",22,"MIL","SG",54,4,776,82,205,0.4,32,91,0.352,50,114,0.439,0.478,21,24,0.875,27,116,143,25,31,13,25,80,217,0,"",0
"328","buyckdw01",2018,"Dwight Buycks",28,"DET","PG",29,0,427,82,198,0.414,15,45,0.333,67,153,0.438,0.452,36,41,0.878,12,29,41,59,19,2,39,39,215,0,"",0
"329","mejrisa01",2018,"Salah Mejri",31,"DAL","C",61,1,729,88,137,0.642,0,3,0,88,134,0.657,0.642,38,66,0.576,85,161,246,35,22,67,39,121,214,0,"",0
"330","muhamsh01",2018,"Shabazz Muhammad",25,"2TM","SG",43,2,418,84,188,0.447,7,27,0.259,77,161,0.478,0.465,39,50,0.78,23,53,76,14,9,3,6,30,214,0,"",0
"331","rosste01",2018,"Terrence Ross",26,"ORL","SG",24,20,600,76,191,0.398,30,93,0.323,46,98,0.469,0.476,27,36,0.75,10,63,73,38,27,11,29,45,209,0,"",0
"332","willicj01",2018,"C.J. Williams",27,"LAC","SG",38,18,707,87,197,0.442,22,78,0.282,65,119,0.546,0.497,13,16,0.813,12,44,56,43,31,13,20,63,209,0,"",0
"333","rosede01",2018,"Derrick Rose",29,"2TM","PG",25,7,420,81,186,0.435,7,30,0.233,74,156,0.474,0.454,40,46,0.87,13,22,35,37,7,4,35,16,209,0,"",0
"334","youngjo01",2018,"Joe Young",25,"IND","PG",53,1,558,80,186,0.43,25,66,0.379,55,120,0.458,0.497,22,29,0.759,12,51,63,39,14,1,26,39,207,0,"",0
"335","conlemi01",2018,"Mike Conley",30,"MEM","PG",12,12,373,64,168,0.381,24,77,0.312,40,91,0.44,0.452,53,66,0.803,0,27,27,49,12,3,18,24,205,0,"",0
"336","rabbiv01",2018,"Ivan Rabb",20,"MEM","PF",36,5,516,86,152,0.566,0,0,NA,86,152,0.566,0.566,29,36,0.806,53,105,158,32,12,13,35,55,201,0,"",0
"337","beaslma01",2018,"Malik Beasley",21,"DEN","SG",62,0,583,73,178,0.41,28,82,0.341,45,96,0.469,0.489,22,33,0.667,14,57,71,31,15,7,24,36,196,0,"",0
"338","simmoko01",2018,"Kobi Simmons",20,"MEM","PG",32,12,643,80,189,0.423,11,39,0.282,69,150,0.46,0.452,25,25,1,14,36,50,68,18,5,44,61,196,0,"",0
"339","ojelese01",2018,"Semi Ojeleye",23,"BOS","PF",73,0,1150,65,188,0.346,40,125,0.32,25,63,0.397,0.452,25,41,0.61,37,124,161,20,21,4,25,91,195,0,"",0
"340","reedwi02",2018,"Willie Reed",27,"2TM","C",42,5,428,81,121,0.669,1,2,0.5,80,119,0.672,0.674,32,55,0.582,35,86,121,10,9,22,19,56,195,0,"",0
"341","roberan03",2018,"Andre Roberson",26,"OKC","SG",39,39,1037,87,162,0.537,8,36,0.222,79,126,0.627,0.562,12,38,0.316,75,110,185,46,45,35,30,89,194,0,"",0
"342","fergute01",2018,"Terrance Ferguson",19,"OKC","SG",61,12,763,70,169,0.414,40,120,0.333,30,49,0.612,0.533,9,10,0.9,19,28,47,19,24,10,11,83,189,0,"",0
"343","farieke01",2018,"Kenneth Faried",28,"DEN","PF",32,7,461,76,148,0.514,0,1,0,76,147,0.517,0.514,36,51,0.706,68,85,153,18,12,13,23,51,188,0,"",0
"344","cavanty01",2018,"Tyler Cavanaugh",23,"ATL","PF",39,1,518,67,152,0.441,32,89,0.36,35,63,0.556,0.546,17,21,0.81,45,82,127,27,9,4,14,61,183,0,"",0
"345","netora01",2018,"Raul Neto",25,"UTA","PG",41,0,498,69,151,0.457,19,47,0.404,50,104,0.481,0.52,26,35,0.743,7,42,49,75,13,4,36,38,183,0,"",0
"346","dotsoda01",2018,"Damyean Dotson",23,"NYK","SG",44,2,474,72,161,0.447,22,68,0.324,50,93,0.538,0.516,16,23,0.696,9,75,84,31,12,2,17,34,182,0,"",0
"347","stausni01",2018,"Nik Stauskas",24,"2TM","SG",41,0,523,60,154,0.39,40,100,0.4,20,54,0.37,0.519,21,29,0.724,4,60,64,39,9,4,26,24,181,0,"",0
"348","blackta01",2018,"Tarik Black",26,"HOU","C",51,2,536,75,127,0.591,1,11,0.091,74,116,0.638,0.594,29,63,0.46,63,100,163,13,21,30,35,107,180,0,"",0
"349","afflaar01",2018,"Arron Afflalo",32,"ORL","SG",53,3,682,65,162,0.401,27,70,0.386,38,92,0.413,0.485,22,26,0.846,4,62,66,30,4,9,21,56,179,0,"",0
"350","birchkh01",2018,"Khem Birch",25,"ORL","C",42,0,578,68,126,0.54,0,0,NA,68,126,0.54,0.54,42,61,0.689,70,110,180,34,15,21,21,56,178,0,"",0
"351","fraziti01",2018,"Tim Frazier",27,"WAS","PG",59,11,838,68,172,0.395,17,56,0.304,51,116,0.44,0.445,23,30,0.767,18,97,115,194,47,7,57,97,176,0,"",0
"352","okafoja01",2018,"Jahlil Okafor",22,"2TM","C",28,0,353,77,138,0.558,1,4,0.25,76,134,0.567,0.562,21,29,0.724,21,64,85,12,3,18,21,51,176,0,"",0
"353","bacondw01",2018,"Dwayne Bacon",22,"CHO","SG",53,6,713,72,192,0.375,11,43,0.256,61,149,0.409,0.404,20,25,0.8,4,120,124,38,16,2,23,46,175,0,"",0
"354","canaais01",2018,"Isaiah Canaan",26,"2TM","SG",20,1,422,52,137,0.38,22,66,0.333,30,71,0.423,0.46,46,51,0.902,6,39,45,76,16,1,29,36,172,0,"",0
"355","obryajo01",2018,"Johnny O'Bryant",24,"CHO","PF",36,0,379,68,171,0.398,14,43,0.326,54,128,0.422,0.439,21,25,0.84,29,64,93,14,9,6,15,45,171,0,"",0
"356","terryja01",2018,"Jason Terry",40,"MIL","SG",51,4,814,59,154,0.383,40,115,0.348,19,39,0.487,0.513,8,9,0.889,5,43,48,59,42,13,25,52,166,0,"",0
"357","dellama01",2018,"Matthew Dellavedova",27,"MIL","PG",38,3,712,55,152,0.362,29,78,0.372,26,74,0.351,0.457,25,27,0.926,14,50,64,145,14,0,49,67,164,0,"",0
"358","craigto01",2018,"Torrey Craig",27,"DEN","SF",39,5,629,62,137,0.453,17,58,0.293,45,79,0.57,0.515,22,35,0.629,40,87,127,25,12,15,20,63,163,0,"",0
"359","udohek01",2018,"Ekpe Udoh",30,"UTA","C",63,3,810,60,120,0.5,0,1,0,60,119,0.504,0.5,42,56,0.75,68,82,150,53,43,74,20,105,162,0,"",0
"360","leeda03",2018,"Damion Lee",25,"ATL","SG",15,11,404,62,152,0.408,15,60,0.25,47,92,0.511,0.457,22,29,0.759,11,60,71,29,19,1,14,25,161,0,"",0
"361","zubaciv01",2018,"Ivica Zubac",20,"LAL","C",43,0,410,61,122,0.5,0,1,0,61,121,0.504,0.5,39,51,0.765,45,78,123,25,8,15,26,47,161,0,"",0
"362","huestjo01",2018,"Josh Huestis",26,"OKC","PF",69,10,982,60,182,0.33,33,115,0.287,27,67,0.403,0.42,6,20,0.3,42,119,161,20,15,43,26,82,159,0,"",0
"363","leaftj01",2018,"T.J. Leaf",20,"IND","PF",53,0,459,64,136,0.471,18,42,0.429,46,94,0.489,0.537,10,16,0.625,29,53,82,9,5,4,10,45,156,0,"",0
"364","dudleja01",2018,"Jared Dudley",32,"PHO","PF",48,0,686,48,122,0.393,29,80,0.363,19,42,0.452,0.512,27,35,0.771,8,86,94,78,24,11,28,85,152,0,"",0
"365","harrish01",2018,"Shaquille Harrison",24,"PHO","PG",23,2,384,59,124,0.476,6,26,0.231,53,98,0.541,0.5,28,38,0.737,9,52,61,55,26,7,22,42,152,0,"",0
"366","houseda01",2018,"Danuel House Jr.",24,"PHO","SG",23,3,403,56,129,0.434,15,58,0.259,41,71,0.577,0.492,25,31,0.806,13,63,76,25,7,6,11,23,152,0,"",0
"367","blakean01",2018,"Antonio Blakeney",21,"CHI","SG",19,0,314,53,143,0.371,15,52,0.288,38,91,0.418,0.423,30,39,0.769,4,29,33,20,7,1,11,19,151,0,"",0
"368","ellenhe01",2018,"Henry Ellenson",21,"DET","PF",38,0,329,53,146,0.363,20,60,0.333,33,86,0.384,0.432,25,29,0.862,10,71,81,20,5,0,18,22,151,0,"",0
"369","paulbr01",2018,"Brandon Paul",26,"SAS","SG",64,2,576,55,127,0.433,15,54,0.278,40,73,0.548,0.492,22,43,0.512,6,62,68,37,25,7,29,58,147,0,"",0
"370","leonaka01",2018,"Kawhi Leonard",26,"SAS","SF",9,9,210,52,111,0.468,11,35,0.314,41,76,0.539,0.518,31,38,0.816,6,36,42,21,18,9,16,9,146,0,"",0
"371","naderab01",2018,"Abdel Nader",24,"BOS","SF",48,1,522,50,149,0.336,23,65,0.354,27,84,0.321,0.413,23,39,0.59,13,58,71,26,15,10,34,45,146,0,"",0
"372","isaacjo01",2018,"Jonathan Isaac",20,"ORL","PF",27,10,536,55,145,0.379,16,46,0.348,39,99,0.394,0.434,19,25,0.76,16,83,99,18,33,30,27,48,145,0,"",0
"373","moreler01",2018,"Eric Moreland",26,"DET","PF",67,3,805,66,122,0.541,0,0,NA,66,122,0.541,0.541,11,29,0.379,81,197,278,78,31,51,42,116,143,0,"",0
"374","brookma01",2018,"MarShon Brooks",29,"MEM","SG",7,1,193,51,102,0.5,19,32,0.594,32,70,0.457,0.593,20,23,0.87,8,13,21,25,11,3,16,6,141,0,"",0
"375","wrighbr03",2018,"Brandan Wright",30,"2TM","PF",28,1,381,59,102,0.578,0,0,NA,59,102,0.578,0.578,21,33,0.636,33,62,95,13,13,26,8,32,139,0,"",0
"376","bembrde01",2018,"DeAndre' Bembry",23,"ATL","SF",26,3,455,53,128,0.414,11,30,0.367,42,98,0.429,0.457,19,33,0.576,8,64,72,49,21,12,47,38,136,0,"",0
"377","sessira01",2018,"Ramon Sessions",31,"2TM","PG",28,3,392,42,117,0.359,8,26,0.308,34,91,0.374,0.393,44,57,0.772,6,32,38,77,14,2,30,29,136,0,"",0
"378","beverpa01",2018,"Patrick Beverley",29,"LAC","SG",11,11,334,48,119,0.403,24,60,0.4,24,59,0.407,0.504,14,17,0.824,16,29,45,32,19,5,25,34,134,0,"",0
"379","carusal01",2018,"Alex Caruso",23,"LAL","PG",37,7,562,50,116,0.431,13,43,0.302,37,73,0.507,0.487,21,30,0.7,15,50,65,75,23,10,42,52,134,0,"",0
"380","kornelu01",2018,"Luke Kornet",22,"NYK","C",20,1,326,49,125,0.392,28,79,0.354,21,46,0.457,0.504,8,11,0.727,11,53,64,26,6,16,12,28,134,0,"",0
"381","willitr02",2018,"Troy Williams",23,"2TM","SF",21,1,307,51,109,0.468,11,38,0.289,40,71,0.563,0.518,20,30,0.667,22,41,63,16,20,4,19,34,133,0,"",0
"382","mozgoti01",2018,"Timofey Mozgov",31,"BRK","C",31,13,359,52,93,0.559,4,18,0.222,48,75,0.64,0.581,23,30,0.767,32,66,98,11,5,13,33,39,131,0,"",0
"383","noelne01",2018,"Nerlens Noel",23,"DAL","C",30,6,472,55,105,0.524,0,1,0,55,104,0.529,0.524,21,28,0.75,48,120,168,20,31,22,26,59,131,0,"",0
"384","finnedo01",2018,"Dorian Finney-Smith",24,"DAL","PF",21,13,448,46,121,0.38,20,67,0.299,26,54,0.481,0.463,11,15,0.733,22,53,75,26,10,4,21,43,123,0,"",0
"385","noguelu01",2018,"Lucas Nogueira",25,"TOR","C",49,3,418,49,80,0.613,5,19,0.263,44,61,0.721,0.644,19,28,0.679,18,69,87,22,23,43,16,49,122,0,"",0
"386","zizican01",2018,"Ante Žižić",21,"CLE","C",32,2,214,49,67,0.731,0,0,NA,49,67,0.731,0.731,21,29,0.724,24,36,60,5,2,13,11,30,119,0,"",0
"387","exumda01",2018,"Dante Exum",22,"UTA","PG",14,0,235,42,87,0.483,5,18,0.278,37,69,0.536,0.511,25,31,0.806,4,22,26,43,8,3,20,20,114,0,"",0
"388","okafoem01",2018,"Emeka Okafor",35,"NOP","C",26,19,353,48,95,0.505,0,0,NA,48,95,0.505,0.505,18,22,0.818,47,73,120,8,8,25,13,30,114,0,"",0
"389","smithja02",2018,"Jason Smith",31,"WAS","C",33,2,285,45,115,0.391,4,32,0.125,41,83,0.494,0.409,19,21,0.905,18,35,53,14,3,13,16,44,113,0,"",0
"390","leoname01",2018,"Meyers Leonard",25,"POR","C",33,2,254,46,78,0.59,11,26,0.423,35,52,0.673,0.66,9,11,0.818,12,58,70,17,7,0,10,36,112,0,"",0
"391","henrymy01",2018,"Myke Henry",25,"MEM","SF",20,0,378,41,109,0.376,19,58,0.328,22,51,0.431,0.463,6,10,0.6,10,28,38,22,31,6,19,28,107,0,"",0
"392","wilsoja02",2018,"Jamil Wilson",27,"LAC","SF",15,10,274,38,81,0.469,27,63,0.429,11,18,0.611,0.636,2,4,0.5,3,29,32,10,5,8,8,34,105,0,"",0
"393","allento01",2018,"Tony Allen",36,"NOP","SF",22,0,273,44,91,0.484,4,12,0.333,40,79,0.506,0.505,11,21,0.524,20,27,47,9,11,3,19,49,103,0,"",0
"394","sampsja02",2018,"JaKarr Sampson",24,"SAC","SF",22,6,344,44,81,0.543,5,10,0.5,39,71,0.549,0.574,10,16,0.625,21,57,78,9,8,22,8,48,103,0,"",0
"395","colliky01",2018,"Kyle Collinsworth",26,"DAL","SF",32,2,480,38,99,0.384,4,17,0.235,34,82,0.415,0.404,21,40,0.525,32,75,107,56,17,9,24,44,101,0,"",0
"396","liggide01",2018,"DeAndre Liggins",29,"2TM","SG",58,4,724,40,106,0.377,19,53,0.358,21,53,0.396,0.467,2,5,0.4,7,68,75,48,37,14,20,81,101,0,"",0
"397","fultzma01",2018,"Markelle Fultz",19,"PHI","SG",14,0,253,45,111,0.405,0,1,0,45,110,0.409,0.405,10,21,0.476,11,32,43,53,12,4,17,22,100,1,"",0
"398","whiteis01",2018,"Isaiah Whitehead",22,"BRK","PG",16,0,180,40,86,0.465,7,18,0.389,33,68,0.485,0.506,13,19,0.684,4,22,26,20,8,2,24,23,100,0,"",0
"399","motlejo01",2018,"Johnathan Motley",22,"DAL","PF",11,4,176,40,75,0.533,1,6,0.167,39,69,0.565,0.54,15,28,0.536,14,35,49,7,3,2,9,18,96,0,"",0
"400","purviro01",2018,"Rodney Purvis",23,"ORL","SG",16,2,290,35,107,0.327,13,52,0.25,22,55,0.4,0.388,13,15,0.867,1,26,27,17,3,3,10,26,96,0,"",0
"401","robingl02",2018,"Glenn Robinson III",24,"IND","SF",23,1,338,36,85,0.424,14,34,0.412,22,51,0.431,0.506,9,11,0.818,11,26,37,17,13,1,5,14,95,0,"",0
"402","mickejo01",2018,"Jordan Mickey",23,"MIA","PF",23,3,284,39,82,0.476,2,16,0.125,37,66,0.561,0.488,13,19,0.684,18,63,81,9,6,10,18,36,93,0,"",0
"403","mcgruro01",2018,"Rodney McGruder",26,"MIA","SG",18,2,299,36,73,0.493,15,35,0.429,21,38,0.553,0.596,4,8,0.5,11,22,33,17,8,3,4,21,91,0,"",0
"404","richama01",2018,"Malachi Richardson",22,"2TM","SG",26,4,324,30,90,0.333,12,40,0.3,18,50,0.36,0.4,17,22,0.773,5,29,34,13,10,1,10,27,89,0,"",0
"405","hernaju01",2018,"Juancho Hernangómez",22,"DEN","PF",25,3,277,29,75,0.387,14,50,0.28,15,25,0.6,0.48,10,12,0.833,18,36,54,12,6,3,9,25,82,0,"",0
"406","peteral01",2018,"Alec Peters",22,"PHO","PF",20,0,225,28,74,0.378,18,58,0.31,10,16,0.625,0.5,8,10,0.8,8,29,37,12,2,2,4,13,82,0,"",0
"407","hicksis01",2018,"Isaiah Hicks",23,"NYK","PF",18,0,240,33,72,0.458,2,9,0.222,31,63,0.492,0.472,12,18,0.667,10,31,41,16,2,4,16,45,80,0,"",0
"408","yabusgu01",2018,"Guerschon Yabusele",22,"BOS","PF",33,4,235,26,61,0.426,12,37,0.324,14,24,0.583,0.525,15,22,0.682,17,35,52,16,4,5,12,23,79,0,"",0
"409","artisja01",2018,"Jamel Artis",25,"ORL","SG",15,1,279,31,79,0.392,8,29,0.276,23,50,0.46,0.443,7,12,0.583,4,34,38,18,2,3,8,11,77,0,"",0
"410","brookaa01",2018,"Aaron Brooks",33,"MIN","PG",32,1,189,28,69,0.406,11,31,0.355,17,38,0.447,0.486,8,11,0.727,7,10,17,20,6,0,11,28,75,0,"",0
"411","weartr01",2018,"Travis Wear",27,"LAL","SF",17,0,228,25,72,0.347,17,47,0.362,8,25,0.32,0.465,8,8,1,0,38,38,7,4,5,6,30,75,0,"",0
"412","jonesja04",2018,"Jalen Jones",24,"2TM","SF",16,0,181,26,68,0.382,10,26,0.385,16,42,0.381,0.456,12,19,0.632,13,25,38,4,5,1,7,22,74,0,"",0
"413","jennibr01",2018,"Brandon Jennings",28,"MIL","PG",14,0,205,27,72,0.375,9,33,0.273,18,39,0.462,0.438,10,10,1,5,26,31,44,6,4,18,11,73,0,"",0
"414","bakerro01",2018,"Ron Baker",24,"NYK","SG",29,1,385,20,59,0.339,11,33,0.333,9,26,0.346,0.432,20,26,0.769,5,25,30,47,26,6,18,33,71,0,"",0
"415","teletmi01",2018,"Mirza Teletović",32,"MIL","PF",10,0,159,25,57,0.439,21,45,0.467,4,12,0.333,0.623,0,0,NA,3,20,23,10,4,1,7,14,71,0,"",0
"416","whitean01",2018,"Andrew White",24,"ATL","SF",15,0,209,25,73,0.342,18,49,0.367,7,24,0.292,0.466,1,4,0.25,4,30,34,6,3,1,8,12,69,0,"",0
"417","paytoga02",2018,"Gary Payton II",25,"2TM","PG",23,6,221,30,74,0.405,6,25,0.24,24,49,0.49,0.446,3,9,0.333,13,31,44,21,7,3,7,30,69,0,"",0
"418","vaughra01",2018,"Rashad Vaughn",21,"3TM","SG",28,0,212,23,56,0.411,14,37,0.378,9,19,0.474,0.536,4,6,0.667,3,18,21,13,5,3,6,15,64,0,"",0
"419","reedda01",2018,"Davon Reed",22,"PHO","SG",21,1,242,22,76,0.289,11,38,0.289,11,38,0.289,0.362,8,12,0.667,2,37,39,13,10,2,10,17,63,0,"",0
"420","shumpim01",2018,"Iman Shumpert",27,"CLE","SG",14,6,276,22,58,0.379,7,26,0.269,15,32,0.469,0.44,11,15,0.733,7,34,41,17,9,4,16,22,62,0,"",0
"421","swanica01",2018,"Caleb Swanigan",20,"POR","PF",27,3,189,24,60,0.4,1,8,0.125,23,52,0.442,0.408,12,18,0.667,15,39,54,14,5,3,18,37,61,0,"",0
"422","jonesde02",2018,"Derrick Jones Jr.",20,"2TM","SF",20,8,245,21,53,0.396,3,18,0.167,18,35,0.514,0.425,16,24,0.667,21,17,38,9,4,13,7,24,61,0,"",0
"423","harriaa01",2018,"Aaron Harrison",23,"DAL","SG",9,3,233,19,69,0.275,9,43,0.209,10,26,0.385,0.341,13,17,0.765,4,20,24,11,9,2,3,27,60,0,"",0
"424","georgma01",2018,"Marcus Georges-Hunt",23,"MIN","SG",42,0,224,21,48,0.438,4,15,0.267,17,33,0.515,0.479,13,21,0.619,7,9,16,7,6,0,3,32,59,0,"",0
"425","feldeka01",2018,"Kay Felder",22,"2TM","PG",16,0,140,21,70,0.3,4,19,0.211,17,51,0.333,0.329,11,12,0.917,3,15,18,20,3,1,16,11,57,0,"",0
"426","johnsda04",2018,"Dakari Johnson",22,"OKC","C",31,6,161,22,39,0.564,0,0,NA,22,39,0.564,0.564,11,20,0.55,16,18,34,8,6,8,3,27,55,0,"",0
"427","arthuda01",2018,"Darrell Arthur",29,"DEN","PF",19,1,141,22,47,0.468,8,23,0.348,14,24,0.583,0.553,2,3,0.667,3,12,15,9,8,3,15,22,54,0,"",0
"428","hollajo02",2018,"John Holland",29,"CLE","SF",24,0,174,17,59,0.288,11,36,0.306,6,23,0.261,0.381,9,13,0.692,6,18,24,5,7,2,8,10,54,0,"",0
"429","whitede01",2018,"Derrick White",23,"SAS","PG",17,0,139,16,33,0.485,8,13,0.615,8,20,0.4,0.606,14,20,0.7,5,21,26,9,4,3,6,8,54,0,"",0
"430","brownbo02",2018,"Bobby Brown",33,"HOU","PG",20,0,115,19,58,0.328,11,40,0.275,8,18,0.444,0.422,1,2,0.5,0,7,7,11,4,0,9,6,50,0,"",0
"431","weberbr01",2018,"Briante Weber",25,"2TM","PG",18,0,237,19,43,0.442,4,11,0.364,15,32,0.469,0.488,8,10,0.8,8,27,35,22,18,5,15,28,50,0,"",0
"432","arcidry01",2018,"Ryan Arcidiacono",23,"CHI","PG",24,0,304,17,41,0.415,9,31,0.29,8,10,0.8,0.524,5,6,0.833,1,24,25,35,13,0,13,18,48,0,"",0
"433","magetjo01",2018,"Josh Magette",28,"ATL","PG",18,0,216,15,46,0.326,8,22,0.364,7,24,0.292,0.413,8,8,1,2,17,19,57,8,1,9,16,46,0,"",0
"434","mcculch01",2018,"Chris McCullough",22,"WAS","PF",19,0,90,18,42,0.429,1,8,0.125,17,34,0.5,0.44,9,14,0.643,7,18,25,4,0,5,2,8,46,0,"",0
"435","pondequ01",2018,"Quincy Pondexter",29,"CHI","SF",23,1,196,14,49,0.286,3,22,0.136,11,27,0.407,0.316,14,17,0.824,8,19,27,9,8,2,11,24,45,0,"",0
"436","leuerjo01",2018,"Jon Leuer",28,"DET","PF",8,0,136,15,36,0.417,0,3,0,15,33,0.455,0.417,13,15,0.867,7,25,32,5,1,3,7,16,43,0,"",0
"437","johnsbr02",2018,"Brice Johnson",23,"2TM","PF",18,0,98,20,42,0.476,0,1,0,20,41,0.488,0.476,3,5,0.6,9,22,31,2,9,6,5,13,43,0,"",0
"438","cooleja01",2018,"Jack Cooley",26,"SAC","PF",7,0,87,13,27,0.481,0,0,NA,13,27,0.481,0.481,14,19,0.737,14,16,30,6,1,0,3,13,40,0,"",0
"439","birdja01",2018,"Jabari Bird",23,"BOS","SG",13,1,115,15,26,0.577,3,7,0.429,12,19,0.632,0.635,6,13,0.462,6,13,19,8,3,1,8,7,39,0,"",0
"440","baldwwa01",2018,"Wade Baldwin",21,"POR","PG",7,0,80,14,21,0.667,4,5,0.8,10,16,0.625,0.762,6,10,0.6,1,7,8,5,2,1,4,12,38,0,"",0
"441","millema01",2018,"Malcolm Miller",24,"TOR","SF",15,4,126,13,28,0.464,8,21,0.381,5,7,0.714,0.607,4,4,1,4,11,15,3,1,2,5,10,38,0,"",0
"442","bogutan01",2018,"Andrew Bogut",33,"LAL","C",24,5,216,17,25,0.68,0,0,NA,17,25,0.68,0.68,2,2,1,26,52,78,15,4,13,19,40,36,0,"",0
"443","papagge01",2018,"Georgios Papagiannis",20,"2TM","C",17,0,122,18,42,0.429,0,0,NA,18,42,0.429,0.429,0,0,NA,13,24,37,9,4,6,8,12,36,0,"",0
"444","doylemi01",2018,"Milton Doyle",24,"BRK","SG",10,0,125,13,47,0.277,4,23,0.174,9,24,0.375,0.319,4,8,0.5,3,15,18,10,6,2,2,13,34,0,"",0
"445","gibsojo01",2018,"Jonathan Gibson",30,"BOS","PG",4,0,40,14,23,0.609,6,12,0.5,8,11,0.727,0.739,0,0,NA,0,3,3,4,0,0,3,5,34,0,"",0
"446","laymaja01",2018,"Jake Layman",23,"POR","SF",35,1,160,14,47,0.298,4,20,0.2,10,27,0.37,0.34,2,3,0.667,4,12,16,11,6,4,5,13,34,0,"",0
"447","crawfjo02",2018,"Jordan Crawford",29,"NOP","SG",5,0,53,12,27,0.444,8,14,0.571,4,13,0.308,0.593,1,1,1,2,2,4,13,1,1,5,7,33,0,"",0
"448","wilkida02",2018,"Damien Wilkins",38,"IND","SF",19,1,152,13,39,0.333,4,18,0.222,9,21,0.429,0.385,3,4,0.75,5,11,16,9,2,1,5,7,33,0,"",0
"449","brownlo01",2018,"Lorenzo Brown",27,"TOR","PG",14,0,139,14,34,0.412,2,12,0.167,12,22,0.545,0.441,2,2,1,1,14,15,13,5,0,3,7,32,0,"",0
"450","grayjo01",2018,"Josh Gray",24,"PHO","PG",5,0,86,11,41,0.268,3,13,0.231,8,28,0.286,0.305,7,11,0.636,2,8,10,12,8,2,7,8,32,0,"",0
"451","collini01",2018,"Nick Collison",37,"OKC","PF",15,0,75,13,19,0.684,0,0,NA,13,19,0.684,0.684,5,13,0.385,7,13,20,4,0,0,7,7,31,0,"",0
"452","jefferi01",2018,"Richard Jefferson",37,"DEN","SF",20,0,163,12,27,0.444,2,7,0.286,10,20,0.5,0.481,4,7,0.571,2,15,17,15,2,1,5,11,30,0,"",0
"453","hillso01",2018,"Solomon Hill",26,"NOP","SF",12,1,187,11,41,0.268,4,21,0.19,7,20,0.35,0.317,3,6,0.5,9,27,36,22,7,1,9,22,29,0,"",0
"454","rathaxa01",2018,"Xavier Rathan-Mayes",23,"MEM","SG",5,0,118,12,42,0.286,1,14,0.071,11,28,0.393,0.298,4,9,0.444,0,5,5,18,6,3,11,18,29,0,"",0
"455","waltode01",2018,"Derrick Walton",22,"MIA","PG",16,0,147,8,25,0.32,7,17,0.412,1,8,0.125,0.46,6,6,1,2,14,16,16,7,3,2,7,29,0,"",0
"456","morrija01",2018,"Jaylen Morris",22,"ATL","SG",6,0,98,13,32,0.406,2,10,0.2,11,22,0.5,0.438,0,0,NA,2,14,16,7,2,1,6,2,28,0,"",0
"457","hayesni01",2018,"Nigel Hayes",23,"3TM","SF",9,0,122,11,33,0.333,4,16,0.25,7,17,0.412,0.394,1,3,0.333,4,18,22,6,2,3,2,8,27,0,"",0
"458","cabocbr01",2018,"Bruno Caboclo",22,"2TM","SF",12,0,107,9,31,0.29,3,17,0.176,6,14,0.429,0.339,5,6,0.833,7,15,22,4,3,4,4,8,26,0,"",0
"459","poythal01",2018,"Alex Poythress",24,"IND","PF",25,0,104,11,26,0.423,4,11,0.364,7,15,0.467,0.5,0,0,NA,7,10,17,2,3,1,2,16,26,0,"",0
"460","jonesda03",2018,"Damian Jones",22,"GSW","C",15,0,89,11,22,0.5,0,0,NA,11,22,0.5,0.5,3,5,0.6,5,9,14,2,1,3,4,14,25,0,"",0
"461","ingraan01",2018,"Andre Ingram",32,"LAL","SG",2,0,64,8,17,0.471,5,9,0.556,3,8,0.375,0.618,3,3,1,1,5,6,7,3,3,3,3,24,0,"",0
"462","korkmfu01",2018,"Furkan Korkmaz",20,"PHI","SG",14,0,80,8,28,0.286,5,17,0.294,3,11,0.273,0.375,2,4,0.5,2,9,11,4,2,1,2,12,23,0,"",0
"463","singlky01",2018,"Kyle Singler",29,"OKC","SF",12,0,59,7,21,0.333,2,5,0.4,5,16,0.313,0.381,7,13,0.538,1,9,10,2,1,0,3,4,23,0,"",0
"464","clevean01",2018,"Antonius Cleveland",23,"2TM","SG",17,0,123,8,21,0.381,3,4,0.75,5,17,0.294,0.452,4,6,0.667,3,11,14,2,7,5,7,23,23,0,"",0
"465","bryanth01",2018,"Thomas Bryant",20,"LAL","C",15,0,72,8,21,0.381,1,10,0.1,7,11,0.636,0.405,5,9,0.556,3,14,17,6,1,2,2,6,22,0,"",0
"466","johnsom01",2018,"Omari Johnson",28,"MEM","PF",4,0,75,9,21,0.429,4,12,0.333,5,9,0.556,0.524,0,0,NA,4,7,11,7,2,0,3,6,22,0,"",0
"467","qizh01",2018,"Zhou Qi",22,"HOU","C",18,0,124,6,32,0.188,2,19,0.105,4,13,0.308,0.219,8,12,0.667,6,16,22,2,2,14,10,14,22,0,"",0
"468","asikom01",2018,"Ömer Aşık",31,"2TM","C",18,0,182,9,22,0.409,0,0,NA,9,22,0.409,0.409,4,13,0.308,9,38,47,3,2,4,9,20,22,0,"",0
"469","mckinal01",2018,"Alfonzo McKinnie",25,"TOR","SF",14,0,53,8,15,0.533,3,9,0.333,5,6,0.833,0.633,2,3,0.667,1,6,7,1,1,1,3,8,21,0,"",0
"470","paynead01",2018,"Adreian Payne",26,"ORL","PF",5,0,43,7,10,0.7,2,3,0.667,5,7,0.714,0.8,5,6,0.833,2,7,9,0,2,0,2,6,21,0,"",0
"471","wilsodj01",2018,"D.J. Wilson",21,"MIL","PF",22,0,71,9,16,0.563,2,5,0.4,7,11,0.636,0.625,1,2,0.5,2,8,10,3,3,1,4,7,21,0,"",0
"472","clavegi01",2018,"Gian Clavell",24,"DAL","SG",7,0,64,6,18,0.333,6,15,0.4,0,3,0,0.5,2,2,1,1,6,7,3,2,0,2,8,20,0,"",0
"473","whiteok01",2018,"Okaro White",25,"MIA","PF",6,4,80,7,16,0.438,4,11,0.364,3,5,0.6,0.563,2,3,0.667,3,8,11,2,1,1,1,6,20,0,"",0
"474","willial03",2018,"Alan Williams",25,"PHO","PF",5,0,70,7,18,0.389,0,0,NA,7,18,0.389,0.389,6,9,0.667,3,19,22,8,5,1,7,13,20,0,"",0
"475","allenka01",2018,"Kadeem Allen",25,"BOS","PG",18,1,107,6,22,0.273,0,11,0,6,11,0.545,0.273,7,9,0.778,4,7,11,12,3,2,9,15,19,0,"",0
"476","hunterj01",2018,"R.J. Hunter",24,"HOU","SG",5,1,45,7,20,0.35,3,14,0.214,4,6,0.667,0.425,2,2,1,0,5,5,3,3,0,2,7,19,0,"",0
"477","stoneju01",2018,"Julyan Stone",29,"CHO","SG",23,0,175,6,13,0.462,6,13,0.462,0,0,NA,0.692,1,2,0.5,1,28,29,26,4,2,7,21,19,0,"",0
"478","linje01",2018,"Jeremy Lin",29,"BRK","PG",1,1,25,5,12,0.417,1,2,0.5,4,10,0.4,0.458,7,7,1,0,0,0,4,0,0,3,3,18,0,"",0
"479","lemonwa01",2018,"Walt Lemon Jr.",25,"NOP","PG",5,0,35,7,16,0.438,1,1,1,6,15,0.4,0.469,2,3,0.667,0,2,2,5,0,1,4,5,17,0,"",0
"480","warneja01",2018,"Jameel Warney",24,"DAL","PF",3,0,27,7,12,0.583,0,0,NA,7,12,0.583,0.583,3,5,0.6,4,5,9,0,0,0,1,2,17,0,"",0
"481","youngja01",2018,"James Young",22,"PHI","SG",6,0,61,5,14,0.357,3,10,0.3,2,4,0.5,0.464,4,6,0.667,0,2,2,2,0,0,1,4,17,0,"",0
"482","drewla02",2018,"Larry Drew II",27,"2TM","PG",10,0,70,7,24,0.292,3,9,0.333,4,15,0.267,0.354,0,0,NA,3,0,3,10,0,0,3,6,17,0,"",0
"483","hillida01",2018,"Darrun Hilliard",24,"SAS","SG",14,0,95,5,19,0.263,0,6,0,5,13,0.385,0.263,6,7,0.857,0,7,7,11,2,0,4,7,16,0,"",0
"484","webbja01",2018,"James Webb III",24,"BRK","SF",10,0,120,6,24,0.25,4,19,0.211,2,5,0.4,0.333,0,0,NA,8,16,24,4,1,0,4,10,16,0,"",0
"485","jacksde01",2018,"Demetrius Jackson",23,"2TM","PG",15,0,80,7,18,0.389,1,7,0.143,6,11,0.545,0.417,1,2,0.5,5,7,12,9,5,1,10,7,16,0,"",0
"486","witheje01",2018,"Jeff Withey",27,"DAL","C",10,0,39,6,16,0.375,2,10,0.2,4,6,0.667,0.438,1,2,0.5,1,9,10,0,0,3,2,3,15,0,"",0
"487","plumlma02",2018,"Marshall Plumlee",25,"MIL","C",8,0,52,1,3,0.333,0,0,NA,1,3,0.333,0.333,12,16,0.75,4,13,17,2,0,1,3,10,14,0,"",0
"488","anigbik01",2018,"Ike Anigbogu",19,"IND","C",11,0,30,4,9,0.444,0,0,NA,4,9,0.444,0.444,5,6,0.833,5,4,9,0,1,3,2,1,13,0,"",0
"489","aldrico01",2018,"Cole Aldrich",29,"MIN","C",21,0,49,5,15,0.333,0,0,NA,5,15,0.333,0.333,2,6,0.333,3,12,15,3,2,1,1,11,12,0,"",0
"490","hamilda02",2018,"Daniel Hamilton",22,"OKC","SG",6,0,28,5,11,0.455,2,5,0.4,3,6,0.5,0.545,0,0,NA,0,5,5,8,1,0,2,2,12,0,"",0
"491","noahjo01",2018,"Joakim Noah",32,"NYK","C",7,0,40,5,10,0.5,0,0,NA,5,10,0.5,0.5,2,4,0.5,6,8,14,4,2,2,4,5,12,0,"",0
"492","paigema01",2018,"Marcus Paige",24,"CHO","PG",5,0,28,4,14,0.286,2,8,0.25,2,6,0.333,0.357,2,2,1,0,4,4,3,0,0,0,0,12,0,"",0
"493","teaguma01",2018,"Marquis Teague",24,"MEM","PG",3,0,74,4,16,0.25,1,4,0.25,3,12,0.25,0.281,2,5,0.4,1,5,6,13,4,0,3,5,11,0,"",0
"494","morrimo01",2018,"Monte Morris",22,"DEN","PG",3,0,25,4,6,0.667,0,1,0,4,5,0.8,0.667,2,2,1,0,2,2,7,3,0,1,1,10,0,"",0
"495","stockda01",2018,"David Stockton",26,"UTA","PG",3,0,9,2,3,0.667,2,3,0.667,0,0,NA,1,4,4,1,0,0,0,0,0,0,1,3,10,0,"",0
"496","bolomjo01",2018,"Joel Bolomboy",24,"MIL","PF",6,0,38,3,6,0.5,0,1,0,3,5,0.6,0.5,3,6,0.5,6,4,10,0,2,0,2,3,9,0,"",0
"497","niangge01",2018,"Georges Niang",24,"UTA","PF",9,0,32,4,11,0.364,0,4,0,4,7,0.571,0.364,1,2,0.5,3,6,9,3,2,0,3,1,9,0,"",0
"498","bradlto01",2018,"Tony Bradley",20,"UTA","C",9,0,29,3,11,0.273,0,1,0,3,10,0.3,0.273,2,2,1,4,7,11,1,0,0,0,1,8,0,"",0
"499","hasleud01",2018,"Udonis Haslem",37,"MIA","C",14,0,72,3,15,0.2,1,8,0.125,2,7,0.286,0.233,1,2,0.5,3,7,10,5,0,2,2,3,8,0,"",0
"500","jacksaa01",2018,"Aaron Jackson",31,"HOU","PG",1,0,35,3,9,0.333,1,4,0.25,2,5,0.4,0.389,1,2,0.5,2,1,3,1,0,0,1,4,8,0,"",0
"501","mathima01",2018,"Mangok Mathiang",25,"CHO","C",4,0,20,4,7,0.571,0,0,NA,4,7,0.571,0.571,0,1,0,3,7,10,0,1,0,0,5,8,0,"",0
"502","mcadoja01",2018,"James Michael McAdoo",25,"PHI","PF",3,0,18,2,7,0.286,2,7,0.286,0,0,NA,0.429,2,2,1,0,2,2,0,0,1,1,1,8,0,"",0
"503","perralo01",2018,"London Perrantes",23,"CLE","PG",14,0,66,2,13,0.154,0,3,0,2,10,0.2,0.154,3,5,0.6,1,3,4,5,2,1,1,6,7,0,"",0
"504","cookech01",2018,"Charles Cooke",23,"NOP","SG",13,0,38,2,14,0.143,1,8,0.125,1,6,0.167,0.179,1,2,0.5,0,2,2,1,1,0,1,0,6,0,"",0
"505","huntevi01",2018,"Vince Hunter",23,"MEM","PF",4,0,7,3,5,0.6,0,0,NA,3,5,0.6,0.6,0,0,NA,2,1,3,0,0,1,1,0,6,0,"",0
"506","brownma02",2018,"Markel Brown",26,"HOU","SG",4,0,31,2,7,0.286,1,5,0.2,1,2,0.5,0.357,0,0,NA,1,4,5,2,0,0,2,6,5,0,"",0
"507","willima05",2018,"Matt Williams",24,"MIA","SG",3,0,11,2,6,0.333,1,5,0.2,1,1,1,0.417,0,0,NA,0,1,1,0,0,0,1,1,5,0,"",0
"508","costema01",2018,"Matt Costello",24,"SAS","C",4,0,32,2,4,0.5,0,0,NA,2,4,0.5,0.5,0,0,NA,1,8,9,2,2,2,1,7,4,0,"",0
"509","onuakch01",2018,"Chinanu Onuaku",21,"HOU","C",1,0,22,2,5,0.4,0,0,NA,2,5,0.4,0.4,0,0,NA,1,3,4,1,0,0,3,4,4,0,"",0
"510","quartti01",2018,"Tim Quarterman",23,"HOU","SG",3,0,13,1,3,0.333,0,2,0,1,1,1,0.333,2,2,1,0,3,3,1,0,0,2,1,4,0,"",0
"511","wileyja01",2018,"Jacob Wiley",23,"BRK","PF",5,0,33,1,4,0.25,1,2,0.5,0,2,0,0.375,1,2,0.5,2,9,11,2,1,0,0,4,4,0,"",0
"512","blueva01",2018,"Vander Blue",25,"LAL","SG",5,0,45,1,5,0.2,0,2,0,1,3,0.333,0.2,1,2,0.5,0,1,1,3,1,0,3,2,3,0,"",0
"513","brownan02",2018,"Anthony Brown",25,"MIN","SF",1,0,4,1,1,1,1,1,1,0,0,NA,1.5,0,0,NA,0,0,0,1,0,0,0,0,3,0,"",0
"514","hearnre01",2018,"Reggie Hearn",26,"DET","SG",3,0,7,1,2,0.5,1,2,0.5,0,0,NA,0.75,0,0,NA,0,0,0,0,0,0,0,0,3,0,"",0
"515","mitrona01",2018,"Naz Mitrou-Long",24,"UTA","SG",1,0,1,1,1,1,1,1,1,0,0,NA,1.5,0,0,NA,0,0,0,0,0,0,0,0,3,0,"",0
"516","munfoxa02",2018,"Xavier Munford",25,"MIL","SG",6,0,21,1,6,0.167,0,2,0,1,4,0.25,0.167,1,2,0.5,1,0,1,4,1,0,2,4,3,0,"",0
"517","perkike01",2018,"Kendrick Perkins",33,"CLE","C",1,0,15,1,2,0.5,0,0,NA,1,2,0.5,0.5,1,2,0.5,0,1,1,2,1,0,1,1,3,0,"",0
"518","denglu01",2018,"Luol Deng",32,"LAL","SF",1,1,13,1,2,0.5,0,0,NA,1,2,0.5,0.5,0,0,NA,0,0,0,1,1,0,1,0,2,0,"",0
"519","doziepj01",2018,"PJ Dozier",21,"OKC","PG",2,0,3,1,2,0.5,0,0,NA,1,2,0.5,0.5,0,0,NA,0,1,1,0,0,0,1,1,2,0,"",0
"520","evansje01",2018,"Jeremy Evans",30,"ATL","SF",1,0,5,1,1,1,0,0,NA,1,1,1,1,0,0,NA,1,0,1,0,0,0,1,1,2,0,"",0
"521","haywago01",2018,"Gordon Hayward",27,"BOS","SF",1,1,5,1,2,0.5,0,1,0,1,1,1,0.5,0,0,NA,0,1,1,0,0,0,0,1,2,0,"",0
"522","pattoju01",2018,"Justin Patton",20,"MIN","C",1,0,4,1,2,0.5,0,0,NA,1,2,0.5,0.5,0,0,NA,0,0,0,0,1,0,0,1,2,0,"",0
"523","pulleja01",2018,"Jacob Pullen",28,"PHI","PG",3,0,6,1,2,0.5,0,1,0,1,1,1,0.5,0,0,NA,0,0,0,0,0,0,1,0,2,0,"",0
"524","robinde01",2018,"Devin Robinson",22,"WAS","SF",1,0,13,1,3,0.333,0,0,NA,1,3,0.333,0.333,0,0,NA,2,3,5,0,1,0,0,2,2,0,"",0
"525","smithjo03",2018,"Josh Smith",32,"NOP","PF",3,0,12,1,4,0.25,0,0,NA,1,4,0.25,0.25,0,0,NA,3,1,4,0,0,0,0,3,2,0,"",0
"526","sumneed01",2018,"Edmond Sumner",22,"IND","PG",1,0,2,1,1,1,0,0,NA,1,1,1,1,0,0,NA,0,1,1,0,0,0,0,1,2,0,"",0
"527","willide02",2018,"Derrick Williams",26,"LAL","PF",2,0,9,1,4,0.25,0,2,0,1,2,0.5,0.25,0,0,NA,0,1,1,0,0,0,0,0,2,0,"",0
"528","woltena01",2018,"Nate Wolters",26,"UTA","PG",5,0,19,1,6,0.167,0,0,NA,1,6,0.167,0.167,0,0,NA,1,1,2,1,0,0,0,1,2,0,"",0
"529","hopsosc01",2018,"Scotty Hopson",28,"DAL","SG",1,0,8,0,1,0,0,0,NA,0,1,0,0,1,2,0.5,0,0,0,1,0,0,1,0,1,0,"",0
"530","bouchch01",2018,"Chris Boucher",25,"GSW","PF",1,0,1,0,1,0,0,1,0,0,0,NA,0,0,0,NA,0,1,1,0,0,0,0,0,0,0,"",0
"531","brussni01",2018,"Nicolás Brussino",24,"ATL","SF",4,0,10,0,2,0,0,2,0,0,0,NA,0,0,0,NA,0,3,3,0,0,0,0,0,0,0,"",0
"532","eddieja01",2018,"Jarell Eddie",26,"2TM","SF",3,0,9,0,2,0,0,2,0,0,0,NA,0,0,0,NA,0,1,1,0,1,0,0,0,0,0,"",0
"533","kuzmimi01",2018,"Mindaugas Kuzminskas",28,"NYK","SF",1,0,2,0,2,0,0,0,NA,0,2,0,0,0,0,NA,0,0,0,0,0,0,0,0,0,0,"",0
"534","lydonty01",2018,"Tyler Lydon",21,"DEN","PF",1,0,2,0,0,NA,0,0,NA,0,0,NA,NA,0,0,NA,0,0,0,0,0,0,0,0,0,0,"",0
"535","mccreer01",2018,"Erik McCree",24,"UTA","SF",4,0,8,0,2,0,0,1,0,0,1,0,0,0,0,NA,0,1,1,0,1,0,1,0,0,0,"",0
"536","mckintr01",2018,"Trey McKinney-Jones",27,"IND","SG",1,0,1,0,0,NA,0,0,NA,0,0,NA,NA,0,0,NA,0,0,0,0,0,0,0,0,0,0,"",0
"537","mcrobjo01",2018,"Josh McRoberts",30,"DAL","PF",2,0,6,0,1,0,0,1,0,0,0,NA,0,0,0,NA,0,0,0,0,0,0,0,2,0,0,"",0
"538","montelu01",2018,"Luis Montero",24,"DET","SG",2,0,8,0,1,0,0,0,NA,0,1,0,0,0,0,NA,0,2,2,0,0,0,2,0,0,0,"",0
"539","moorebe01",2018,"Ben Moore",22,"IND","PF",2,0,9,0,0,NA,0,0,NA,0,0,NA,NA,0,0,NA,0,1,1,1,0,0,0,4,0,0,"",0
"540","silasxa01",2018,"Xavier Silas",30,"BOS","SG",2,0,7,0,3,0,0,2,0,0,1,0,0,0,0,NA,1,1,2,0,1,0,0,1,0,0,"",0
"541","jamesle01",2018,"LeBron James",33,"CLE","PF",22,22,922,275,510,0.539,39,114,0.342,236,396,0.596,0.577,159,213,0.746,31,169,200,198,30,23,94,52,748,4,"",1
"542","duranke01",2018,"Kevin Durant",29,"GSW","SF",21,21,807,212,435,0.487,47,138,0.341,165,297,0.556,0.541,137,152,0.901,13,150,163,99,15,25,50,43,608,1,"Finals MVP-1",1
"543","hardeja01",2018,"James Harden",28,"HOU","SG",17,17,621,158,385,0.41,52,174,0.299,106,211,0.502,0.478,118,133,0.887,14,75,89,116,38,11,65,46,486,0,"",1
"544","thompkl01",2018,"Klay Thompson",27,"GSW","SG",21,21,794,159,342,0.465,67,157,0.427,92,185,0.497,0.563,27,31,0.871,11,75,86,38,16,6,31,48,412,0,"",1
"545","curryst01",2018,"Stephen Curry",29,"GSW","PG",15,14,555,137,304,0.451,64,162,0.395,73,142,0.514,0.556,45,47,0.957,9,82,91,81,26,11,43,38,383,0,"",1
"546","tatumja01",2018,"Jayson Tatum",19,"BOS","SF",19,19,683,123,261,0.471,23,71,0.324,100,190,0.526,0.515,82,97,0.845,10,73,83,52,23,10,41,50,351,0,"",1
"547","brownja02",2018,"Jaylen Brown",21,"BOS","SG",18,15,583,124,266,0.466,44,112,0.393,80,154,0.519,0.549,32,50,0.64,16,71,87,26,14,10,23,58,324,0,"",1
"548","paulch01",2018,"Chris Paul",32,"HOU","PG",15,15,517,118,257,0.459,37,99,0.374,81,158,0.513,0.531,44,53,0.83,9,80,89,87,30,4,28,47,317,0,"",1
"549","loveke01",2018,"Kevin Love",29,"CLE","C",21,21,660,109,278,0.392,36,106,0.34,73,172,0.424,0.457,59,64,0.922,49,166,215,34,15,8,41,58,313,0,"",1
"550","roziete01",2018,"Terry Rozier",23,"BOS","PG",19,19,696,108,266,0.406,51,147,0.347,57,119,0.479,0.502,46,56,0.821,8,92,100,109,24,6,22,38,313,0,"",1
"551","horfoal01",2018,"Al Horford",31,"BOS","C",19,19,679,111,204,0.544,15,43,0.349,96,161,0.596,0.581,62,75,0.827,32,125,157,63,19,22,32,39,299,0,"",1
"552","davisan02",2018,"Anthony Davis",24,"NOP","PF",9,9,358,106,204,0.52,6,22,0.273,100,182,0.549,0.534,53,64,0.828,24,97,121,15,18,21,23,30,271,0,"",1
"553","mitchdo01",2018,"Donovan Mitchell",21,"UTA","SG",11,11,411,102,243,0.42,25,80,0.313,77,163,0.472,0.471,39,43,0.907,9,56,65,46,16,4,32,35,268,0,"",1
"554","gordoer01",2018,"Eric Gordon",29,"HOU","SG",17,2,549,84,221,0.38,43,130,0.331,41,91,0.451,0.477,51,61,0.836,9,36,45,28,10,8,24,29,262,0,"",1
"555","morrima03",2018,"Marcus Morris",28,"BOS","PF",19,4,562,82,223,0.368,30,72,0.417,52,151,0.344,0.435,42,59,0.712,20,83,103,21,7,5,19,60,236,0,"",1
"556","derozde01",2018,"DeMar DeRozan",28,"TOR","SG",10,10,354,87,199,0.437,10,35,0.286,77,164,0.47,0.462,43,53,0.811,6,30,36,40,5,6,23,24,227,0,"",1
"557","greendr01",2018,"Draymond Green",27,"GSW","PF",21,21,819,83,192,0.432,21,79,0.266,62,113,0.549,0.487,39,49,0.796,42,180,222,171,41,31,63,75,226,1,"",1
"558","capelca01",2018,"Clint Capela",23,"HOU","C",17,17,520,95,144,0.66,0,0,NA,95,144,0.66,0.66,26,55,0.473,61,136,197,22,14,36,15,38,216,0,"",1
"559","holidjr01",2018,"Jrue Holiday",27,"NOP","SG",9,9,348,88,170,0.518,16,50,0.32,72,120,0.6,0.565,21,30,0.7,9,42,51,57,10,5,23,22,213,1,"",1
"560","smithjr01",2018,"J.R. Smith",32,"CLE","SG",22,21,706,65,187,0.348,44,120,0.367,21,67,0.313,0.465,17,22,0.773,10,50,60,25,21,4,19,54,191,0,"",1
"561","korveky01",2018,"Kyle Korver",36,"CLE","SG",22,11,505,59,141,0.418,45,109,0.413,14,32,0.438,0.578,19,22,0.864,6,46,52,19,9,9,14,44,182,0,"",1
"562","redicjj01",2018,"JJ Redick",33,"PHI","SG",10,10,342,60,135,0.444,26,75,0.347,34,60,0.567,0.541,36,42,0.857,3,12,15,26,8,1,11,21,182,0,"",1
"563","antetgi01",2018,"Giannis Antetokounmpo",23,"MIL","PF",7,7,280,69,121,0.57,4,14,0.286,65,107,0.607,0.587,38,55,0.691,8,59,67,44,10,6,17,28,180,0,"",1
"564","westbru01",2018,"Russell Westbrook",29,"OKC","PG",6,6,235,64,161,0.398,15,42,0.357,49,119,0.412,0.444,33,40,0.825,11,61,72,45,9,0,31,21,176,0,"",1
"565","hillge01",2018,"George Hill",31,"CLE","PG",19,18,557,59,131,0.45,16,51,0.314,43,80,0.538,0.511,41,53,0.774,13,28,41,42,10,8,22,52,175,0,"",1
"566","lowryky01",2018,"Kyle Lowry",31,"TOR","PG",10,10,361,60,118,0.508,28,63,0.444,32,55,0.582,0.627,26,32,0.813,2,41,43,85,15,0,31,33,174,0,"",1
"567","middlkh01",2018,"Khris Middleton",26,"MIL","SF",7,7,275,67,112,0.598,25,41,0.61,42,71,0.592,0.71,14,19,0.737,1,35,36,22,6,5,16,30,173,0,"",1
"568","saricda01",2018,"Dario Šarić",23,"PHI","PF",10,10,329,59,140,0.421,20,52,0.385,39,88,0.443,0.493,34,40,0.85,32,41,73,35,10,4,15,28,172,0,"",1
"569","embiijo01",2018,"Joel Embiid",23,"PHI","C",8,8,278,60,138,0.435,8,29,0.276,52,109,0.477,0.464,43,61,0.705,23,78,101,24,7,14,29,31,171,0,"",1
"570","greenje02",2018,"Jeff Green",31,"CLE","PF",22,2,523,58,142,0.408,21,70,0.3,37,72,0.514,0.482,33,46,0.717,7,46,53,32,7,15,17,36,170,0,"",1
"571","simmobe01",2018,"Ben Simmons",21,"PHI","PG",10,10,369,61,125,0.488,0,1,0,61,124,0.492,0.488,41,58,0.707,16,78,94,77,17,8,44,34,163,1,"",1
"572","inglejo01",2018,"Joe Ingles",30,"UTA","SF",11,11,382,57,121,0.471,35,77,0.455,22,44,0.5,0.616,11,17,0.647,5,43,48,37,6,2,26,29,160,0,"",1
"573","oladivi01",2018,"Victor Oladipo",25,"IND","SG",7,7,261,53,127,0.417,23,57,0.404,30,70,0.429,0.508,30,41,0.732,3,55,58,42,17,3,24,11,159,1,"",1
"574","walljo01",2018,"John Wall",27,"WAS","PG",6,6,234,56,127,0.441,4,21,0.19,52,106,0.491,0.457,40,47,0.851,3,31,34,69,14,8,27,16,156,0,"",1
"575","tuckepj01",2018,"P.J. Tucker",32,"HOU","PF",17,17,569,52,108,0.481,35,75,0.467,17,33,0.515,0.644,12,18,0.667,23,88,111,22,11,13,14,46,151,0,"",1
"576","arizatr01",2018,"Trevor Ariza",32,"HOU","SF",17,17,582,50,139,0.36,26,91,0.286,24,48,0.5,0.453,23,31,0.742,9,56,65,22,19,2,10,44,149,0,"",1
"577","georgpa01",2018,"Paul George",27,"OKC","SF",6,6,251,49,120,0.408,19,52,0.365,30,68,0.441,0.488,31,36,0.861,4,32,36,16,8,4,24,17,148,0,"",1
"578","smartma01",2018,"Marcus Smart",23,"BOS","SG",15,4,449,48,143,0.336,15,68,0.221,33,75,0.44,0.388,36,49,0.735,14,42,56,80,26,10,36,44,147,0,"",1
"579","valanjo01",2018,"Jonas Valančiūnas",25,"TOR","C",10,9,244,58,107,0.542,2,5,0.4,56,102,0.549,0.551,28,34,0.824,30,75,105,12,4,15,19,22,146,0,"",1
"580","goberru01",2018,"Rudy Gobert",25,"UTA","C",11,11,383,55,84,0.655,0,0,NA,55,84,0.655,0.655,35,58,0.603,43,75,118,11,10,25,21,34,145,0,"",1
"581","livinsh01",2018,"Shaun Livingston",32,"GSW","PG",21,0,362,59,110,0.536,0,1,0,59,109,0.541,0.536,22,25,0.88,11,36,47,31,7,1,16,33,140,0,"",1
"582","bealbr01",2018,"Bradley Beal",24,"WAS","SG",6,6,216,49,108,0.454,21,45,0.467,28,63,0.444,0.551,20,23,0.87,2,18,20,17,7,2,15,19,139,0,"",1
"583","mirotni01",2018,"Nikola Mirotić",26,"NOP","PF",9,9,320,49,102,0.48,22,51,0.431,27,51,0.529,0.588,15,19,0.789,9,77,86,15,10,12,10,24,135,0,"",1
"584","belinma01",2018,"Marco Belinelli",31,"PHI","SG",10,0,273,43,106,0.406,16,46,0.348,27,60,0.45,0.481,27,31,0.871,1,20,21,20,7,0,4,20,129,0,"",1
"585","iguodan01",2018,"Andre Iguodala",34,"GSW","SF",15,12,401,42,85,0.494,14,37,0.378,28,48,0.583,0.576,24,34,0.706,11,57,68,41,21,7,14,29,122,0,"",1
"586","aldrila01",2018,"LaMarcus Aldridge",32,"SAS","C",5,5,177,37,80,0.463,3,5,0.6,34,75,0.453,0.481,41,42,0.976,13,33,46,12,3,2,9,9,118,0,"",1
"587","thomptr01",2018,"Tristan Thompson",26,"CLE","C",19,11,416,49,83,0.59,0,1,0,49,82,0.598,0.59,20,27,0.741,44,68,112,11,2,8,11,26,118,0,"",1
"588","baynear01",2018,"Aron Baynes",31,"BOS","C",19,12,389,45,89,0.506,11,23,0.478,34,66,0.515,0.567,13,18,0.722,45,73,118,19,4,11,8,43,114,0,"",1
"589","crowdja01",2018,"Jae Crowder",27,"UTA","SF",11,2,323,35,108,0.324,22,66,0.333,13,42,0.31,0.426,18,28,0.643,4,52,56,19,15,2,14,25,110,0,"",1
"590","greenge01",2018,"Gerald Green",32,"HOU","SG",17,0,272,37,94,0.394,27,72,0.375,10,22,0.455,0.537,6,7,0.857,6,44,50,1,4,7,10,27,107,0,"",1
"591","favorde01",2018,"Derrick Favors",26,"UTA","C",11,9,286,42,68,0.618,2,5,0.4,40,63,0.635,0.632,16,33,0.485,20,37,57,13,8,11,10,17,102,0,"",1
"592","mooreet01",2018,"E'Twaun Moore",28,"NOP","SG",9,9,284,41,88,0.466,9,25,0.36,32,63,0.508,0.517,11,16,0.688,6,17,23,15,6,1,11,20,102,0,"",1
"593","mccolcj01",2018,"CJ McCollum",26,"POR","SG",4,4,155,40,77,0.519,11,26,0.423,29,51,0.569,0.591,10,13,0.769,0,8,8,14,5,1,9,11,101,0,"",1
"594","milescj01",2018,"C.J. Miles",30,"TOR","SF",10,1,227,32,71,0.451,19,45,0.422,13,26,0.5,0.585,13,16,0.813,6,18,24,8,7,3,9,21,96,0,"",1
"595","nancela02",2018,"Larry Nance Jr.",25,"CLE","C",20,0,307,41,60,0.683,0,1,0,41,59,0.695,0.683,14,31,0.452,35,55,90,18,16,14,12,35,96,0,"",1
"596","bledser01",2018,"Eric Bledsoe",28,"MIL","PG",7,7,225,37,84,0.44,7,22,0.318,30,62,0.484,0.482,14,20,0.7,3,22,25,26,7,6,15,19,95,0,"",1
"597","dragigo01",2018,"Goran Dragić",31,"MIA","PG",5,5,156,35,75,0.467,8,21,0.381,27,54,0.5,0.52,15,22,0.682,3,10,13,23,5,0,15,15,93,0,"",1
"598","ilyaser01",2018,"Ersan İlyasova",30,"PHI","PF",10,1,233,36,84,0.429,9,31,0.29,27,53,0.509,0.482,12,21,0.571,26,50,76,13,7,4,10,25,93,0,"",1
"599","rondora01",2018,"Rajon Rondo",31,"NOP","PG",9,9,302,38,92,0.413,8,19,0.421,30,73,0.411,0.457,9,14,0.643,9,59,68,110,13,2,33,20,93,0,"",1
"600","hoodro01",2018,"Rodney Hood",25,"CLE","SG",17,1,260,39,92,0.424,4,24,0.167,35,68,0.515,0.446,9,12,0.75,7,24,31,18,5,4,13,30,91,0,"",1
"601","clarkjo01",2018,"Jordan Clarkson",25,"CLE","SG",19,0,286,37,123,0.301,11,46,0.239,26,77,0.338,0.346,5,6,0.833,9,23,32,13,8,3,13,21,90,0,"",1
"602","bogdabo02",2018,"Bojan Bogdanović",28,"IND","SF",7,7,238,32,81,0.395,17,45,0.378,15,36,0.417,0.5,6,10,0.6,1,23,24,13,6,0,13,23,87,0,"",1
"603","ibakase01",2018,"Serge Ibaka",28,"TOR","PF",10,9,260,30,72,0.417,9,24,0.375,21,48,0.438,0.479,18,22,0.818,13,46,59,11,1,13,16,21,87,0,"",1
"604","sabondo01",2018,"Domantas Sabonis",21,"IND","C",7,0,166,36,62,0.581,1,7,0.143,35,55,0.636,0.589,14,18,0.778,14,18,32,5,1,2,7,22,87,0,"",1
"605","turnemy01",2018,"Myles Turner",21,"IND","C",7,7,196,33,54,0.611,6,13,0.462,27,41,0.659,0.667,15,19,0.789,6,30,36,4,2,4,11,25,87,0,"",1
"606","looneke01",2018,"Kevon Looney",21,"GSW","C",21,5,387,39,72,0.542,0,2,0,39,70,0.557,0.542,8,21,0.381,42,47,89,19,14,8,8,50,86,0,"",1
"607","wrighde01",2018,"Delon Wright",25,"TOR","PG",10,0,215,31,68,0.456,9,21,0.429,22,47,0.468,0.522,15,16,0.938,3,19,22,23,15,9,9,10,86,0,"",1
"608","mcgeeja01",2018,"JaVale McGee",30,"GSW","C",13,9,158,39,58,0.672,0,1,0,39,57,0.684,0.672,6,9,0.667,16,26,42,4,3,11,5,20,84,0,"",1
"609","rubiori01",2018,"Ricky Rubio",27,"UTA","PG",6,6,181,28,79,0.354,10,32,0.313,18,47,0.383,0.418,18,23,0.783,5,39,44,42,8,3,18,13,84,1,"",1
"610","wadedw01",2018,"Dwyane Wade",36,"MIA","SG",5,0,127,31,70,0.443,0,4,0,31,66,0.47,0.443,21,26,0.808,3,18,21,18,7,1,11,11,83,0,"",1
"611","burksal01",2018,"Alec Burks",26,"UTA","SG",9,0,120,30,64,0.469,9,20,0.45,21,44,0.477,0.539,13,15,0.867,2,22,24,17,4,1,8,9,82,0,"",1
"612","cookqu01",2018,"Quinn Cook",24,"GSW","PG",17,0,175,30,67,0.448,7,31,0.226,23,36,0.639,0.5,14,17,0.824,2,21,23,11,4,2,5,13,81,0,"",1
"613","covinro01",2018,"Robert Covington",27,"PHI","SF",10,8,281,27,83,0.325,15,48,0.313,12,35,0.343,0.416,12,16,0.75,12,41,53,25,11,9,11,30,81,0,"",1
"614","anunoog01",2018,"OG Anunoby",20,"TOR","SF",10,10,238,29,52,0.558,13,29,0.448,16,23,0.696,0.683,8,11,0.727,9,12,21,7,6,4,6,23,79,0,"",1
"615","butleji01",2018,"Jimmy Butler",28,"MIN","SG",5,5,170,28,63,0.444,8,17,0.471,20,46,0.435,0.508,15,18,0.833,3,27,30,20,4,1,5,9,79,0,"",1
"616","collida01",2018,"Darren Collison",30,"IND","PG",7,7,214,31,68,0.456,8,23,0.348,23,45,0.511,0.515,9,12,0.75,1,20,21,33,7,0,9,7,79,0,"",1
"617","wiggian01",2018,"Andrew Wiggins",22,"MIN","SF",5,5,164,30,68,0.441,7,21,0.333,23,47,0.489,0.493,12,20,0.6,5,21,26,10,2,2,9,14,79,0,"",1
"618","youngth01",2018,"Thaddeus Young",29,"IND","PF",7,7,237,36,60,0.6,2,7,0.286,34,53,0.642,0.617,5,13,0.385,22,32,54,10,12,6,7,22,79,0,"",1
"619","onealro01",2018,"Royce O'Neale",24,"UTA","SF",11,5,259,28,56,0.5,10,28,0.357,18,28,0.643,0.589,12,19,0.632,3,35,38,15,10,4,16,30,78,0,"",1
"620","townska01",2018,"Karl-Anthony Towns",22,"MIN","C",5,5,170,28,60,0.467,3,11,0.273,25,49,0.51,0.492,17,23,0.739,15,52,67,11,2,5,12,14,76,0,"",1
"621","lillada01",2018,"Damian Lillard",27,"POR","PG",4,4,162,25,71,0.352,9,30,0.3,16,41,0.39,0.415,15,17,0.882,3,15,18,19,5,0,16,8,74,0,"",1
"622","stephla01",2018,"Lance Stephenson",27,"IND","SG",7,0,149,30,65,0.462,8,26,0.308,22,39,0.564,0.523,5,9,0.556,3,16,19,20,2,1,9,20,73,0,"",1
"623","anthoca01",2018,"Carmelo Anthony",33,"OKC","PF",6,6,194,27,72,0.375,6,28,0.214,21,44,0.477,0.417,11,15,0.733,3,31,34,2,10,4,6,14,71,0,"",1
"624","rosede01",2018,"Derrick Rose",29,"MIN","PG",5,0,119,29,57,0.509,7,10,0.7,22,47,0.468,0.57,6,7,0.857,1,8,9,13,2,0,8,9,71,0,"",1
"625","clarkia01",2018,"Ian Clark",26,"NOP","SG",9,0,190,28,66,0.424,10,28,0.357,18,38,0.474,0.5,4,4,1,2,8,10,11,8,2,9,20,70,0,"",1
"626","parkeja01",2018,"Jabari Parker",22,"MIL","PF",7,0,167,28,62,0.452,6,19,0.316,22,43,0.512,0.5,8,13,0.615,8,35,43,10,7,4,6,15,70,0,"",1
"627","aminual01",2018,"Al-Farouq Aminu",27,"POR","PF",4,4,131,27,52,0.519,13,30,0.433,14,22,0.636,0.644,2,2,1,12,24,36,5,4,2,6,8,69,0,"",1
"628","millspa02",2018,"Patty Mills",29,"SAS","PG",5,5,165,25,57,0.439,13,35,0.371,12,22,0.545,0.553,4,5,0.8,2,8,10,13,3,1,9,15,67,0,"",1
"629","siakapa01",2018,"Pascal Siakam",23,"TOR","PF",10,0,179,25,41,0.61,3,4,0.75,22,37,0.595,0.646,13,20,0.65,9,27,36,8,1,6,7,27,66,0,"",1
"630","scottmi01",2018,"Mike Scott",29,"WAS","PF",6,0,126,26,41,0.634,7,11,0.636,19,30,0.633,0.72,6,6,1,6,15,21,4,2,1,5,10,65,0,"",1
"631","teaguje01",2018,"Jeff Teague",29,"MIN","PG",5,5,153,23,51,0.451,7,18,0.389,16,33,0.485,0.52,12,17,0.706,3,15,18,29,3,2,14,19,65,0,"",1
"632","olynyke01",2018,"Kelly Olynyk",26,"MIA","PF",5,0,146,21,44,0.477,8,19,0.421,13,25,0.52,0.568,14,20,0.7,7,16,23,19,7,6,8,19,64,0,"",1
"633","adamsst01",2018,"Steven Adams",24,"OKC","C",6,6,200,27,46,0.587,0,0,NA,27,46,0.587,0.587,9,13,0.692,19,26,45,9,4,4,4,15,63,0,"",1
"634","johnsja01",2018,"James Johnson",30,"MIA","PF",5,5,161,23,42,0.548,7,13,0.538,16,29,0.552,0.631,9,14,0.643,3,27,30,24,6,6,10,17,62,0,"",1
"635","brogdma01",2018,"Malcolm Brogdon",25,"MIL","PG",7,5,186,24,55,0.436,5,19,0.263,19,36,0.528,0.482,8,10,0.8,3,21,24,17,1,0,12,14,61,0,"",1
"636","gayru01",2018,"Rudy Gay",31,"SAS","PF",5,4,160,26,65,0.4,4,18,0.222,22,47,0.468,0.431,5,9,0.556,9,19,28,11,8,1,6,16,61,0,"",1
"637","crawfja01",2018,"Jamal Crawford",37,"MIN","SG",5,0,123,21,47,0.447,7,17,0.412,14,30,0.467,0.521,10,13,0.769,1,12,13,12,5,0,5,6,59,0,"",1
"638","morrima02",2018,"Markieff Morris",28,"WAS","PF",6,6,181,24,49,0.49,2,12,0.167,22,37,0.595,0.51,9,10,0.9,14,31,45,10,4,5,6,22,59,0,"",1
"639","westda01",2018,"David West",37,"GSW","C",18,0,175,27,45,0.6,1,2,0.5,26,43,0.605,0.611,4,4,1,11,26,37,32,6,10,10,23,59,0,"",1
"640","oubreke01",2018,"Kelly Oubre Jr.",22,"WAS","SF",6,1,148,18,48,0.375,4,19,0.211,14,29,0.483,0.417,16,18,0.889,1,22,23,4,6,3,5,16,56,0,"",1
"641","mccontj01",2018,"T.J. McConnell",25,"PHI","PG",10,2,155,25,36,0.694,2,3,0.667,23,33,0.697,0.722,3,5,0.6,6,20,26,23,6,0,6,13,55,0,"",1
"642","monrogr01",2018,"Greg Monroe",27,"BOS","C",11,0,105,19,38,0.5,0,0,NA,19,38,0.5,0.5,15,22,0.682,14,21,35,5,2,2,14,9,53,0,"",1
"643","gortama01",2018,"Marcin Gortat",33,"WAS","C",6,6,160,24,43,0.558,0,0,NA,24,43,0.558,0.558,4,7,0.571,13,25,38,6,0,2,6,15,52,0,"",1
"644","youngni01",2018,"Nick Young",32,"GSW","SG",20,2,205,16,53,0.302,14,47,0.298,2,6,0.333,0.434,6,8,0.75,1,11,12,4,1,0,2,18,52,0,"",1
"645","exumda01",2018,"Dante Exum",22,"UTA","PG",10,0,114,20,41,0.488,2,7,0.286,18,34,0.529,0.512,9,12,0.75,4,10,14,10,1,1,15,15,51,0,"",1
"646","porteot01",2018,"Otto Porter Jr.",24,"WAS","SF",5,5,158,20,41,0.488,5,12,0.417,15,29,0.517,0.549,5,8,0.625,1,24,25,8,6,5,3,6,50,0,"",1
"647","poeltja01",2018,"Jakob Poeltl",22,"TOR","C",9,0,140,17,31,0.548,0,1,0,17,30,0.567,0.548,15,19,0.789,15,21,36,6,3,4,8,25,49,0,"",1
"648","winslju01",2018,"Justise Winslow",21,"MIA","PF",5,0,125,15,42,0.357,7,19,0.368,8,23,0.348,0.44,12,17,0.706,7,26,33,13,4,4,8,17,49,0,"",1
"649","nurkiju01",2018,"Jusuf Nurkić",23,"POR","C",4,4,94,19,39,0.487,0,0,NA,19,39,0.487,0.487,9,11,0.818,12,20,32,4,6,5,3,14,47,0,"",1
"650","ginobma01",2018,"Manu Ginóbili",40,"SAS","SG",5,0,107,15,37,0.405,6,18,0.333,9,19,0.474,0.486,9,11,0.818,1,14,15,16,7,1,7,13,45,0,"",1
"651","grantje01",2018,"Jerami Grant",23,"OKC","PF",6,0,133,18,35,0.514,2,8,0.25,16,27,0.593,0.543,5,11,0.455,8,12,20,6,4,3,6,15,43,0,"",1
"652","milleda01",2018,"Darius Miller",27,"NOP","SF",9,0,162,14,34,0.412,9,24,0.375,5,10,0.5,0.544,6,6,1,2,18,20,11,5,0,6,10,43,0,"",1
"653","richajo01",2018,"Josh Richardson",24,"MIA","SF",5,5,130,15,40,0.375,6,19,0.316,9,21,0.429,0.45,6,7,0.857,4,11,15,14,11,5,5,17,42,0,"",1
"654","belljo01",2018,"Jordan Bell",23,"GSW","C",17,0,173,17,32,0.531,0,1,0,17,31,0.548,0.531,7,14,0.5,15,32,47,15,6,9,6,18,41,0,"",1
"655","larkish01",2018,"Shane Larkin",25,"BOS","PG",11,0,154,16,35,0.457,4,13,0.308,12,22,0.545,0.514,5,5,1,1,10,11,20,5,0,6,15,41,0,"",1
"656","vanvlfr01",2018,"Fred VanVleet",23,"TOR","PG",6,1,114,13,39,0.333,8,28,0.286,5,11,0.455,0.436,7,8,0.875,0,10,10,13,0,0,4,8,41,0,"",1
"657","johnsty01",2018,"Tyler Johnson",25,"MIA","PG",5,5,81,14,26,0.538,6,10,0.6,8,16,0.5,0.654,6,7,0.857,1,7,8,4,2,0,2,14,40,0,"",1
"658","ellinwa01",2018,"Wayne Ellington",30,"MIA","SG",5,0,101,12,35,0.343,12,30,0.4,0,5,0,0.514,3,3,1,1,7,8,3,2,2,3,9,39,0,"",1
"659","murrade01",2018,"Dejounte Murray",21,"SAS","PG",5,5,96,14,31,0.452,4,6,0.667,10,25,0.4,0.516,7,9,0.778,4,17,21,9,5,2,5,11,39,0,"",1
"660","breweco01",2018,"Corey Brewer",31,"OKC","SG",6,6,151,13,25,0.52,5,11,0.455,8,14,0.571,0.62,6,6,1,4,9,13,5,7,5,2,17,37,0,"",1
"661","hillso01",2018,"Solomon Hill",26,"NOP","SF",9,0,114,9,25,0.36,6,16,0.375,3,9,0.333,0.48,9,10,0.9,6,11,17,7,1,1,6,17,33,0,"",1
"662","josepco01",2018,"Cory Joseph",26,"IND","PG",7,0,143,12,33,0.364,3,11,0.273,9,22,0.409,0.409,6,6,1,2,15,17,21,9,2,4,10,33,0,"",1
"663","makerth01",2018,"Thon Maker",20,"MIL","C",6,2,130,11,28,0.393,6,20,0.3,5,8,0.625,0.5,5,7,0.714,6,17,23,5,2,11,4,17,33,0,"",1
"664","parketo01",2018,"Tony Parker",35,"SAS","PG",5,0,67,14,37,0.378,0,5,0,14,32,0.438,0.378,5,7,0.714,0,4,4,6,2,0,4,2,33,0,"",1
"665","ojelese01",2018,"Semi Ojeleye",23,"BOS","PF",17,3,230,10,33,0.303,6,22,0.273,4,11,0.364,0.394,6,7,0.857,4,24,28,2,3,0,2,21,32,0,"",1
"666","feltora01",2018,"Raymond Felton",33,"OKC","PG",6,0,79,12,31,0.387,7,14,0.5,5,17,0.294,0.5,0,2,0,2,11,13,9,4,2,5,7,31,0,"",1
"667","gibsota01",2018,"Taj Gibson",32,"MIN","PF",5,5,123,14,22,0.636,0,0,NA,14,22,0.636,0.636,3,3,1,7,13,20,2,1,2,4,8,31,0,"",1
"668","hilarne01",2018,"Nenê",35,"HOU","C",11,0,107,12,20,0.6,0,0,NA,12,20,0.6,0.6,7,11,0.636,6,22,28,5,2,5,8,18,31,0,"",1
"669","gasolpa01",2018,"Pau Gasol",37,"SAS","C",5,0,90,10,20,0.5,1,3,0.333,9,17,0.529,0.525,9,10,0.9,2,22,24,14,0,1,6,5,30,0,"",1
"670","mahinia01",2018,"Ian Mahinmi",31,"WAS","C",6,0,52,10,14,0.714,0,0,NA,10,14,0.714,0.714,10,11,0.909,4,7,11,1,4,5,1,10,30,0,"",1
"671","lawsoty01",2018,"Ty Lawson",30,"WAS","PG",5,0,96,9,26,0.346,5,8,0.625,4,18,0.222,0.442,6,6,1,2,11,13,15,3,0,3,6,29,0,"",1
"672","colliza01",2018,"Zach Collins",20,"POR","C",4,0,70,11,30,0.367,3,14,0.214,8,16,0.5,0.417,3,4,0.75,3,9,12,6,3,2,2,10,28,0,"",1
"673","turneev01",2018,"Evan Turner",29,"POR","SF",3,3,87,12,33,0.364,2,7,0.286,10,26,0.385,0.394,2,2,1,5,7,12,10,3,1,6,8,28,0,"",1
"674","anderky01",2018,"Kyle Anderson",24,"SAS","SF",5,1,73,12,20,0.6,0,4,0,12,16,0.75,0.6,3,4,0.75,5,8,13,3,6,1,3,10,27,0,"",1
"675","johnsam01",2018,"Amir Johnson",30,"PHI","C",8,1,94,11,21,0.524,0,0,NA,11,21,0.524,0.524,4,5,0.8,14,9,23,9,2,1,3,10,26,0,"",1
"676","whiteha01",2018,"Hassan Whiteside",28,"MIA","C",5,5,77,9,20,0.45,0,0,NA,9,20,0.45,0.45,8,13,0.615,10,20,30,1,0,6,12,16,26,0,"",1
"677","mbahalu01",2018,"Luc Mbah a Moute",31,"HOU","PF",9,0,149,9,36,0.25,3,15,0.2,6,21,0.286,0.292,4,7,0.571,3,19,22,3,6,4,6,8,25,0,"",1
"678","muhamsh01",2018,"Shabazz Muhammad",25,"MIL","SG",4,0,29,9,20,0.45,4,5,0.8,5,15,0.333,0.55,3,5,0.6,0,4,4,0,2,1,2,2,25,0,"",1
"679","abrinal01",2018,"Álex Abrines",24,"OKC","SG",6,0,110,8,20,0.4,6,13,0.462,2,7,0.286,0.55,2,2,1,3,13,16,2,5,2,1,11,24,0,"",1
"680","caldejo01",2018,"José Calderón",36,"CLE","PG",13,3,104,9,26,0.346,4,18,0.222,5,8,0.625,0.423,2,2,1,2,9,11,9,5,0,5,15,24,0,"",1
"681","bjeline01",2018,"Nemanja Bjelica",29,"MIN","PF",5,0,47,7,16,0.438,4,7,0.571,3,9,0.333,0.563,5,7,0.714,4,11,15,3,3,0,1,6,23,0,"",1
"682","greenda02",2018,"Danny Green",30,"SAS","SG",5,5,103,8,30,0.267,5,20,0.25,3,10,0.3,0.35,0,0,NA,4,7,11,1,1,4,2,8,21,0,"",1
"683","netora01",2018,"Raul Neto",25,"UTA","PG",8,0,72,7,23,0.304,2,7,0.286,5,16,0.313,0.348,5,5,1,2,8,10,10,2,0,4,7,21,0,"",1
"684","anderry01",2018,"Ryan Anderson",29,"HOU","PF",11,0,95,7,20,0.35,5,15,0.333,2,5,0.4,0.475,0,0,NA,4,9,13,6,3,1,3,10,19,0,"",1
"685","crawfjo02",2018,"Jordan Crawford",29,"NOP","SG",2,0,15,8,13,0.615,3,8,0.375,5,5,1,0.731,0,0,NA,0,4,4,1,1,0,3,1,19,0,"",1
"686","hensojo01",2018,"John Henson",27,"MIL","C",2,2,74,9,13,0.692,0,0,NA,9,13,0.692,0.692,1,2,0.5,4,8,12,5,0,7,4,4,19,0,"",1
"687","jerebjo01",2018,"Jonas Jerebko",30,"UTA","PF",10,0,79,8,19,0.421,1,6,0.167,7,13,0.538,0.447,2,2,1,4,12,16,3,3,0,1,9,19,0,"",1
"688","snellto01",2018,"Tony Snell",26,"MIL","SG",7,2,134,7,24,0.292,5,21,0.238,2,3,0.667,0.396,0,0,NA,1,12,13,4,3,4,3,10,19,0,"",1
"689","booketr01",2018,"Trevor Booker",30,"IND","PF",7,0,64,6,10,0.6,0,1,0,6,9,0.667,0.6,6,7,0.857,5,13,18,0,1,1,1,12,18,0,"",1
"690","adebaba01",2018,"Bam Adebayo",20,"MIA","C",5,0,77,7,15,0.467,0,1,0,7,14,0.5,0.467,3,14,0.214,9,11,20,0,0,2,2,8,17,0,"",1
"691","bertada01",2018,"Dāvis Bertāns",25,"SAS","PF",5,0,82,3,18,0.167,3,16,0.188,0,2,0,0.25,8,11,0.727,1,10,11,6,2,0,1,10,17,0,"",1
"692","dienggo01",2018,"Gorgui Dieng",28,"MIN","C",5,0,70,6,18,0.333,2,5,0.4,4,13,0.308,0.389,3,4,0.75,3,15,18,4,2,4,1,6,17,0,"",1
"693","forbebr01",2018,"Bryn Forbes",24,"SAS","SG",4,0,54,5,17,0.294,2,9,0.222,3,8,0.375,0.353,5,7,0.714,1,2,3,2,0,0,0,3,17,0,"",1
"694","pachuza01",2018,"Zaza Pachulia",33,"GSW","C",7,0,26,4,7,0.571,0,0,NA,4,7,0.571,0.571,9,12,0.75,6,6,12,1,3,1,3,1,17,0,"",1
"695","connapa01",2018,"Pat Connaughton",25,"POR","SG",4,0,59,6,15,0.4,2,10,0.2,4,5,0.8,0.467,2,2,1,2,2,4,6,1,1,1,9,16,0,"",1
"696","harklma01",2018,"Maurice Harkless",24,"POR","SF",2,1,53,7,13,0.538,2,6,0.333,5,7,0.714,0.615,0,0,NA,3,5,8,4,0,1,1,4,16,0,"",1
"697","osmande01",2018,"Cedi Osman",22,"CLE","SF",14,0,62,6,18,0.333,1,7,0.143,5,11,0.455,0.361,1,4,0.25,1,6,7,3,3,0,0,5,14,0,"",1
"698","zizican01",2018,"Ante Žižić",21,"CLE","C",8,0,23,5,10,0.5,0,0,NA,5,10,0.5,0.5,3,6,0.5,1,5,6,1,0,1,2,2,13,0,"",1
"699","dellama01",2018,"Matthew Dellavedova",27,"MIL","PG",6,0,78,4,12,0.333,2,9,0.222,2,3,0.667,0.417,2,2,1,1,4,5,16,2,0,6,6,12,0,"",1
"700","johnsjo02",2018,"Joe Johnson",36,"HOU","SF",8,0,54,6,17,0.353,0,3,0,6,14,0.429,0.353,0,0,NA,0,10,10,3,0,1,3,4,12,0,"",1
"701","naderab01",2018,"Abdel Nader",24,"BOS","SF",11,0,33,5,15,0.333,0,4,0,5,11,0.455,0.333,2,4,0.5,1,2,3,3,1,1,2,2,12,0,"",1
"702","powelno01",2018,"Norman Powell",24,"TOR","SG",6,0,40,4,14,0.286,1,7,0.143,3,7,0.429,0.321,3,4,0.75,0,2,2,2,0,0,1,4,12,0,"",1
"703","davised01",2018,"Ed Davis",28,"POR","C",4,0,71,5,10,0.5,0,0,NA,5,10,0.5,0.5,1,4,0.25,5,27,32,0,0,1,4,7,11,0,"",1
"704","napiesh01",2018,"Shabazz Napier",26,"POR","PG",2,0,35,5,11,0.455,0,4,0,5,7,0.714,0.455,1,2,0.5,0,2,2,3,3,0,6,1,11,0,"",1
"705","zellety01",2018,"Tyler Zeller",28,"MIL","C",7,3,66,4,5,0.8,0,0,NA,4,5,0.8,0.8,3,4,0.75,2,12,14,3,4,3,1,11,11,0,"",1
"706","diallch01",2018,"Cheick Diallo",21,"NOP","PF",7,0,48,5,12,0.417,0,0,NA,5,12,0.417,0.417,0,0,NA,4,5,9,0,1,1,1,9,10,0,"",1
"707","brownlo01",2018,"Lorenzo Brown",27,"TOR","PG",4,0,29,3,10,0.3,2,5,0.4,1,5,0.2,0.4,1,2,0.5,1,5,6,2,0,1,1,2,9,0,"",1
"708","anderju01",2018,"Justin Anderson",24,"PHI","SF",7,0,33,3,8,0.375,2,7,0.286,1,1,1,0.5,0,0,NA,1,8,9,0,1,0,2,8,8,0,"",1
"709","leoname01",2018,"Meyers Leonard",25,"POR","C",2,0,8,4,4,1,0,0,NA,4,4,1,1,0,0,NA,0,4,4,0,0,0,0,0,8,0,"",1
"710","pattepa01",2018,"Patrick Patterson",28,"OKC","PF",6,0,58,3,6,0.5,2,4,0.5,1,2,0.5,0.667,0,0,NA,1,10,11,3,1,0,3,8,8,0,"",1
"711","brownst02",2018,"Sterling Brown",22,"MIL","SG",3,0,13,3,5,0.6,1,3,0.333,2,2,1,0.7,0,0,NA,1,1,2,0,1,0,0,2,7,0,"",1
"712","satorto01",2018,"Tomáš Satoranský",26,"WAS","SG",6,0,60,2,13,0.154,0,3,0,2,10,0.2,0.154,3,4,0.75,5,4,9,3,0,0,3,4,7,0,"",1
"713","whitede01",2018,"Derrick White",23,"SAS","PG",3,0,18,3,6,0.5,1,2,0.5,2,4,0.5,0.583,0,0,NA,0,0,0,1,1,2,0,0,7,0,"",1
"714","laymaja01",2018,"Jake Layman",23,"POR","SF",1,0,8,3,3,1,0,0,NA,3,3,1,1,0,0,NA,0,1,1,1,2,0,0,0,6,0,"",1
"715","terryja01",2018,"Jason Terry",40,"MIL","SG",3,0,44,2,5,0.4,2,5,0.4,0,0,NA,0.6,0,0,NA,1,1,2,2,1,0,1,2,6,0,"",1
"716","fultzma01",2018,"Markelle Fultz",19,"PHI","SG",3,0,23,1,7,0.143,0,0,NA,1,7,0.143,0.143,3,4,0.75,0,3,3,5,2,0,1,4,5,0,"",1
"717","jacksaa01",2018,"Aaron Jackson",31,"HOU","PG",7,0,17,2,4,0.5,0,2,0,2,2,1,0.5,1,2,0.5,2,2,4,2,0,0,2,2,5,0,"",1
"718","baldwwa01",2018,"Wade Baldwin",21,"POR","PG",4,0,19,1,4,0.25,1,1,1,0,3,0,0.375,1,2,0.5,0,3,3,3,1,1,3,1,4,0,"",1
"719","brookaa01",2018,"Aaron Brooks",33,"MIN","PG",2,0,3,2,3,0.667,0,1,0,2,2,1,0.667,0,2,0,0,0,0,0,0,0,0,0,4,0,"",1
"720","jonesda03",2018,"Damian Jones",22,"GSW","C",4,0,11,1,2,0.5,0,0,NA,1,2,0.5,0.5,2,3,0.667,1,2,3,0,0,0,3,4,4,0,"",1
"721","jonesty01",2018,"Tyus Jones",21,"MIN","PG",4,0,55,2,7,0.286,0,2,0,2,5,0.4,0.286,0,0,NA,0,9,9,8,1,0,1,0,4,0,"",1
"722","mccawpa01",2018,"Patrick McCaw",22,"GSW","SG",6,0,16,1,2,0.5,0,1,0,1,1,1,0.5,2,2,1,1,2,3,0,2,0,0,1,4,0,"",1
"723","yabusgu01",2018,"Guerschon Yabusele",22,"BOS","PF",12,0,48,1,9,0.111,0,6,0,1,3,0.333,0.111,2,5,0.4,3,8,11,3,2,0,0,9,4,0,"",1
"724","fergute01",2018,"Terrance Ferguson",19,"OKC","SG",3,0,6,1,1,1,1,1,1,0,0,NA,1.5,0,0,NA,1,0,1,1,0,0,0,2,3,0,"",1
"725","huestjo01",2018,"Josh Huestis",26,"OKC","PF",4,0,19,1,2,0.5,0,0,NA,1,2,0.5,0.5,1,2,0.5,0,3,3,0,1,1,0,3,3,0,"",1
"726","korkmfu01",2018,"Furkan Korkmaz",20,"PHI","SG",1,0,2,1,1,1,1,1,1,0,0,NA,1.5,0,0,NA,0,0,0,0,0,0,0,1,3,0,"",1
"727","swanica01",2018,"Caleb Swanigan",20,"POR","PF",1,0,8,0,2,0,0,1,0,0,1,0,0,3,4,0.75,0,2,2,1,0,0,1,1,3,0,"",1
"728","blackta01",2018,"Tarik Black",26,"HOU","C",7,0,19,1,4,0.25,0,0,NA,1,4,0.25,0.25,0,0,NA,2,4,6,2,0,1,1,5,2,0,"",1
"729","bradlto01",2018,"Tony Bradley",20,"UTA","C",1,0,2,1,2,0.5,0,0,NA,1,2,0.5,0.5,0,0,NA,1,0,1,0,0,0,0,0,2,0,"",1
"730","jennibr01",2018,"Brandon Jennings",28,"MIL","PG",1,0,5,0,2,0,0,2,0,0,0,NA,0,2,2,1,0,0,0,0,0,0,1,0,2,0,"",1
"731","lauvejo01",2018,"Joffrey Lauvergne",26,"SAS","C",1,0,6,1,1,1,0,0,NA,1,1,1,1,0,0,NA,0,1,1,0,0,0,0,0,2,0,"",1
"732","mcgruro01",2018,"Rodney McGruder",26,"MIA","SG",4,0,16,1,4,0.25,0,2,0,1,2,0.5,0.25,0,0,NA,0,4,4,0,0,0,0,3,2,0,"",1
"733","qizh01",2018,"Zhou Qi",22,"HOU","C",3,0,6,1,1,1,0,0,NA,1,1,1,1,0,0,NA,0,1,1,0,0,0,0,0,2,0,"",1
"734","robingl02",2018,"Glenn Robinson III",24,"IND","SF",2,0,6,1,1,1,0,0,NA,1,1,1,1,0,0,NA,0,1,1,0,0,0,0,0,2,0,"",1
"735","stockda01",2018,"David Stockton",26,"UTA","PG",2,0,6,1,3,0.333,0,1,0,1,2,0.5,0.333,0,0,NA,0,1,1,0,0,0,0,1,2,0,"",1
"736","udohek01",2018,"Ekpe Udoh",30,"UTA","C",6,0,21,1,1,1,0,0,NA,1,1,1,1,0,4,0,1,2,3,0,0,2,1,2,2,0,"",1
"737","liggide01",2018,"DeAndre Liggins",29,"NOP","SG",3,0,14,0,1,0,0,0,NA,0,1,0,0,1,2,0.5,0,1,1,0,0,0,2,0,1,0,"",1
"738","noguelu01",2018,"Lucas Nogueira",25,"TOR","C",5,0,24,0,1,0,0,0,NA,0,1,0,0,1,2,0.5,0,1,1,1,0,0,3,6,1,0,"",1
"739","babbilu01",2018,"Luke Babbitt",28,"MIA","SF",2,0,3,0,1,0,0,0,NA,0,1,0,0,0,0,NA,0,0,0,0,0,0,0,0,0,0,"",1
"740","bayleje01",2018,"Jerryd Bayless",29,"PHI","SG",1,0,2,0,0,NA,0,0,NA,0,0,NA,NA,0,0,NA,0,0,0,0,0,0,0,0,0,0,"",1
"741","fraziti01",2018,"Tim Frazier",27,"WAS","PG",2,0,6,0,1,0,0,0,NA,0,1,0,0,0,0,NA,0,1,1,3,1,0,0,2,0,0,"",1
"742","georgma01",2018,"Marcus Georges-Hunt",23,"MIN","SG",2,0,3,0,1,0,0,0,NA,0,1,0,0,0,0,NA,1,0,1,0,0,0,0,0,0,0,"",1
"743","holmeri01",2018,"Richaun Holmes",24,"PHI","C",3,0,11,0,1,0,0,0,NA,0,1,0,0,0,0,NA,0,1,1,1,0,0,0,3,0,0,"",1
"744","johnsda04",2018,"Dakari Johnson",22,"OKC","C",2,0,3,0,0,NA,0,0,NA,0,0,NA,NA,0,0,NA,0,0,0,0,0,0,0,0,0,0,"",1
"745","leaftj01",2018,"T.J. Leaf",20,"IND","PF",1,0,4,0,0,NA,0,0,NA,0,0,NA,NA,0,0,NA,0,0,0,0,0,0,0,0,0,0,"",1
"746","okafoem01",2018,"Emeka Okafor",35,"NOP","C",1,0,4,0,1,0,0,0,NA,0,1,0,0,0,0,NA,0,0,0,0,0,0,0,1,0,0,"",1
"747","onuakch01",2018,"Chinanu Onuaku",21,"HOU","C",1,0,3,0,0,NA,0,0,NA,0,0,NA,NA,0,0,NA,1,0,1,1,1,0,0,1,0,0,"",1
"748","paulbr01",2018,"Brandon Paul",26,"SAS","SG",1,0,3,0,0,NA,0,0,NA,0,0,NA,NA,0,0,NA,0,1,1,1,0,0,0,0,0,0,"",1
"749","smithja02",2018,"Jason Smith",31,"WAS","C",1,0,2,0,0,NA,0,0,NA,0,0,NA,NA,0,0,NA,0,0,0,0,0,0,0,0,0,0,"",1
"750","youngjo01",2018,"Joe Young",25,"IND","PG",1,0,3,0,0,NA,0,0,NA,0,0,NA,NA,0,0,NA,0,0,0,0,0,0,0,1,0,0,"",1
