"","key","Year","Player","Age","Team","Pos","G","GS","MP","FG","FGA","FG.","X3P","X3PA","X3P.","X2P","X2PA","X2P.","eFG.","FT","FTA","FT.","ORB","DRB","TRB","AST","STL","BLK","TOV","PF","PTS","Trp.Dbl","Awards","Playoffs"
"1","hardeja01",2019,"James Harden",29,"HOU","PG",78,78,2867,843,1909,0.442,378,1028,0.368,465,881,0.528,0.541,754,858,0.879,66,452,518,586,158,58,387,244,2818,7,"MVP-2,AS,NBA1",0
"2","georgpa01",2019,"Paul George",28,"OKC","SF",77,77,2841,707,1614,0.438,292,757,0.386,415,857,0.484,0.529,453,540,0.839,105,523,628,318,170,34,205,214,2159,1,"MVP-3,DPOY-3,AS,NBA1,DEF1",0
"3","walkeke02",2019,"Kemba Walker",28,"CHO","PG",82,82,2863,731,1684,0.434,260,731,0.356,471,953,0.494,0.511,380,450,0.844,52,309,361,484,102,34,211,131,2102,0,"AS,NBA3",0
"4","bealbr01",2019,"Bradley Beal",25,"WAS","SG",82,82,3028,764,1609,0.475,209,596,0.351,555,1013,0.548,0.54,362,448,0.808,89,322,411,448,121,58,224,226,2099,2,"AS",0
"5","lillada01",2019,"Damian Lillard",28,"POR","PG",80,80,2838,681,1533,0.444,237,643,0.369,444,890,0.499,0.522,468,513,0.912,68,303,371,551,88,34,212,148,2067,0,"MVP-6,AS,NBA2",0
"6","duranke01",2019,"Kevin Durant",30,"GSW","SF",78,78,2702,721,1383,0.521,137,388,0.353,584,995,0.587,0.571,448,506,0.885,33,464,497,457,58,84,225,155,2027,2,"MVP-8,AS,NBA2",0
"7","antetgi01",2019,"Giannis Antetokounmpo",24,"MIL","PF",72,72,2358,721,1247,0.578,52,203,0.256,669,1044,0.641,0.599,500,686,0.729,159,739,898,424,92,110,268,232,1994,5,"MVP-1,DPOY-2,AS,NBA1,DEF1",0
"8","curryst01",2019,"Stephen Curry",30,"GSW","PG",69,69,2331,632,1340,0.472,354,810,0.437,278,530,0.525,0.604,263,287,0.916,45,324,369,361,92,25,192,166,1881,0,"MVP-5,AS,NBA1",0
"9","townska01",2019,"Karl-Anthony Towns",23,"MIN","C",77,77,2545,681,1314,0.518,142,355,0.4,539,959,0.562,0.572,376,450,0.836,263,691,954,259,67,125,240,292,1880,0,"AS",0
"10","griffbl01",2019,"Blake Griffin",29,"DET","PF",75,75,2622,619,1341,0.462,189,522,0.362,430,819,0.525,0.532,414,550,0.753,100,465,565,402,52,28,253,199,1841,2,"AS,NBA3",0
"11","mitchdo01",2019,"Donovan Mitchell",22,"UTA","SG",77,77,2598,661,1530,0.432,188,519,0.362,473,1011,0.468,0.493,319,396,0.806,59,257,316,322,106,31,218,208,1829,0,"",0
"12","embiijo01",2019,"Joel Embiid",24,"PHI","C",64,64,2154,580,1199,0.484,79,263,0.3,501,936,0.535,0.517,522,649,0.804,160,711,871,234,46,122,226,211,1761,2,"MVP-7,DPOY-4,AS,NBA2,DEF2",0
"13","aldrila01",2019,"LaMarcus Aldridge",33,"SAS","C",81,81,2687,684,1319,0.519,10,42,0.238,674,1277,0.528,0.522,349,412,0.847,251,493,744,194,43,107,144,179,1727,0,"AS",0
"14","russeda01",2019,"D'Angelo Russell",22,"BRK","PG",81,81,2448,659,1517,0.434,234,635,0.369,425,882,0.482,0.512,160,205,0.78,53,262,315,563,100,20,253,141,1712,0,"AS",0
"15","bookede01",2019,"Devin Booker",22,"PHO","SG",64,64,2242,586,1255,0.467,135,414,0.326,451,841,0.536,0.521,393,454,0.866,39,226,265,433,56,13,264,200,1700,0,"",0
"16","hieldbu01",2019,"Buddy Hield",26,"SAC","SG",82,82,2615,623,1360,0.458,278,651,0.427,345,709,0.487,0.56,171,193,0.886,106,306,412,205,58,33,146,202,1695,0,"",0
"17","thompkl01",2019,"Klay Thompson",28,"GSW","SG",78,78,2652,655,1402,0.467,241,599,0.402,414,803,0.516,0.553,129,158,0.816,37,262,299,186,84,47,115,157,1680,0,"AS,DEF2",0
"18","westbru01",2019,"Russell Westbrook",30,"OKC","PG",73,73,2630,630,1473,0.428,119,411,0.29,511,1062,0.481,0.468,296,451,0.656,109,698,807,784,142,33,325,245,1675,34,"MVP-10,AS,NBA3",0
"19","vucevni01",2019,"Nikola Vučević",28,"ORL","C",80,80,2510,701,1354,0.518,84,231,0.364,617,1123,0.549,0.549,179,227,0.789,224,736,960,307,81,89,159,157,1665,1,"AS",0
"20","harrito02",2019,"Tobias Harris",26,"2TM","PF",82,82,2847,611,1254,0.487,156,393,0.397,455,861,0.528,0.549,266,307,0.866,69,576,645,229,51,37,151,184,1644,0,"",0
"21","derozde01",2019,"DeMar DeRozan",29,"SAS","SG",77,77,2688,631,1313,0.481,7,45,0.156,624,1268,0.492,0.483,366,441,0.83,54,408,462,475,86,36,199,177,1635,1,"",0
"22","jokicni01",2019,"Nikola Jokić",23,"DEN","C",80,80,2504,616,1206,0.511,83,270,0.307,533,936,0.569,0.545,289,352,0.821,228,637,865,580,108,55,248,228,1604,12,"MVP-4,AS,NBA1",0
"23","irvinky01",2019,"Kyrie Irving",26,"BOS","PG",67,67,2214,604,1241,0.487,174,434,0.401,430,807,0.533,0.557,214,245,0.873,71,264,335,464,103,34,172,167,1596,1,"AS,NBA2",0
"24","leonaka01",2019,"Kawhi Leonard",27,"TOR","SF",60,60,2040,560,1129,0.496,112,302,0.371,448,827,0.542,0.546,364,426,0.854,78,361,439,199,106,24,121,87,1596,0,"MVP-9,DPOY-6,AS,NBA2,DEF2",0
"25","randlju01",2019,"Julius Randle",24,"NOP","PF",73,49,2232,571,1089,0.524,67,195,0.344,504,894,0.564,0.555,356,487,0.731,162,472,634,229,52,45,208,246,1565,1,"",0
"26","youngtr01",2019,"Trae Young",20,"ATL","PG",81,81,2503,525,1256,0.418,156,482,0.324,369,774,0.477,0.48,343,414,0.829,64,237,301,653,72,15,308,140,1549,1,"ROY-2",0
"27","doncilu01",2019,"Luka Dončić",19,"DAL","SG",72,72,2318,506,1186,0.427,168,514,0.327,338,672,0.503,0.497,346,485,0.713,86,477,563,429,77,25,247,137,1526,8,"ROY-1",0
"28","jamesle01",2019,"LeBron James",34,"LAL","SF",55,55,1937,558,1095,0.51,111,327,0.339,447,768,0.582,0.56,278,418,0.665,57,408,465,454,72,33,197,94,1505,8,"MVP-11,AS,NBA3",0
"29","willilo02",2019,"Lou Williams",32,"LAC","SG",75,1,1993,484,1138,0.425,105,291,0.361,379,847,0.447,0.471,425,485,0.876,40,182,222,402,57,11,181,80,1498,1,"6MOY-1",0
"30","lavinza01",2019,"Zach LaVine",23,"CHI","SG",63,62,2171,530,1135,0.467,120,321,0.374,410,814,0.504,0.52,312,375,0.832,40,254,294,283,60,26,215,140,1492,0,"",0
"31","conlemi01",2019,"Mike Conley",31,"MEM","PG",70,70,2342,490,1120,0.438,155,426,0.364,335,694,0.483,0.507,343,406,0.845,40,199,239,449,94,22,130,123,1478,0,"",0
"32","mccolcj01",2019,"CJ McCollum",27,"POR","SG",70,70,2375,571,1243,0.459,167,445,0.375,404,798,0.506,0.527,159,192,0.828,62,220,282,207,55,28,106,172,1468,1,"",0
"33","bogdabo02",2019,"Bojan Bogdanović",29,"IND","SF",81,81,2573,522,1051,0.497,164,386,0.425,358,665,0.538,0.575,246,305,0.807,33,300,333,161,69,1,134,138,1454,0,"",0
"34","davisan02",2019,"Anthony Davis",25,"NOP","C",56,56,1850,530,1026,0.517,48,145,0.331,482,881,0.547,0.54,344,433,0.794,174,498,672,218,88,135,112,132,1452,0,"AS",0
"35","holidjr01",2019,"Jrue Holiday",28,"NOP","SG",67,67,2402,547,1159,0.472,118,363,0.325,429,796,0.539,0.523,208,271,0.768,75,259,334,518,109,54,210,148,1420,0,"DEF2",0
"36","middlkh01",2019,"Khris Middleton",27,"MIL","SF",77,77,2393,506,1148,0.441,179,474,0.378,327,674,0.485,0.519,216,258,0.837,50,411,461,331,80,7,174,172,1407,0,"AS",0
"37","foxde01",2019,"De'Aaron Fox",21,"SAC","PG",81,81,2546,505,1102,0.458,86,232,0.371,419,870,0.482,0.497,303,417,0.727,43,261,304,590,133,45,227,204,1399,1,"",0
"38","redicjj01",2019,"JJ Redick",34,"PHI","SG",76,63,2379,452,1027,0.44,240,605,0.397,212,422,0.502,0.557,228,255,0.894,20,166,186,206,32,17,101,129,1372,0,"",0
"39","sextoco01",2019,"Collin Sexton",20,"CLE","PG",82,72,2605,519,1206,0.43,119,296,0.402,400,910,0.44,0.48,214,255,0.839,57,179,236,243,44,6,185,186,1371,0,"ROY-5",0
"40","drumman01",2019,"Andre Drummond",25,"DET","C",79,79,2647,561,1052,0.533,5,38,0.132,556,1014,0.548,0.536,243,412,0.59,423,809,1232,112,136,138,175,272,1370,0,"",0
"41","murraja01",2019,"Jamal Murray",21,"DEN","PG",75,74,2447,513,1173,0.437,152,414,0.367,361,759,0.476,0.502,189,223,0.848,65,252,317,363,67,27,158,153,1367,0,"",0
"42","clarkjo01",2019,"Jordan Clarkson",26,"CLE","SG",81,0,2214,529,1180,0.448,144,445,0.324,385,735,0.524,0.509,162,192,0.844,82,188,270,196,57,13,135,112,1364,0,"",0
"43","harremo01",2019,"Montrezl Harrell",25,"LAC","C",82,5,2158,546,888,0.615,3,17,0.176,543,871,0.623,0.617,266,414,0.643,184,351,535,162,71,110,132,255,1361,0,"6MOY-3",0
"44","siakapa01",2019,"Pascal Siakam",24,"TOR","PF",80,79,2548,519,945,0.549,79,214,0.369,440,731,0.602,0.591,237,302,0.785,124,425,549,248,73,52,154,241,1354,0,"MIP-1",0
"45","gallida01",2019,"Danilo Gallinari",30,"LAC","SF",68,68,2059,409,884,0.463,161,372,0.433,248,512,0.484,0.554,367,406,0.904,54,363,417,178,49,23,99,129,1346,0,"",0
"46","simmobe01",2019,"Ben Simmons",22,"PHI","PG",79,79,2700,540,960,0.563,0,6,0,540,954,0.566,0.563,257,428,0.6,172,525,697,610,112,61,274,209,1337,10,"AS",0
"47","wiggian01",2019,"Andrew Wiggins",23,"MIN","SF",73,73,2543,498,1209,0.412,118,348,0.339,380,861,0.441,0.461,207,296,0.699,83,269,352,184,70,48,138,153,1321,0,"",0
"48","kuzmaky01",2019,"Kyle Kuzma",23,"LAL","PF",70,68,2314,496,1087,0.456,128,422,0.303,368,665,0.553,0.515,188,250,0.752,60,322,382,178,41,26,133,170,1308,0,"",0
"49","goberru01",2019,"Rudy Gobert",26,"UTA","C",81,80,2577,476,712,0.669,0,0,NA,476,712,0.669,0.669,332,522,0.636,309,732,1041,161,66,187,130,231,1284,0,"MVP-11,DPOY-1,NBA3,DEF1",0
"50","barneha02",2019,"Harrison Barnes",26,"2TM","PF",77,77,2533,431,1027,0.42,174,441,0.395,257,586,0.439,0.504,229,278,0.824,57,304,361,115,50,13,98,122,1265,0,"",0
"51","jacksre01",2019,"Reggie Jackson",28,"DET","PG",82,82,2289,441,1047,0.421,174,471,0.369,267,576,0.464,0.504,204,236,0.864,45,171,216,344,55,9,148,208,1260,0,"",0
"52","gordoaa01",2019,"Aaron Gordon",23,"ORL","PF",78,78,2633,470,1046,0.449,121,347,0.349,349,699,0.499,0.507,185,253,0.731,129,445,574,289,57,56,162,172,1246,0,"",0
"53","tatumja01",2019,"Jayson Tatum",20,"BOS","SF",79,79,2455,466,1036,0.45,116,311,0.373,350,725,0.483,0.506,195,228,0.855,70,407,477,168,84,57,122,168,1243,0,"",0
"54","bledser01",2019,"Eric Bledsoe",29,"MIL","PG",78,78,2272,470,971,0.484,124,377,0.329,346,594,0.582,0.548,177,236,0.75,82,280,362,430,116,29,165,156,1241,1,"DEF1",0
"55","fournev01",2019,"Evan Fournier",26,"ORL","SG",81,81,2553,468,1069,0.438,153,450,0.34,315,619,0.509,0.509,137,170,0.806,38,220,258,295,71,12,154,225,1226,0,"",0
"56","schrode01",2019,"Dennis Schröder",25,"OKC","PG",79,14,2314,457,1104,0.414,124,364,0.341,333,740,0.45,0.47,186,227,0.819,38,246,284,323,65,12,172,189,1224,0,"6MOY-8",0
"57","rosste01",2019,"Terrence Ross",27,"ORL","SG",81,0,2150,440,1027,0.428,217,566,0.383,223,461,0.484,0.534,126,144,0.875,27,253,280,135,72,29,90,119,1223,0,"6MOY-5",0
"58","butleji01",2019,"Jimmy Butler",29,"2TM","SG",65,65,2185,418,904,0.462,67,193,0.347,351,711,0.494,0.499,312,365,0.855,121,221,342,263,123,39,95,111,1215,0,"",0
"59","richajo01",2019,"Josh Richardson",25,"MIA","SG",73,73,2539,423,1026,0.412,164,460,0.357,259,566,0.458,0.492,199,231,0.861,54,209,263,298,79,34,113,200,1209,0,"",0
"60","lambje01",2019,"Jeremy Lamb",26,"CHO","SG",79,55,2250,431,979,0.44,115,330,0.348,316,649,0.487,0.499,231,260,0.888,65,369,434,172,88,32,80,140,1208,0,"",0
"61","collijo01",2019,"John Collins",21,"ATL","PF",61,59,1829,465,831,0.56,55,158,0.348,410,673,0.609,0.593,203,266,0.763,219,376,595,121,22,39,120,199,1188,0,"",0
"62","hardati02",2019,"Tim Hardaway Jr.",26,"2TM","SG",65,63,2057,390,993,0.393,162,477,0.34,228,516,0.442,0.474,232,276,0.841,33,189,222,159,54,8,105,141,1174,0,"",0
"63","aytonde01",2019,"Deandre Ayton",20,"PHO","C",71,70,2183,509,870,0.585,0,4,0,509,866,0.588,0.585,141,189,0.746,223,506,729,125,61,67,126,209,1159,0,"ROY-3",0
"64","dinwisp01",2019,"Spencer Dinwiddie",25,"BRK","PG",68,4,1914,366,828,0.442,124,370,0.335,242,458,0.528,0.517,287,356,0.806,26,140,166,311,40,17,152,187,1143,0,"6MOY-4",0
"65","nurkiju01",2019,"Jusuf Nurkić",24,"POR","C",72,72,1974,420,826,0.508,3,29,0.103,417,797,0.523,0.51,282,365,0.773,243,505,748,233,71,103,168,250,1125,1,"",0
"66","capelca01",2019,"Clint Capela",24,"HOU","C",67,67,2249,474,732,0.648,0,0,NA,474,732,0.648,0.648,166,261,0.636,298,550,848,96,44,102,94,168,1114,0,"",0
"67","ibakase01",2019,"Serge Ibaka",29,"TOR","C",74,51,2010,464,877,0.529,49,169,0.29,415,708,0.586,0.557,135,177,0.763,156,445,601,99,29,103,114,211,1112,0,"",0
"68","adamsst01",2019,"Steven Adams",25,"OKC","C",80,80,2669,481,809,0.595,0,2,0,481,807,0.596,0.595,146,292,0.5,391,369,760,124,117,76,135,204,1108,0,"",0
"69","gordoer01",2019,"Eric Gordon",30,"HOU","SG",68,53,2158,384,938,0.409,216,600,0.36,168,338,0.497,0.525,119,152,0.783,17,131,148,129,41,27,90,143,1103,0,"",0
"70","grantje01",2019,"Jerami Grant",24,"OKC","PF",80,77,2612,409,823,0.497,115,293,0.392,294,530,0.555,0.567,157,221,0.71,96,321,417,79,61,100,67,214,1090,0,"",0
"71","wadedw01",2019,"Dwyane Wade",37,"MIA","SG",72,2,1885,416,960,0.433,86,261,0.33,330,699,0.472,0.478,165,233,0.708,69,216,285,301,59,38,166,118,1083,1,"6MOY-7,AS",0
"72","gasolma01",2019,"Marc Gasol",34,"2TM","C",79,72,2436,390,870,0.448,99,273,0.363,291,597,0.487,0.505,192,253,0.759,80,547,627,349,84,86,155,217,1071,1,"",0
"73","oubreke01",2019,"Kelly Oubre Jr.",23,"2TM","SF",69,19,1935,375,842,0.445,108,338,0.32,267,504,0.53,0.51,189,244,0.775,71,254,325,84,84,59,103,181,1047,0,"",0
"74","morrima03",2019,"Marcus Morris",29,"BOS","PF",75,53,2091,377,844,0.447,146,389,0.375,231,455,0.508,0.533,146,173,0.844,76,382,458,109,43,25,92,181,1046,0,"",0
"75","sabondo01",2019,"Domantas Sabonis",22,"IND","C",74,5,1838,413,700,0.59,9,17,0.529,404,683,0.592,0.596,208,291,0.715,186,504,690,212,48,30,160,239,1043,0,"6MOY-2",0
"76","harrijo01",2019,"Joe Harris",27,"BRK","SG",76,76,2293,374,748,0.5,183,386,0.474,191,362,0.528,0.622,110,133,0.827,52,239,291,181,38,17,121,182,1041,0,"",0
"77","youngth01",2019,"Thaddeus Young",30,"IND","PF",81,81,2489,443,841,0.527,51,146,0.349,392,695,0.564,0.557,87,135,0.644,192,331,523,204,123,36,123,194,1024,0,"",0
"78","lopezbr01",2019,"Brook Lopez",30,"MIL","C",81,81,2322,355,786,0.452,187,512,0.365,168,274,0.613,0.571,112,133,0.842,33,363,396,98,51,179,82,189,1009,0,"",0
"79","brogdma01",2019,"Malcolm Brogdon",26,"MIL","SG",64,64,1832,378,748,0.505,104,244,0.426,274,504,0.544,0.575,141,152,0.928,65,223,288,205,46,13,91,102,1001,0,"",0
"80","inglejo01",2019,"Joe Ingles",31,"UTA","PF",82,82,2568,359,802,0.448,189,483,0.391,170,319,0.533,0.565,87,123,0.707,35,295,330,469,98,20,193,180,994,0,"",0
"81","osmande01",2019,"Cedi Osman",23,"CLE","SF",76,75,2444,360,844,0.427,130,374,0.348,230,470,0.489,0.504,141,181,0.779,45,312,357,195,60,11,114,195,991,0,"",0
"82","bogdabo01",2019,"Bogdan Bogdanović",26,"SAC","SG",70,17,1947,361,863,0.418,134,372,0.36,227,491,0.462,0.496,134,162,0.827,40,203,243,267,72,15,117,142,990,0,"",0
"83","turnemy01",2019,"Myles Turner",22,"IND","C",74,74,2119,380,780,0.487,76,196,0.388,304,584,0.521,0.536,148,201,0.736,101,430,531,115,60,199,100,195,984,0,"DPOY-5",0
"84","markkla01",2019,"Lauri Markkanen",21,"CHI","PF",52,51,1682,342,795,0.43,120,332,0.361,222,463,0.479,0.506,170,195,0.872,74,396,470,75,37,33,85,122,974,0,"",0
"85","forbebr01",2019,"Bryn Forbes",25,"SAS","SG",82,81,2293,361,791,0.456,176,413,0.426,185,378,0.489,0.568,69,78,0.885,18,221,239,175,45,4,80,159,967,0,"",0
"86","caulewi01",2019,"Willie Cauley-Stein",25,"SAC","C",81,81,2213,412,741,0.556,1,2,0.5,411,739,0.556,0.557,140,254,0.551,181,497,678,194,96,51,84,227,965,0,"",0
"87","brownja02",2019,"Jaylen Brown",22,"BOS","SG",74,25,1913,368,792,0.465,95,276,0.344,273,516,0.529,0.525,133,202,0.658,65,248,313,100,69,32,99,186,964,0,"",0
"88","knoxke01",2019,"Kevin Knox",19,"NYK","PF",75,57,2158,338,914,0.37,125,364,0.343,213,550,0.387,0.438,162,226,0.717,61,274,335,82,43,24,114,175,963,0,"",0
"89","crowdja01",2019,"Jae Crowder",28,"UTA","SF",80,11,2166,318,797,0.399,173,522,0.331,145,275,0.527,0.508,142,197,0.721,60,324,384,133,64,31,85,170,951,0,"6MOY-11",0
"90","ingrabr01",2019,"Brandon Ingram",21,"LAL","SF",52,52,1760,362,729,0.497,31,94,0.33,331,635,0.521,0.518,195,289,0.675,41,226,267,154,28,31,129,149,950,0,"",0
"91","augusdj01",2019,"D.J. Augustin",31,"ORL","PG",81,81,2269,318,677,0.47,131,311,0.421,187,366,0.511,0.566,181,209,0.866,41,162,203,426,52,4,128,115,948,0,"",0
"92","gayru01",2019,"Rudy Gay",32,"SAS","PF",69,51,1842,376,746,0.504,74,184,0.402,302,562,0.537,0.554,120,147,0.816,63,407,470,182,54,34,114,159,946,0,"",0
"93","greenje02",2019,"Jeff Green",32,"WAS","PF",77,44,2097,326,687,0.475,111,320,0.347,215,367,0.586,0.555,183,206,0.888,57,252,309,137,43,39,101,160,946,0,"",0
"94","caldwke01",2019,"Kentavious Caldwell-Pope",25,"LAL","SG",82,23,2035,325,756,0.43,151,435,0.347,174,321,0.542,0.53,137,158,0.867,48,190,238,110,73,13,65,137,938,0,"",0
"95","parkeja01",2019,"Jabari Parker",23,"2TM","PF",64,17,1724,369,749,0.493,61,195,0.313,308,554,0.556,0.533,131,184,0.712,79,342,421,152,46,30,151,145,930,0,"",0
"96","lowryky01",2019,"Kyle Lowry",32,"TOR","PG",65,65,2213,304,739,0.411,157,453,0.347,147,286,0.514,0.518,161,194,0.83,41,271,312,564,91,31,182,166,926,2,"AS",0
"97","horfoal01",2019,"Al Horford",32,"BOS","C",68,68,1973,387,723,0.535,73,203,0.36,314,520,0.604,0.586,78,95,0.821,120,338,458,283,59,86,102,126,925,1,"",0
"98","baglema01",2019,"Marvin Bagley III",19,"SAC","PF",62,4,1567,356,706,0.504,30,96,0.313,326,610,0.534,0.525,181,262,0.691,162,309,471,62,33,59,98,120,923,0,"ROY-7",0
"99","beaslma01",2019,"Malik Beasley",22,"DEN","SG",81,18,1879,349,737,0.474,163,405,0.402,186,332,0.56,0.584,56,66,0.848,35,165,200,97,55,10,55,116,917,0,"6MOY-11",0
"100","rosede01",2019,"Derrick Rose",30,"MIN","PG",51,13,1392,363,753,0.482,54,146,0.37,309,607,0.509,0.518,137,160,0.856,33,107,140,220,31,12,82,57,917,0,"6MOY-6",0
"101","kanteen01",2019,"Enes Freedom",26,"2TM","C",67,31,1640,375,683,0.549,10,34,0.294,365,649,0.562,0.556,155,197,0.787,257,402,659,116,32,26,118,167,915,0,"",0
"102","jacksjo02",2019,"Josh Jackson",21,"PHO","SG",79,29,1988,347,841,0.413,73,225,0.324,274,616,0.445,0.456,143,213,0.671,66,281,347,183,74,56,173,209,910,0,"",0
"103","paulch01",2019,"Chris Paul",33,"HOU","PG",58,58,1857,302,720,0.419,127,355,0.358,175,365,0.479,0.508,175,203,0.862,36,229,265,473,114,18,152,146,906,1,"",0
"104","favorde01",2019,"Derrick Favors",27,"UTA","C",76,70,1766,363,619,0.586,17,78,0.218,346,541,0.64,0.6,154,228,0.675,207,353,560,89,56,106,84,163,897,0,"",0
"105","mcgeeja01",2019,"JaVale McGee",31,"LAL","C",75,62,1671,400,641,0.624,1,12,0.083,399,629,0.634,0.625,96,152,0.632,195,371,566,52,47,148,108,208,897,0,"",0
"106","gilgesh01",2019,"Shai Gilgeous-Alexander",20,"LAC","PG",82,73,2174,341,716,0.476,51,139,0.367,290,577,0.503,0.512,156,195,0.8,57,175,232,270,96,45,141,175,889,0,"ROY-6",0
"107","whiteha01",2019,"Hassan Whiteside",29,"MIA","C",72,53,1674,388,680,0.571,2,16,0.125,386,664,0.581,0.572,109,243,0.449,257,560,817,56,46,136,97,192,887,0,"",0
"108","millspa01",2019,"Paul Millsap",33,"DEN","PF",70,65,1895,322,665,0.484,58,159,0.365,264,506,0.522,0.528,181,249,0.727,153,352,505,141,83,54,95,183,883,0,"",0
"109","allenja01",2019,"Jarrett Allen",20,"BRK","C",80,80,2096,335,568,0.59,6,45,0.133,329,523,0.629,0.595,197,278,0.709,191,481,672,110,43,120,103,184,873,0,"DPOY-9",0
"110","mudiaem01",2019,"Emmanuel Mudiay",22,"NYK","PG",59,42,1607,330,740,0.446,69,210,0.329,261,530,0.492,0.493,144,186,0.774,33,163,196,228,43,19,140,103,873,0,"",0
"111","rubiori01",2019,"Ricky Rubio",28,"UTA","PG",68,67,1899,295,730,0.404,79,254,0.311,216,476,0.454,0.458,195,228,0.855,33,210,243,416,91,10,180,180,864,0,"",0
"112","arizatr01",2019,"Trevor Ariza",33,"2TM","SF",69,69,2349,294,736,0.399,145,434,0.334,149,302,0.493,0.498,130,164,0.793,50,321,371,252,91,21,106,130,863,0,"",0
"113","saricda01",2019,"Dario Šarić",24,"2TM","PF",81,41,2023,304,696,0.437,118,323,0.365,186,373,0.499,0.522,132,150,0.88,126,331,457,127,45,9,97,182,858,0,"",0
"114","holidju01",2019,"Justin Holiday",29,"2TM","SG",82,77,2607,300,777,0.386,162,465,0.348,138,312,0.442,0.49,95,106,0.896,46,277,323,146,121,36,104,164,857,0,"",0
"115","lenal01",2019,"Alex Len",25,"ATL","C",77,31,1544,320,648,0.494,74,204,0.363,246,444,0.554,0.551,140,216,0.648,158,266,424,86,27,69,97,200,854,0,"",0
"116","collida01",2019,"Darren Collison",31,"IND","PG",76,76,2143,308,659,0.467,79,194,0.407,229,465,0.492,0.527,158,190,0.832,36,196,232,459,110,9,125,138,853,0,"",0
"117","morrimo01",2019,"Monte Morris",23,"DEN","PG",82,6,1970,346,702,0.493,94,227,0.414,252,475,0.531,0.56,65,81,0.802,35,159,194,297,73,4,52,102,851,0,"6MOY-9",0
"118","matthwe02",2019,"Wesley Matthews",32,"3TM","SF",69,68,2091,279,698,0.4,150,403,0.372,129,295,0.437,0.507,132,163,0.81,32,138,170,160,54,17,91,160,840,0,"",0
"119","winslju01",2019,"Justise Winslow",22,"MIA","SF",66,52,1959,324,749,0.433,96,256,0.375,228,493,0.462,0.497,86,137,0.628,63,292,355,282,72,19,142,177,830,0,"",0
"120","belinma01",2019,"Marco Belinelli",32,"SAS","SG",79,1,1815,285,690,0.413,147,395,0.372,138,295,0.468,0.52,112,124,0.903,16,182,198,132,35,8,72,121,829,0,"",0
"121","haywago01",2019,"Gordon Hayward",28,"BOS","PF",72,18,1863,296,635,0.466,77,231,0.333,219,404,0.542,0.527,156,187,0.834,51,271,322,244,62,23,105,104,825,0,"",0
"122","greenda02",2019,"Danny Green",31,"TOR","SG",80,80,2216,293,630,0.465,198,435,0.455,95,195,0.487,0.622,37,44,0.841,60,257,317,126,73,53,75,171,821,0,"",0
"123","poweldw01",2019,"Dwight Powell",27,"DAL","C",77,22,1662,290,486,0.597,39,127,0.307,251,359,0.699,0.637,196,254,0.772,140,271,411,112,44,50,67,201,815,0,"",0
"124","millspa02",2019,"Patty Mills",30,"SAS","PG",82,1,1908,282,663,0.425,159,404,0.394,123,259,0.475,0.545,88,103,0.854,24,158,182,245,49,10,93,129,811,0,"",0
"125","hoodro01",2019,"Rodney Hood",26,"2TM","SG",72,49,1893,292,671,0.435,84,236,0.356,208,435,0.478,0.498,137,155,0.884,25,132,157,126,59,12,55,146,805,0,"",0
"126","jacksja02",2019,"Jaren Jackson Jr.",19,"MEM","PF",58,56,1515,298,589,0.506,51,142,0.359,247,447,0.553,0.549,151,197,0.766,73,199,272,64,52,82,98,220,798,0,"ROY-4",0
"127","olynyke01",2019,"Kelly Olynyk",27,"MIA","PF",79,36,1812,261,564,0.463,113,319,0.354,148,245,0.604,0.563,152,185,0.822,72,303,375,140,53,37,114,183,787,0,"",0
"128","porteot01",2019,"Otto Porter Jr.",25,"2TM","SF",56,43,1683,299,643,0.465,104,256,0.406,195,387,0.504,0.546,78,96,0.813,54,260,314,120,82,31,65,108,780,0,"",0
"129","bazemke01",2019,"Kent Bazemore",29,"ATL","SG",67,35,1643,278,691,0.402,96,300,0.32,182,391,0.465,0.472,127,175,0.726,37,224,261,152,89,42,121,170,779,0,"",0
"130","dotsoda01",2019,"Damyean Dotson",24,"NYK","SG",73,40,2004,290,698,0.415,126,342,0.368,164,356,0.461,0.506,73,98,0.745,34,228,262,135,58,10,71,135,779,0,"",0
"131","warretj01",2019,"T.J. Warren",25,"PHO","SF",43,36,1360,297,611,0.486,77,180,0.428,220,431,0.51,0.549,101,124,0.815,31,143,174,64,51,29,52,119,772,0,"",0
"132","valanjo01",2019,"Jonas Valančiūnas",26,"2TM","C",49,27,1091,301,538,0.559,14,48,0.292,287,490,0.586,0.572,147,185,0.795,106,313,419,70,19,53,90,146,763,0,"",0
"133","aminual01",2019,"Al-Farouq Aminu",28,"POR","PF",81,81,2292,257,593,0.433,96,280,0.343,161,313,0.514,0.514,150,173,0.867,112,498,610,104,68,33,72,143,760,0,"",0
"134","bryanth01",2019,"Thomas Bryant",21,"WAS","C",72,53,1496,309,502,0.616,33,99,0.333,276,403,0.685,0.648,107,137,0.781,113,341,454,92,25,67,60,126,758,0,"",0
"135","jordade01",2019,"DeAndre Jordan",30,"2TM","C",69,69,2047,286,446,0.641,0,0,NA,286,446,0.641,0.641,186,264,0.705,225,677,902,156,42,73,153,167,758,0,"",0
"136","willima02",2019,"Marvin Williams",32,"CHO","PF",75,75,2133,275,652,0.422,140,382,0.366,135,270,0.5,0.529,66,86,0.767,76,331,407,92,71,61,47,156,756,0,"",0
"137","gibsota01",2019,"Taj Gibson",33,"MIN","PF",70,57,1686,304,537,0.566,11,34,0.324,293,503,0.583,0.576,134,177,0.757,172,286,458,84,53,39,73,186,753,0,"",0
"138","carrode01",2019,"DeMarre Carroll",32,"BRK","PF",67,8,1703,227,575,0.395,106,310,0.342,121,265,0.457,0.487,184,242,0.76,68,281,349,85,31,10,73,114,744,0,"",0
"139","princta02",2019,"Taurean Prince",24,"ATL","SF",55,47,1552,262,594,0.441,123,315,0.39,139,279,0.498,0.545,95,116,0.819,22,177,199,118,53,19,100,141,742,0,"",0
"140","bjeline01",2019,"Nemanja Bjelica",30,"SAC","PF",77,70,1788,284,593,0.479,103,257,0.401,181,336,0.539,0.566,70,92,0.761,125,319,444,147,54,56,82,197,741,0,"",0
"141","harriga01",2019,"Gary Harris",24,"DEN","SG",57,48,1639,270,637,0.424,82,242,0.339,188,395,0.476,0.488,115,144,0.799,41,119,160,127,55,19,68,113,737,0,"",0
"142","adebaba01",2019,"Bam Adebayo",21,"MIA","C",82,28,1913,280,486,0.576,3,15,0.2,277,471,0.588,0.579,166,226,0.735,165,432,597,184,71,65,121,203,729,0,"",0
"143","huertke01",2019,"Kevin Huerter",20,"ATL","SG",75,59,2048,275,657,0.419,136,353,0.385,139,304,0.457,0.522,41,56,0.732,60,185,245,214,65,25,109,155,727,0,"",0
"144","shamela01",2019,"Landry Shamet",21,"2TM","SG",79,27,1802,240,557,0.431,167,396,0.422,73,161,0.453,0.581,75,93,0.806,21,113,134,117,37,10,45,155,722,0,"",0
"145","smithde03",2019,"Dennis Smith Jr.",21,"2TM","PG",53,50,1508,278,650,0.428,67,208,0.322,211,442,0.477,0.479,99,156,0.635,32,123,155,252,67,20,154,129,722,1,"",0
"146","isaacjo01",2019,"Jonathan Isaac",21,"ORL","PF",75,64,1996,262,611,0.429,86,266,0.323,176,345,0.51,0.499,110,135,0.815,99,312,411,80,59,98,75,143,720,0,"",0
"147","bullore01",2019,"Reggie Bullock",27,"2TM","SG",63,60,1879,245,594,0.412,148,393,0.377,97,201,0.483,0.537,73,85,0.859,22,151,173,129,40,12,65,109,711,0,"",0
"148","portibo01",2019,"Bobby Portis",23,"2TM","PF",50,28,1299,279,628,0.444,75,191,0.393,204,437,0.467,0.504,77,97,0.794,109,294,403,72,35,20,74,145,710,0,"",0
"149","satorto01",2019,"Tomáš Satoranský",27,"WAS","PG",80,54,2164,257,530,0.485,64,162,0.395,193,368,0.524,0.545,131,160,0.819,82,197,279,399,82,13,120,172,709,1,"",0
"150","roziete01",2019,"Terry Rozier",24,"BOS","PG",79,14,1791,258,666,0.387,119,337,0.353,139,329,0.422,0.477,73,93,0.785,32,275,307,231,68,21,68,101,708,0,"",0
"151","smartma01",2019,"Marcus Smart",24,"BOS","SG",80,60,2200,239,567,0.422,126,346,0.364,113,221,0.511,0.533,104,129,0.806,57,177,234,321,143,28,123,201,708,0,"DPOY-8,DEF1",0
"152","linje01",2019,"Jeremy Lin",30,"2TM","PG",74,4,1436,238,541,0.44,55,187,0.294,183,354,0.517,0.491,176,210,0.838,22,157,179,231,47,13,124,144,707,0,"",0
"153","evansty01",2019,"Tyreke Evans",29,"IND","SG",69,18,1402,257,660,0.389,77,216,0.356,180,444,0.405,0.448,115,160,0.719,33,168,201,166,58,18,118,117,706,0,"",0
"154","lopezro01",2019,"Robin Lopez",30,"CHI","C",74,36,1606,304,535,0.568,7,31,0.226,297,504,0.589,0.575,89,123,0.724,140,146,286,89,11,78,96,124,704,0,"",0
"155","vanvlfr01",2019,"Fred VanVleet",24,"TOR","PG",64,28,1760,246,600,0.41,112,296,0.378,134,304,0.441,0.503,97,115,0.843,21,146,167,307,57,20,82,110,701,0,"",0
"156","batumni01",2019,"Nicolas Batum",30,"CHO","SF",75,72,2354,253,562,0.45,116,298,0.389,137,264,0.519,0.553,77,89,0.865,71,319,390,247,71,43,117,140,699,0,"",0
"157","mirotni01",2019,"Nikola Mirotić",27,"2TM","PF",46,25,1245,238,542,0.439,116,318,0.365,122,224,0.545,0.546,105,124,0.847,60,279,339,55,31,34,48,107,697,0,"",0
"158","trieral01",2019,"Allonzo Trier",23,"NYK","SG",64,3,1459,232,518,0.448,52,132,0.394,180,386,0.466,0.498,179,223,0.803,31,166,197,119,28,14,116,117,695,0,"",0
"159","dedmode01",2019,"Dewayne Dedmon",29,"ATL","C",64,52,1609,259,526,0.492,83,217,0.382,176,309,0.57,0.571,92,113,0.814,105,375,480,90,69,71,84,214,693,0,"",0
"160","bembrde01",2019,"DeAndre' Bembry",24,"ATL","SG",82,15,1931,275,616,0.446,50,173,0.289,225,443,0.508,0.487,87,136,0.64,54,304,358,202,105,41,142,190,687,0,"",0
"161","bridgmi01",2019,"Mikal Bridges",22,"PHO","SF",82,56,2417,242,563,0.43,105,313,0.335,137,250,0.548,0.523,95,118,0.805,56,208,264,173,129,38,70,201,684,0,"",0
"162","brunsja01",2019,"Jalen Brunson",22,"DAL","PG",73,38,1591,264,565,0.467,63,181,0.348,201,384,0.523,0.523,87,120,0.725,25,144,169,230,37,4,88,127,678,0,"",0
"163","greenge01",2019,"Gerald Green",33,"HOU","SG",73,0,1473,231,578,0.4,156,441,0.354,75,137,0.547,0.535,57,68,0.838,30,152,182,40,33,27,55,126,675,0,"",0
"164","oladivi01",2019,"Victor Oladipo",26,"IND","SG",36,36,1147,249,588,0.423,74,216,0.343,175,372,0.47,0.486,103,141,0.73,21,181,202,186,60,11,82,72,675,0,"AS",0
"165","gallola01",2019,"Langston Galloway",27,"DET","SG",80,4,1745,228,587,0.388,135,380,0.355,93,207,0.449,0.503,81,96,0.844,49,122,171,85,37,8,24,135,672,0,"",0
"166","walljo01",2019,"John Wall",28,"WAS","PG",32,32,1104,245,552,0.444,51,169,0.302,194,383,0.507,0.49,122,175,0.697,15,101,116,279,49,29,121,71,663,0,"",0
"167","whitede01",2019,"Derrick White",24,"SAS","PG",67,55,1728,260,543,0.479,48,142,0.338,212,401,0.529,0.523,95,123,0.772,35,212,247,263,67,47,97,145,663,0,"",0
"168","monkma01",2019,"Malik Monk",20,"CHO","SG",73,0,1258,227,586,0.387,109,330,0.33,118,256,0.461,0.48,90,102,0.882,16,121,137,117,37,19,86,106,653,0,"",0
"169","wrighde01",2019,"Delon Wright",26,"2TM","PG",75,13,1699,242,558,0.434,50,168,0.298,192,390,0.492,0.478,119,150,0.793,68,198,266,248,88,30,77,103,653,3,"",0
"170","plumlma01",2019,"Mason Plumlee",28,"DEN","C",82,17,1731,262,442,0.593,2,10,0.2,260,432,0.602,0.595,111,198,0.561,165,359,524,243,66,76,126,252,637,0,"",0
"171","mooreet01",2019,"E'Twaun Moore",29,"NOP","SG",53,36,1463,256,532,0.481,76,176,0.432,180,356,0.506,0.553,45,59,0.763,35,92,127,102,40,8,59,112,633,0,"",0
"172","burketr01",2019,"Trey Burke",26,"2TM","PG",58,8,1125,236,548,0.431,56,159,0.352,180,389,0.463,0.482,103,124,0.831,28,71,99,159,33,7,49,58,631,0,"",0
"173","nancela02",2019,"Larry Nance Jr.",26,"CLE","C",67,30,1795,249,479,0.52,33,98,0.337,216,381,0.567,0.554,96,134,0.716,168,384,552,214,100,40,97,192,627,0,"",0
"174","bradlav01",2019,"Avery Bradley",28,"2TM","SG",63,63,1905,248,608,0.408,86,245,0.351,162,363,0.446,0.479,43,50,0.86,43,132,175,152,41,16,89,167,625,0,"",0
"175","johnsty01",2019,"Tyler Johnson",26,"2TM","PG",57,22,1529,217,526,0.413,90,260,0.346,127,266,0.477,0.498,95,127,0.748,34,139,173,166,54,27,77,97,619,0,"",0
"176","riverau01",2019,"Austin Rivers",26,"2TM","SG",76,15,2028,232,572,0.406,104,327,0.318,128,245,0.522,0.497,50,95,0.526,25,137,162,167,47,23,68,207,618,0,"",0
"177","kennalu01",2019,"Luke Kennard",22,"DET","SG",63,10,1437,228,520,0.438,106,269,0.394,122,251,0.486,0.54,51,61,0.836,12,171,183,114,26,10,57,92,613,0,"",0
"178","greenja01",2019,"JaMychal Green",28,"2TM","PF",65,6,1371,230,476,0.483,71,176,0.403,159,300,0.53,0.558,80,101,0.792,104,305,409,50,45,34,87,193,611,0,"",0
"179","finnedo01",2019,"Dorian Finney-Smith",25,"DAL","SF",81,26,1985,228,528,0.432,79,254,0.311,149,274,0.544,0.507,73,103,0.709,138,251,389,95,69,36,74,186,608,0,"",0
"180","bertada01",2019,"Dāvis Bertāns",26,"SAS","PF",76,12,1632,204,453,0.45,145,338,0.429,59,115,0.513,0.61,53,60,0.883,23,241,264,100,35,33,43,133,606,0,"6MOY-11",0
"181","tuckepj01",2019,"P.J. Tucker",33,"HOU","PF",82,82,2802,207,523,0.396,146,387,0.377,61,136,0.449,0.535,41,59,0.695,121,358,479,96,132,39,63,252,601,0,"",0
"182","korveky01",2019,"Kyle Korver",37,"2TM","PF",70,0,1334,201,483,0.416,138,348,0.397,63,135,0.467,0.559,60,73,0.822,9,153,162,81,25,12,59,106,600,0,"",0
"183","bridgmi02",2019,"Miles Bridges",20,"CHO","SF",80,25,1696,237,511,0.464,65,200,0.325,172,311,0.553,0.527,58,77,0.753,67,256,323,95,55,49,50,111,597,0,"",0
"184","beverpa01",2019,"Patrick Beverley",30,"LAC","PG",78,49,2137,194,477,0.407,112,282,0.397,82,195,0.421,0.524,96,123,0.78,76,312,388,300,67,43,85,265,596,0,"DPOY-9",0
"185","templga01",2019,"Garrett Temple",32,"2TM","SG",75,55,2040,208,493,0.422,90,264,0.341,118,229,0.515,0.513,80,107,0.748,28,188,216,106,76,30,70,204,586,0,"",0
"186","jacksju01",2019,"Justin Jackson",23,"2TM","SF",81,14,1614,217,485,0.447,87,245,0.355,130,240,0.542,0.537,62,79,0.785,44,168,212,96,32,14,29,99,583,0,"",0
"187","curryse01",2019,"Seth Curry",28,"POR","SG",74,2,1399,212,465,0.456,113,251,0.45,99,214,0.463,0.577,44,52,0.846,27,93,120,66,36,12,61,97,581,0,"",0
"188","holmeri01",2019,"Richaun Holmes",25,"PHO","C",70,4,1184,222,365,0.608,0,0,NA,222,365,0.608,0.608,128,175,0.731,115,216,331,60,42,79,52,194,572,0,"",0
"189","vonleno01",2019,"Noah Vonleh",23,"NYK","PF",68,57,1722,207,440,0.47,46,137,0.336,161,303,0.531,0.523,111,156,0.712,113,415,528,129,46,51,88,174,571,0,"",0
"190","okogijo01",2019,"Josh Okogie",20,"MIN","SG",74,52,1757,196,508,0.386,60,215,0.279,136,293,0.464,0.445,118,162,0.728,41,177,218,91,88,33,63,166,570,0,"ROY-8",0
"191","milleda01",2019,"Darius Miller",28,"NOP","SF",69,15,1757,189,484,0.39,133,364,0.365,56,120,0.467,0.528,56,71,0.789,14,114,128,146,40,23,59,165,567,0,"",0
"192","mcderdo01",2019,"Doug McDermott",27,"IND","SF",77,1,1340,207,422,0.491,84,206,0.408,123,216,0.569,0.59,66,79,0.835,17,92,109,67,18,8,42,104,564,0,"",0
"193","cartevi01",2019,"Vince Carter",42,"ATL","PF",76,9,1330,196,468,0.419,123,316,0.389,73,152,0.48,0.55,47,66,0.712,31,163,194,87,44,27,48,141,562,0,"",0
"194","burksal01",2019,"Alec Burks",27,"3TM","SG",64,24,1375,192,474,0.405,61,168,0.363,131,306,0.428,0.469,116,141,0.823,30,205,235,128,39,21,65,91,561,0,"",0
"195","leverca01",2019,"Caris LeVert",24,"BRK","SF",40,25,1063,207,483,0.429,48,154,0.312,159,329,0.483,0.478,85,123,0.691,35,116,151,156,42,14,69,77,547,0,"",0
"196","morrima02",2019,"Markieff Morris",29,"2TM","PF",58,16,1270,204,484,0.421,68,203,0.335,136,281,0.484,0.492,71,92,0.772,61,204,265,79,36,22,54,175,547,0,"",0
"197","lylestr01",2019,"Trey Lyles",23,"DEN","PF",64,2,1120,207,495,0.418,51,200,0.255,156,295,0.529,0.47,81,116,0.698,44,202,246,87,30,23,68,93,546,0,"",0
"198","ellinwa01",2019,"Wayne Ellington",31,"2TM","SG",53,38,1297,184,457,0.403,138,372,0.371,46,85,0.541,0.554,39,49,0.796,14,93,107,72,54,6,40,92,545,0,"",0
"199","arcidry01",2019,"Ryan Arcidiacono",24,"CHI","PG",81,32,1961,187,418,0.447,81,217,0.373,106,201,0.527,0.544,89,102,0.873,27,192,219,269,65,4,63,171,544,0,"",0
"200","laymaja01",2019,"Jake Layman",24,"POR","SF",71,33,1327,216,424,0.509,59,181,0.326,157,243,0.646,0.579,50,71,0.704,56,161,217,53,31,30,46,116,541,0,"",0
"201","josepco01",2019,"Cory Joseph",27,"IND","PG",82,9,2063,226,548,0.412,55,171,0.322,171,377,0.454,0.463,30,43,0.698,39,240,279,321,94,22,80,131,537,0,"",0
"202","kurucro01",2019,"Rodions Kurucs",20,"BRK","SF",63,46,1294,202,449,0.45,58,184,0.315,144,265,0.543,0.514,72,92,0.783,56,190,246,52,41,25,77,146,534,0,"",0
"203","parketo01",2019,"Tony Parker",36,"CHO","PG",56,0,1003,213,463,0.46,13,51,0.255,200,412,0.485,0.474,91,124,0.734,14,69,83,207,21,7,75,53,530,0,"",0
"204","napiesh01",2019,"Shabazz Napier",27,"BRK","PG",56,2,983,169,435,0.389,76,228,0.333,93,207,0.449,0.476,115,138,0.833,18,82,100,143,41,16,66,67,529,0,"",0
"205","holliro01",2019,"Rondae Hollis-Jefferson",24,"BRK","SF",59,21,1234,200,487,0.411,9,49,0.184,191,438,0.436,0.42,118,183,0.645,83,227,310,96,44,27,68,107,527,0,"",0
"206","waitedi01",2019,"Dion Waiters",27,"MIA","SG",44,28,1138,198,478,0.414,109,289,0.377,89,189,0.471,0.528,22,44,0.5,7,109,116,121,29,9,64,72,527,0,"",0
"207","hartjo01",2019,"Josh Hart",23,"LAL","SG",67,22,1715,189,464,0.407,92,274,0.336,97,190,0.511,0.506,55,80,0.688,35,213,248,93,64,40,58,147,525,0,"",0
"208","zubaciv01",2019,"Ivica Zubac",21,"2TM","C",59,37,1040,212,379,0.559,0,0,NA,212,379,0.559,0.559,101,126,0.802,115,247,362,63,14,51,70,137,525,0,"",0
"209","dunnkr01",2019,"Kris Dunn",24,"CHI","PG",46,44,1389,215,506,0.425,34,96,0.354,181,410,0.441,0.458,55,69,0.797,19,168,187,277,68,21,104,166,519,0,"",0
"210","powelno01",2019,"Norman Powell",25,"TOR","SG",60,3,1126,193,400,0.483,68,170,0.4,125,230,0.543,0.568,62,75,0.827,16,123,139,91,39,13,65,96,516,0,"",0
"211","seldewa01",2019,"Wayne Selden",24,"2TM","SG",75,13,1439,196,483,0.406,55,174,0.316,141,309,0.456,0.463,67,92,0.728,37,143,180,109,33,13,79,131,514,0,"",0
"212","fergute01",2019,"Terrance Ferguson",20,"OKC","SG",74,74,1931,185,431,0.429,106,290,0.366,79,141,0.56,0.552,37,51,0.725,33,108,141,72,40,16,47,231,513,0,"",0
"213","colliza01",2019,"Zach Collins",21,"POR","C",77,0,1356,189,400,0.473,40,121,0.331,149,279,0.534,0.523,94,126,0.746,109,215,324,71,25,66,77,174,512,0,"",0
"214","hezonma01",2019,"Mario Hezonja",23,"NYK","SF",58,24,1206,191,464,0.412,42,152,0.276,149,312,0.478,0.457,87,114,0.763,28,211,239,88,57,8,88,110,511,1,"",0
"215","teaguje01",2019,"Jeff Teague",30,"MIN","PG",42,41,1264,176,416,0.423,35,105,0.333,141,311,0.453,0.465,123,153,0.804,16,90,106,343,43,18,97,90,510,0,"",0
"216","cookqu01",2019,"Quinn Cook",25,"GSW","PG",74,10,1059,204,439,0.465,81,200,0.405,123,239,0.515,0.557,20,26,0.769,22,135,157,116,20,3,50,92,509,0,"",0
"217","crawfja01",2019,"Jamal Crawford",38,"PHO","SG",64,0,1211,174,438,0.397,67,202,0.332,107,236,0.453,0.474,93,110,0.845,8,77,85,229,33,12,99,75,508,0,"",0
"218","mcgruro01",2019,"Rodney McGruder",27,"MIA","SG",66,45,1550,186,461,0.403,79,225,0.351,107,236,0.453,0.489,52,72,0.722,60,178,238,112,36,12,64,115,503,0,"",0
"219","smithis01",2019,"Ish Smith",30,"DET","PG",56,0,1251,205,489,0.419,44,135,0.326,161,354,0.455,0.464,47,62,0.758,23,122,145,203,28,11,61,109,501,0,"",0
"220","looneke01",2019,"Kevon Looney",22,"GSW","C",80,24,1481,217,347,0.625,1,10,0.1,216,337,0.641,0.627,65,105,0.619,194,223,417,123,46,53,51,211,500,0,"",0
"221","zelleco01",2019,"Cody Zeller",26,"CHO","C",49,47,1243,190,345,0.551,6,22,0.273,184,323,0.57,0.559,111,141,0.787,110,223,333,102,38,41,62,164,497,0,"",0
"222","jacksfr01",2019,"Frank Jackson",20,"NOP","PG",61,16,1169,194,447,0.434,53,169,0.314,141,278,0.507,0.493,54,73,0.74,25,109,134,69,25,2,48,92,495,0,"",0
"223","bartowi01",2019,"Will Barton",28,"DEN","SF",43,38,1189,185,460,0.402,67,196,0.342,118,264,0.447,0.475,57,74,0.77,32,167,199,124,18,22,65,82,494,0,"",0
"224","dragigo01",2019,"Goran Dragić",32,"MIA","PG",36,22,991,179,433,0.413,57,164,0.348,122,269,0.454,0.479,79,101,0.782,20,91,111,174,30,5,71,81,494,1,"",0
"225","turneev01",2019,"Evan Turner",30,"POR","PG",73,2,1605,204,443,0.46,11,52,0.212,193,391,0.494,0.473,75,106,0.708,37,291,328,283,33,18,114,110,494,2,"",0
"226","stephla01",2019,"Lance Stephenson",28,"LAL","SG",68,3,1123,184,432,0.426,73,197,0.371,111,235,0.472,0.51,50,73,0.685,32,183,215,140,41,7,86,111,491,0,"",0
"227","couside01",2019,"DeMarcus Cousins",28,"GSW","C",30,30,771,178,371,0.48,26,95,0.274,152,276,0.551,0.515,106,144,0.736,43,204,247,107,40,44,72,109,488,0,"",0
"228","greendr01",2019,"Draymond Green",28,"GSW","PF",66,66,2065,188,422,0.445,47,165,0.285,141,257,0.549,0.501,63,91,0.692,60,421,481,454,95,70,169,197,486,0,"DPOY-6,DEF2",0
"229","dienggo01",2019,"Gorgui Dieng",29,"MIN","C",76,2,1031,189,377,0.501,19,56,0.339,170,321,0.53,0.527,88,106,0.83,81,230,311,72,48,41,57,134,485,0,"",0
"230","klebima01",2019,"Maxi Kleber",27,"DAL","PF",71,18,1502,175,386,0.453,77,218,0.353,98,168,0.583,0.553,58,74,0.784,90,239,329,70,36,78,54,143,485,0,"",0
"231","robinmi01",2019,"Mitchell Robinson",20,"NYK","C",66,19,1360,202,291,0.694,0,0,NA,202,291,0.694,0.694,81,135,0.6,177,246,423,37,52,161,35,217,485,0,"ROY-8",0
"232","okafoja01",2019,"Jahlil Okafor",23,"NOP","C",59,24,935,212,362,0.586,1,5,0.2,211,357,0.591,0.587,59,89,0.663,82,196,278,40,15,40,52,96,484,0,"",0
"233","mccontj01",2019,"T.J. McConnell",26,"PHI","PG",76,3,1470,220,419,0.525,14,42,0.333,206,377,0.546,0.542,29,37,0.784,28,146,174,258,79,17,91,105,483,0,"",0
"234","harrish01",2019,"Shaquille Harrison",25,"CHI","SG",73,11,1430,184,426,0.432,24,89,0.27,160,337,0.475,0.46,82,123,0.667,33,189,222,139,89,30,60,124,474,0,"",0
"235","davised01",2019,"Ed Davis",29,"BRK","C",81,1,1446,186,302,0.616,0,2,0,186,300,0.62,0.616,100,162,0.617,216,478,694,61,35,33,64,226,472,0,"6MOY-11",0
"236","thomptr01",2019,"Tristan Thompson",27,"CLE","C",43,40,1198,201,380,0.529,0,0,NA,201,380,0.529,0.529,68,106,0.642,173,265,438,86,28,16,59,89,470,0,"",0
"237","anunoog01",2019,"OG Anunoby",21,"TOR","SF",67,6,1352,183,404,0.453,67,202,0.332,116,202,0.574,0.536,36,62,0.581,58,139,197,47,46,22,55,140,469,0,"",0
"238","jonesty01",2019,"Tyus Jones",22,"MIN","PG",68,23,1560,185,446,0.415,40,126,0.317,145,320,0.453,0.46,58,69,0.841,23,111,134,327,81,5,47,78,468,0,"",0
"239","balllo01",2019,"Lonzo Ball",21,"LAL","PG",47,45,1423,185,456,0.406,75,228,0.329,110,228,0.482,0.488,20,48,0.417,54,197,251,255,69,19,103,114,465,1,"",0
"240","shumpim01",2019,"Iman Shumpert",28,"2TM","SG",62,41,1481,167,446,0.374,95,273,0.348,72,173,0.416,0.481,36,45,0.8,27,156,183,112,59,24,50,127,465,0,"",0
"241","covinro01",2019,"Robert Covington",28,"2TM","SF",35,35,1203,156,362,0.431,85,225,0.378,71,137,0.518,0.548,68,89,0.764,28,165,193,46,74,47,47,126,465,0,"",0
"242","harklma01",2019,"Maurice Harkless",25,"POR","SF",60,53,1415,189,388,0.487,33,120,0.275,156,268,0.582,0.53,49,73,0.671,77,192,269,74,67,53,45,163,460,0,"",0
"243","jerebjo01",2019,"Jonas Jerebko",31,"GSW","PF",73,6,1218,163,355,0.459,69,188,0.367,94,167,0.563,0.556,64,80,0.8,72,216,288,96,27,18,43,137,459,0,"",0
"244","zizican01",2019,"Ante Žižić",22,"CLE","C",59,25,1082,183,331,0.553,0,0,NA,183,331,0.553,0.553,93,132,0.705,108,212,320,53,13,22,61,113,459,0,"",0
"245","scottmi01",2019,"Mike Scott",30,"2TM","PF",79,3,1395,168,420,0.4,101,252,0.401,67,168,0.399,0.52,22,33,0.667,43,233,276,66,26,13,44,156,459,0,"",0
"246","hillge01",2019,"George Hill",32,"2TM","PG",60,13,1302,170,376,0.452,48,153,0.314,122,223,0.547,0.516,70,85,0.824,39,109,148,135,52,8,51,102,458,0,"",0
"247","cartewe01",2019,"Wendell Carter Jr.",19,"CHI","C",44,44,1110,180,371,0.485,6,32,0.188,174,339,0.513,0.493,89,112,0.795,87,220,307,78,26,58,65,152,455,0,"",0
"248","johnsst04",2019,"Stanley Johnson",22,"2TM","SF",66,7,1208,171,440,0.389,62,215,0.288,109,225,0.484,0.459,50,64,0.781,34,183,217,88,60,14,81,114,454,0,"",0
"249","ilyaser01",2019,"Ersan İlyasova",31,"MIL","PF",67,7,1231,167,381,0.438,58,160,0.363,109,221,0.493,0.514,61,74,0.824,94,208,302,52,32,20,48,172,453,0,"",0
"250","muscami01",2019,"Mike Muscala",27,"2TM","PF",64,10,1306,145,361,0.402,89,256,0.348,56,105,0.533,0.525,70,85,0.824,57,187,244,76,22,38,48,130,449,0,"",0
"251","paytoel01",2019,"Elfrid Payton",24,"NOP","PG",42,42,1250,179,412,0.434,33,105,0.314,146,307,0.476,0.475,55,74,0.743,49,171,220,320,44,17,112,81,446,6,"",0
"252","snellto01",2019,"Tony Snell",27,"MIL","SF",74,12,1304,163,361,0.452,81,204,0.397,82,157,0.522,0.564,37,42,0.881,29,128,157,68,26,18,23,90,444,0,"",0
"253","craigto01",2019,"Torrey Craig",28,"DEN","SF",75,37,1503,160,362,0.442,61,188,0.324,99,174,0.569,0.526,49,70,0.7,89,174,263,72,37,46,44,175,430,0,"",0
"254","macksh01",2019,"Shelvin Mack",28,"2TM","PG",57,3,1246,163,403,0.404,46,130,0.354,117,273,0.429,0.462,58,84,0.69,18,86,104,183,47,4,66,84,430,0,"",0
"255","harride01",2019,"Devin Harris",35,"DAL","PG",68,2,1071,132,347,0.38,62,200,0.31,70,147,0.476,0.47,102,134,0.761,12,100,112,122,35,16,56,133,428,0,"",0
"256","johnsja01",2019,"James Johnson",31,"MIA","PF",55,33,1164,164,379,0.433,50,149,0.336,114,230,0.496,0.499,50,70,0.714,22,154,176,135,35,27,74,114,428,0,"",0
"257","kiddgmi01",2019,"Michael Kidd-Gilchrist",25,"CHO","PF",64,3,1179,158,332,0.476,16,47,0.34,142,285,0.498,0.5,95,123,0.772,88,158,246,61,32,39,43,156,427,0,"",0
"258","onealro01",2019,"Royce O'Neale",25,"UTA","SF",82,16,1671,163,343,0.475,68,176,0.386,95,167,0.569,0.574,32,42,0.762,22,263,285,124,54,24,70,172,426,0,"",0
"259","rondora01",2019,"Rajon Rondo",32,"LAL","PG",46,29,1369,175,432,0.405,51,142,0.359,124,290,0.428,0.464,23,36,0.639,34,209,243,367,57,7,127,100,424,1,"",0
"260","poeltja01",2019,"Jakob Poeltl",23,"SAS","C",77,24,1273,187,290,0.645,0,0,NA,187,290,0.645,0.645,49,92,0.533,178,232,410,93,29,68,48,124,423,0,"",0
"261","jonesde02",2019,"Derrick Jones Jr.",21,"MIA","SF",60,14,1153,160,324,0.494,28,91,0.308,132,233,0.567,0.537,74,122,0.607,96,144,240,37,46,42,43,123,422,0,"",0
"262","marjabo01",2019,"Boban Marjanović",30,"2TM","C",58,12,681,160,260,0.615,4,10,0.4,156,250,0.624,0.623,98,131,0.748,87,178,265,54,16,27,59,90,422,0,"",0
"263","connapa01",2019,"Pat Connaughton",26,"MIL","SG",61,2,1261,163,350,0.466,66,200,0.33,97,150,0.647,0.56,29,40,0.725,61,197,258,122,33,25,33,81,421,0,"",0
"264","hernawi01",2019,"Willy Hernangómez",24,"CHO","C",58,3,812,153,295,0.519,15,39,0.385,138,256,0.539,0.544,100,144,0.694,117,194,311,60,16,20,58,98,421,0,"",0
"265","ferreyo01",2019,"Yogi Ferrell",25,"SAC","PG",71,3,1067,153,352,0.435,54,149,0.362,99,203,0.488,0.511,60,67,0.896,13,96,109,137,36,4,40,64,420,0,"",0
"266","blakean01",2019,"Antonio Blakeney",22,"CHI","SG",57,3,829,166,396,0.419,36,91,0.396,130,305,0.426,0.465,50,76,0.658,7,99,106,42,12,9,35,41,418,0,"",0
"267","bareajo01",2019,"J.J. Barea",34,"DAL","PG",38,0,752,161,385,0.418,38,128,0.297,123,257,0.479,0.468,55,78,0.705,13,82,95,211,22,1,72,50,415,0,"",0
"268","crabbal01",2019,"Allen Crabbe",26,"BRK","SG",43,20,1133,137,373,0.367,98,259,0.378,39,114,0.342,0.499,41,56,0.732,16,132,148,46,23,13,46,102,413,0,"",0
"269","gilesha01",2019,"Harry Giles",20,"SAC","PF",58,0,820,175,348,0.503,0,6,0,175,342,0.512,0.503,58,91,0.637,66,156,222,85,31,22,73,150,408,0,"",0
"270","hernaju01",2019,"Juancho Hernangómez",23,"DEN","PF",70,25,1358,138,314,0.439,66,181,0.365,72,133,0.541,0.545,66,86,0.767,64,201,265,55,27,24,37,94,408,0,"",0
"271","kaminfr01",2019,"Frank Kaminsky",25,"CHO","C",47,0,755,138,298,0.463,50,139,0.36,88,159,0.553,0.547,79,107,0.738,39,124,163,63,12,12,41,68,405,0,"",0
"272","clarkia01",2019,"Ian Clark",27,"NOP","SG",60,6,973,151,383,0.394,66,202,0.327,85,181,0.47,0.48,33,37,0.892,13,76,89,94,22,8,58,95,401,0,"",0
"273","stausni01",2019,"Nik Stauskas",25,"2TM","SG",68,0,1015,136,338,0.402,70,188,0.372,66,150,0.44,0.506,57,64,0.891,18,109,127,81,21,7,51,50,399,0,"",0
"274","iguodan01",2019,"Andre Iguodala",35,"GSW","SF",68,13,1578,151,302,0.5,48,144,0.333,103,158,0.652,0.579,39,67,0.582,48,204,252,216,61,51,52,95,389,0,"6MOY-10",0
"275","ennisja01",2019,"James Ennis III",28,"2TM","SF",58,27,1230,138,294,0.469,55,156,0.353,83,138,0.601,0.563,58,81,0.716,60,122,182,41,41,23,34,150,389,0,"",0
"276","diallch01",2019,"Cheick Diallo",22,"NOP","PF",64,1,896,168,271,0.62,1,4,0.25,167,267,0.625,0.622,50,67,0.746,75,257,332,33,29,33,49,113,387,0,"",0
"277","farieke01",2019,"Kenneth Faried",29,"2TM","C",37,13,728,156,265,0.589,8,25,0.32,148,240,0.617,0.604,64,99,0.646,97,153,250,20,17,23,33,82,384,0,"",0
"278","noelne01",2019,"Nerlens Noel",24,"OKC","C",77,2,1055,162,276,0.587,0,0,NA,162,276,0.587,0.587,54,79,0.684,127,198,325,45,66,96,48,166,378,0,"",0
"279","loveke01",2019,"Kevin Love",30,"CLE","PF",22,21,598,109,283,0.385,53,147,0.361,56,136,0.412,0.479,103,114,0.904,33,206,239,48,6,5,42,54,374,0,"",0
"280","theisda01",2019,"Daniel Theis",26,"BOS","C",66,2,908,146,266,0.549,26,67,0.388,120,199,0.603,0.598,56,76,0.737,87,138,225,68,21,42,33,161,374,0,"",0
"281","nowitdi01",2019,"Dirk Nowitzki",40,"DAL","PF",51,20,795,135,376,0.359,64,205,0.312,71,171,0.415,0.444,39,50,0.78,5,153,158,35,9,18,18,76,373,0,"AS",0
"282","brownst02",2019,"Sterling Brown",23,"MIL","SG",58,7,1034,145,312,0.465,53,147,0.361,92,165,0.558,0.55,29,42,0.69,29,155,184,84,25,8,46,88,372,0,"",0
"283","houseda01",2019,"Danuel House Jr.",25,"HOU","SF",39,13,979,118,252,0.468,74,178,0.416,44,74,0.595,0.615,56,71,0.789,25,115,140,40,21,11,35,80,366,0,"",0
"284","simmojo02",2019,"Jonathon Simmons",29,"2TM","SG",56,9,1064,133,350,0.38,28,104,0.269,105,246,0.427,0.42,72,97,0.742,27,99,126,128,29,15,68,89,366,0,"",0
"285","leoname01",2019,"Meyers Leonard",26,"POR","C",61,2,878,132,242,0.545,50,111,0.45,82,131,0.626,0.649,43,51,0.843,49,184,233,75,13,9,43,105,357,0,"",0
"286","anderky01",2019,"Kyle Anderson",25,"MEM","SF",43,40,1281,150,276,0.543,9,34,0.265,141,242,0.583,0.56,37,64,0.578,48,203,251,128,54,37,58,112,346,1,"",0
"287","iwundwe01",2019,"Wes Iwundu",24,"ORL","SF",68,13,1233,113,274,0.412,29,79,0.367,84,195,0.431,0.465,84,103,0.816,37,147,184,73,28,22,44,123,339,0,"",0
"288","milescj01",2019,"C.J. Miles",31,"2TM","SF",53,1,856,112,311,0.36,67,203,0.33,45,108,0.417,0.468,48,58,0.828,13,82,95,36,26,15,30,79,339,0,"",0
"289","mckinal01",2019,"Alfonzo McKinnie",26,"GSW","SF",72,5,1003,134,275,0.487,42,118,0.356,92,157,0.586,0.564,27,48,0.563,81,166,247,31,18,15,30,134,337,0,"",0
"290","nwabada01",2019,"David Nwaba",26,"CLE","SF",51,14,984,126,262,0.481,24,75,0.32,102,187,0.545,0.527,58,85,0.682,41,122,163,54,36,17,29,106,334,0,"",0
"291","tollian01",2019,"Anthony Tolliver",33,"MIN","PF",65,0,1079,99,259,0.382,81,215,0.377,18,44,0.409,0.539,47,60,0.783,15,162,177,46,17,21,36,91,326,0,"",0
"292","makerth01",2019,"Thon Maker",21,"2TM","PF",64,5,972,109,268,0.407,49,153,0.32,60,115,0.522,0.498,56,84,0.667,41,161,202,45,21,51,33,105,323,0,"",0
"293","kornelu01",2019,"Luke Kornet",23,"NYK","C",46,18,784,107,283,0.378,70,193,0.363,37,90,0.411,0.502,38,46,0.826,28,107,135,54,27,42,25,41,322,0,"",0
"294","brownbr01",2019,"Bruce Brown",22,"DET","SG",74,56,1449,125,314,0.398,24,93,0.258,101,221,0.457,0.436,45,60,0.75,48,137,185,91,40,36,46,178,319,0,"",0
"295","danietr01",2019,"Troy Daniels",27,"PHO","SG",51,1,760,113,275,0.411,74,194,0.381,39,81,0.481,0.545,18,23,0.783,13,60,73,26,26,5,27,79,318,0,"",0
"296","bacondw01",2019,"Dwayne Bacon",23,"CHO","SG",43,13,759,122,257,0.475,38,87,0.437,84,170,0.494,0.549,34,46,0.739,8,81,89,47,12,5,18,72,316,0,"",0
"297","fraziti01",2019,"Tim Frazier",28,"2TM","PG",59,19,1120,116,261,0.444,37,101,0.366,79,160,0.494,0.515,41,54,0.759,41,127,168,248,30,5,76,112,310,0,"",0
"298","chandwi01",2019,"Wilson Chandler",31,"2TM","SF",51,33,1177,114,273,0.418,59,158,0.373,55,115,0.478,0.526,18,25,0.72,48,167,215,82,25,21,46,123,305,0,"",0
"299","okoboel01",2019,"Elie Okobo",21,"PHO","PG",53,16,958,114,290,0.393,39,132,0.295,75,158,0.475,0.46,37,47,0.787,12,86,98,127,32,7,69,109,304,0,"",0
"300","noahjo01",2019,"Joakim Noah",33,"MEM","C",42,1,693,110,213,0.516,0,1,0,110,212,0.519,0.516,78,109,0.716,58,180,238,89,20,31,50,96,298,0,"",0
"301","dorsety01",2019,"Tyler Dorsey",22,"2TM","SG",48,11,698,107,264,0.405,44,132,0.333,63,132,0.477,0.489,38,61,0.623,27,86,113,56,14,2,27,53,296,0,"",0
"302","holidaa01",2019,"Aaron Holiday",22,"IND","PG",50,0,646,105,262,0.401,43,127,0.339,62,135,0.459,0.483,41,50,0.82,5,62,67,87,21,13,40,71,294,0,"",0
"303","bambamo01",2019,"Mo Bamba",20,"ORL","C",47,1,766,117,243,0.481,21,70,0.3,96,173,0.555,0.525,37,63,0.587,64,169,233,39,13,64,43,102,292,0,"",0
"304","exumda01",2019,"Dante Exum",23,"UTA","PG",42,1,664,101,241,0.419,18,62,0.29,83,179,0.464,0.456,68,86,0.791,16,52,68,110,14,5,52,69,288,0,"",0
"305","dudleja01",2019,"Jared Dudley",33,"BRK","PF",59,25,1220,101,239,0.423,53,151,0.351,48,88,0.545,0.533,32,46,0.696,34,121,155,83,36,16,43,131,287,0,"",0
"306","dekkesa01",2019,"Sam Dekker",24,"2TM","PF",47,5,788,120,256,0.469,19,62,0.306,101,194,0.521,0.506,28,46,0.609,53,95,148,46,38,7,24,47,287,0,"",0
"307","baynear01",2019,"Aron Baynes",32,"BOS","C",51,18,821,105,223,0.471,21,61,0.344,84,162,0.519,0.518,53,62,0.855,88,152,240,57,12,34,40,125,284,0,"",0
"308","rabbiv01",2019,"Ivan Rabb",21,"MEM","PF",49,13,721,116,212,0.547,3,15,0.2,113,197,0.574,0.554,49,69,0.71,70,136,206,54,17,14,35,90,284,0,"",0
"309","cabocbr01",2019,"Bruno Caboclo",23,"MEM","PF",34,19,800,96,225,0.427,48,130,0.369,48,95,0.505,0.533,42,50,0.84,42,116,158,50,14,33,38,81,282,0,"",0
"310","dellama01",2019,"Matthew Dellavedova",28,"2TM","PG",48,0,812,98,242,0.405,44,130,0.338,54,112,0.482,0.496,42,52,0.808,6,71,77,181,14,2,68,75,282,0,"",0
"311","wilsodj01",2019,"D.J. Wilson",22,"MIL","PF",48,3,882,104,251,0.414,46,127,0.362,58,124,0.468,0.506,26,47,0.553,45,177,222,52,18,20,32,85,280,0,"",0
"312","korkmfu01",2019,"Furkan Korkmaz",21,"PHI","SG",48,7,679,98,245,0.4,47,144,0.326,51,101,0.505,0.496,36,44,0.818,16,91,107,52,29,2,25,62,279,0,"",0
"313","willike04",2019,"Kenrich Williams",24,"NOP","SF",46,29,1079,107,279,0.384,52,156,0.333,55,123,0.447,0.477,13,19,0.684,55,164,219,83,45,19,36,95,279,0,"",0
"314","spellom01",2019,"Omari Spellman",21,"ATL","PF",46,11,805,98,244,0.402,44,128,0.344,54,116,0.466,0.492,32,45,0.711,72,122,194,47,26,25,31,67,272,0,"",0
"315","randlch01",2019,"Chasson Randle",25,"WAS","PG",49,2,743,91,217,0.419,46,115,0.4,45,102,0.441,0.525,43,62,0.694,10,46,56,97,25,3,43,91,271,0,"",0
"316","pachuza01",2019,"Zaza Pachulia",34,"DET","C",68,3,878,85,193,0.44,0,4,0,85,189,0.45,0.44,97,124,0.782,99,166,265,91,31,17,57,151,267,0,"",0
"317","knighbr03",2019,"Brandon Knight",27,"2TM","PG",39,26,736,99,260,0.381,41,129,0.318,58,131,0.443,0.46,27,34,0.794,10,49,59,71,21,2,30,62,266,0,"",0
"318","livinsh01",2019,"Shaun Livingston",33,"GSW","PG",64,0,967,109,210,0.519,0,2,0,109,208,0.524,0.519,40,51,0.784,42,75,117,114,31,27,38,74,258,0,"",0
"319","grantje02",2019,"Jerian Grant",26,"ORL","PG",60,1,939,92,220,0.418,40,110,0.364,52,110,0.473,0.509,26,40,0.65,19,79,98,156,44,6,51,78,250,0,"",0
"320","meltode01",2019,"De'Anthony Melton",20,"PHO","PG",50,31,984,100,256,0.391,29,95,0.305,71,161,0.441,0.447,21,28,0.75,25,109,134,159,68,23,75,113,250,0,"",0
"321","payneca01",2019,"Cameron Payne",24,"2TM","PG",40,13,712,96,223,0.43,25,84,0.298,71,139,0.511,0.487,33,41,0.805,13,59,72,106,28,9,45,64,250,0,"",0
"322","browntr01",2019,"Troy Brown Jr.",19,"WAS","SF",52,10,730,97,234,0.415,22,69,0.319,75,165,0.455,0.462,32,47,0.681,35,110,145,80,21,5,30,56,248,0,"",0
"323","ntilila01",2019,"Frank Ntilikina",20,"NYK","PG",43,16,904,95,282,0.337,33,115,0.287,62,167,0.371,0.395,23,30,0.767,12,75,87,121,30,14,56,104,246,0,"",0
"324","naderab01",2019,"Abdel Nader",25,"OKC","SF",61,1,694,91,215,0.423,32,100,0.32,59,115,0.513,0.498,27,36,0.75,14,102,116,20,20,12,26,68,241,0,"",0
"325","birchkh01",2019,"Khem Birch",26,"ORL","C",50,1,643,91,151,0.603,0,1,0,91,150,0.607,0.603,58,83,0.699,79,111,190,38,18,29,20,72,240,0,"",0
"326","feliccr01",2019,"Cristiano Felício",26,"CHI","C",60,0,746,95,179,0.531,0,4,0,95,175,0.543,0.531,50,73,0.685,79,139,218,37,11,7,33,69,240,0,"",0
"327","biyombi01",2019,"Bismack Biyombo",26,"CHO","C",54,32,783,89,156,0.571,0,0,NA,89,156,0.571,0.571,58,91,0.637,81,166,247,33,11,41,34,103,236,0,"",0
"328","niangge01",2019,"Georges Niang",25,"UTA","PF",59,0,516,86,181,0.475,43,105,0.41,43,76,0.566,0.594,20,24,0.833,11,76,87,35,10,6,23,57,235,0,"",0
"329","gortama01",2019,"Marcin Gortat",34,"LAC","C",47,43,751,99,186,0.532,0,0,NA,99,186,0.532,0.532,35,48,0.729,67,194,261,65,6,24,50,92,233,0,"",0
"330","luwawti01",2019,"Timothé Luwawu-Cabarrot",23,"2TM","SF",50,7,669,82,218,0.376,36,116,0.31,46,102,0.451,0.459,31,41,0.756,11,86,97,26,19,8,21,73,231,0,"",0
"331","bendedr01",2019,"Dragan Bender",21,"PHO","PF",46,27,826,88,197,0.447,22,101,0.218,66,96,0.688,0.503,32,54,0.593,34,149,183,56,18,22,37,90,230,0,"",0
"332","monrogr01",2019,"Greg Monroe",28,"3TM","C",43,2,480,92,189,0.487,1,5,0.2,91,184,0.495,0.489,45,72,0.625,67,105,172,24,14,8,32,66,230,0,"",0
"333","carusal01",2019,"Alex Caruso",24,"LAL","PG",25,4,531,77,173,0.445,24,50,0.48,53,123,0.431,0.514,51,64,0.797,20,47,67,77,24,9,42,54,229,0,"",0
"334","hutchch01",2019,"Chandler Hutchison",22,"CHI","SF",44,14,895,96,209,0.459,14,50,0.28,82,159,0.516,0.493,23,38,0.605,31,154,185,34,23,6,25,59,229,0,"",0
"335","pattepa01",2019,"Patrick Patterson",29,"OKC","PF",63,5,861,82,219,0.374,46,137,0.336,36,82,0.439,0.479,19,30,0.633,42,105,147,31,16,13,22,46,229,0,"",0
"336","casspom01",2019,"Omri Casspi",30,"MEM","SF",36,0,520,86,161,0.534,15,43,0.349,71,118,0.602,0.581,39,58,0.672,17,98,115,26,20,9,23,35,226,0,"",0
"337","leaftj01",2019,"T.J. Leaf",21,"IND","PF",58,1,522,99,183,0.541,8,31,0.258,91,152,0.599,0.563,19,31,0.613,43,82,125,24,9,19,12,35,225,0,"",0
"338","belljo01",2019,"Jordan Bell",24,"GSW","C",68,3,788,99,192,0.516,0,2,0,99,190,0.521,0.516,25,41,0.61,55,129,184,76,20,51,42,80,223,0,"",0
"339","wallaty01",2019,"Tyrone Wallace",24,"LAC","PG",62,0,628,92,217,0.424,4,19,0.211,88,198,0.444,0.433,30,57,0.526,20,81,101,42,21,7,36,83,218,0,"",0
"340","grahade01",2019,"Devonte' Graham",23,"CHO","PG",46,3,676,74,216,0.343,34,121,0.281,40,95,0.421,0.421,35,46,0.761,10,53,63,121,23,2,30,48,217,0,"",0
"341","allengr01",2019,"Grayson Allen",23,"UTA","SG",38,2,416,67,178,0.376,32,99,0.323,35,79,0.443,0.466,45,60,0.75,3,20,23,25,6,6,33,47,211,0,"",0
"342","bayleje01",2019,"Jerryd Bayless",30,"MIN","PG",34,6,657,82,230,0.357,29,98,0.296,53,132,0.402,0.42,16,28,0.571,11,51,62,119,18,2,32,56,209,0,"",0
"343","boldejo01",2019,"Jonah Bolden",23,"PHI","PF",44,10,639,80,162,0.494,34,96,0.354,46,66,0.697,0.599,13,27,0.481,47,118,165,40,17,39,36,99,207,0,"",0
"344","wagnemo01",2019,"Moritz Wagner",21,"LAL","C",43,5,446,71,171,0.415,22,77,0.286,49,94,0.521,0.48,43,53,0.811,17,68,85,24,11,13,39,57,207,0,"",0
"345","thomala01",2019,"Lance Thomas",30,"NYK","PF",46,17,783,78,197,0.396,22,79,0.278,56,118,0.475,0.452,27,36,0.75,21,96,117,27,17,7,24,83,205,0,"",0
"346","johnsam01",2019,"Amir Johnson",31,"PHI","C",51,6,529,79,157,0.503,12,40,0.3,67,117,0.573,0.541,31,41,0.756,47,100,147,60,16,13,45,99,201,0,"",0
"347","robingl02",2019,"Glenn Robinson III",25,"DET","SF",47,18,610,74,176,0.42,18,62,0.29,56,114,0.491,0.472,32,40,0.8,17,54,71,21,14,8,18,45,198,0,"",0
"348","netora01",2019,"Raul Neto",26,"UTA","PG",37,1,474,74,161,0.46,20,60,0.333,54,101,0.535,0.522,28,33,0.848,6,56,62,93,14,4,35,49,196,0,"",0
"349","masonfr01",2019,"Frank Mason III",24,"SAC","PG",38,0,435,71,169,0.42,14,64,0.219,57,105,0.543,0.462,39,57,0.684,6,37,43,84,16,4,36,34,195,0,"",0
"350","cunnida01",2019,"Dante Cunningham",31,"SAS","PF",64,21,928,75,158,0.475,30,65,0.462,45,93,0.484,0.57,14,18,0.778,48,140,188,50,27,13,22,71,194,0,"",0
"351","hillso01",2019,"Solomon Hill",27,"NOP","SF",44,15,878,68,178,0.382,32,101,0.317,36,77,0.468,0.472,23,32,0.719,34,99,133,55,23,10,31,80,191,0,"",0
"352","brookma01",2019,"MarShon Brooks",30,"MEM","SG",29,0,387,76,169,0.45,15,54,0.278,61,115,0.53,0.494,23,33,0.697,12,33,45,25,9,4,21,33,190,0,"",0
"353","diallha01",2019,"Hamidou Diallo",20,"OKC","SG",51,3,526,75,165,0.455,4,24,0.167,71,141,0.504,0.467,36,59,0.61,38,59,97,17,21,10,23,77,190,0,"",0
"354","sefolth01",2019,"Thabo Sefolosha",34,"UTA","SF",50,2,609,71,149,0.477,34,78,0.436,37,71,0.521,0.591,14,22,0.636,8,115,123,27,43,5,25,41,190,0,"",0
"355","allenka01",2019,"Kadeem Allen",26,"NYK","PG",19,1,416,65,141,0.461,17,36,0.472,48,105,0.457,0.521,42,54,0.778,8,43,51,76,16,4,26,46,189,0,"",0
"356","parsoch01",2019,"Chandler Parsons",30,"MEM","SF",25,3,496,68,182,0.374,29,94,0.309,39,88,0.443,0.453,22,25,0.88,4,66,70,43,19,5,32,45,187,0,"",0
"357","ojelese01",2019,"Semi Ojeleye",24,"BOS","PF",56,3,594,67,158,0.424,28,89,0.315,39,69,0.565,0.513,24,39,0.615,24,62,86,23,10,4,19,43,186,0,"",0
"358","grahatr01",2019,"Treveon Graham",25,"BRK","SG",35,21,715,64,191,0.335,38,128,0.297,26,63,0.413,0.435,18,22,0.818,23,84,107,34,13,7,17,68,184,0,"",0
"359","chrisma01",2019,"Marquese Chriss",21,"2TM","PF",43,2,499,67,180,0.372,16,72,0.222,51,108,0.472,0.417,32,45,0.711,40,102,142,22,17,11,36,81,182,0,"",0
"360","beaslmi01",2019,"Michael Beasley",30,"LAL","PF",26,2,277,75,153,0.49,3,17,0.176,72,136,0.529,0.5,28,39,0.718,13,47,60,25,9,10,27,42,181,0,"",0
"361","canaais01",2019,"Isaiah Canaan",27,"3TM","PG",30,16,629,64,164,0.39,34,96,0.354,30,68,0.441,0.494,19,24,0.792,6,52,58,84,14,2,35,52,181,0,"",0
"362","anderju01",2019,"Justin Anderson",25,"ATL","SF",48,4,463,64,157,0.408,24,77,0.312,40,80,0.5,0.484,26,35,0.743,24,60,84,23,22,13,23,48,178,0,"",0
"363","chandty01",2019,"Tyson Chandler",36,"2TM","C",55,6,875,61,99,0.616,0,1,0,61,98,0.622,0.616,51,87,0.586,92,215,307,37,21,23,42,110,173,0,"",0
"364","carteje01",2019,"Jevon Carter",23,"MEM","PG",39,3,577,56,185,0.303,34,102,0.333,22,83,0.265,0.395,26,32,0.813,14,52,66,69,26,11,33,55,172,0,"",0
"365","woodch01",2019,"Christian Wood",23,"2TM","PF",21,2,251,61,117,0.521,9,26,0.346,52,91,0.571,0.56,41,56,0.732,17,66,83,8,7,10,17,17,172,0,"",0
"366","broekry01",2019,"Ryan Broekhoff",28,"DAL","SG",42,0,453,57,126,0.452,38,93,0.409,19,33,0.576,0.603,15,19,0.789,8,55,63,22,6,4,16,35,167,0,"",0
"367","abrinal01",2019,"Álex Abrines",25,"OKC","SG",31,2,588,56,157,0.357,41,127,0.323,15,30,0.5,0.487,12,13,0.923,5,43,48,20,17,6,14,53,165,0,"",0
"368","mcraejo01",2019,"Jordan McRae",27,"WAS","SG",27,0,333,61,130,0.469,10,35,0.286,51,95,0.537,0.508,28,35,0.8,6,34,40,30,13,7,15,26,160,0,"",0
"369","leeda03",2019,"Damion Lee",26,"GSW","SG",32,0,375,56,127,0.441,27,68,0.397,29,59,0.492,0.547,19,22,0.864,8,56,64,13,13,0,11,28,158,0,"",0
"370","denglu01",2019,"Luol Deng",33,"MIN","SF",22,2,392,59,118,0.5,14,44,0.318,45,74,0.608,0.559,25,35,0.714,20,53,73,18,15,8,14,24,157,0,"",0
"371","willijo04",2019,"Johnathan Williams",23,"LAL","C",24,0,372,65,110,0.591,0,2,0,65,108,0.602,0.591,27,48,0.563,48,51,99,13,8,7,16,62,157,0,"",0
"372","koufoko01",2019,"Kosta Koufos",29,"SAC","C",42,1,502,73,153,0.477,0,0,NA,73,153,0.477,0.477,10,24,0.417,52,125,177,36,15,18,27,68,156,0,"",0
"373","leuerjo01",2019,"Jon Leuer",29,"DET","PF",41,1,402,66,113,0.584,1,11,0.091,65,102,0.637,0.588,23,31,0.742,27,70,97,14,12,4,23,60,156,0,"",0
"374","oquinky01",2019,"Kyle O'Quinn",28,"IND","C",45,3,371,69,136,0.507,1,12,0.083,68,124,0.548,0.511,17,21,0.81,29,90,119,56,9,25,31,68,156,0,"",0
"375","fultzma01",2019,"Markelle Fultz",20,"PHI","SG",19,15,427,65,155,0.419,4,14,0.286,61,141,0.433,0.432,21,37,0.568,26,44,70,59,17,5,25,52,155,0,"",0
"376","bateske01",2019,"Keita Bates-Diop",23,"MIN","SF",30,3,503,60,142,0.423,13,52,0.25,47,90,0.522,0.468,18,28,0.643,16,67,83,17,18,14,14,29,151,0,"",0
"377","hilarne01",2019,"Nenê",36,"HOU","C",42,2,546,60,116,0.517,0,3,0,60,113,0.531,0.517,31,47,0.66,34,89,123,26,18,15,11,87,151,0,"",0
"378","breweco01",2019,"Corey Brewer",32,"2TM","SF",31,3,492,53,123,0.431,14,44,0.318,39,79,0.494,0.488,31,43,0.721,26,50,76,39,32,7,19,63,151,0,"",0
"379","clarkga01",2019,"Gary Clark",24,"HOU","PF",51,2,641,50,151,0.331,41,138,0.297,9,13,0.692,0.467,7,7,1,24,92,116,18,20,26,7,47,148,0,"",0
"380","feltora01",2019,"Raymond Felton",34,"OKC","PG",33,0,379,55,135,0.407,20,61,0.328,35,74,0.473,0.481,12,13,0.923,4,30,34,52,10,6,14,29,142,0,"",0
"381","mejrisa01",2019,"Salah Mejri",32,"DAL","C",36,4,399,55,112,0.491,11,34,0.324,44,78,0.564,0.54,20,32,0.625,36,95,131,35,10,26,21,55,141,0,"",0
"382","wanambr01",2019,"Brad Wanamaker",29,"BOS","PG",36,0,343,50,105,0.476,16,39,0.41,34,66,0.515,0.552,24,28,0.857,3,38,41,56,12,2,19,34,140,0,"",0
"383","mahinia01",2019,"Ian Mahinmi",32,"WAS","C",34,6,498,47,104,0.452,3,16,0.188,44,88,0.5,0.466,42,61,0.689,48,80,128,25,25,16,21,84,139,0,"",0
"384","briscis01",2019,"Isaiah Briscoe",22,"ORL","PG",39,0,559,55,138,0.399,11,34,0.324,44,104,0.423,0.438,15,26,0.577,5,69,74,87,11,2,31,66,136,0,"",0
"385","leeco01",2019,"Courtney Lee",33,"2TM","SG",34,6,428,53,129,0.411,16,55,0.291,37,74,0.5,0.473,14,21,0.667,9,45,54,37,21,3,14,32,136,0,"",0
"386","brookdi01",2019,"Dillon Brooks",23,"MEM","SF",18,0,330,49,122,0.402,15,40,0.375,34,82,0.415,0.463,22,30,0.733,9,22,31,16,10,4,19,50,135,0,"",0
"387","anthoca01",2019,"Carmelo Anthony",34,"HOU","PF",10,2,294,49,121,0.405,21,64,0.328,28,57,0.491,0.492,15,22,0.682,9,45,54,5,4,7,8,32,134,0,"",0
"388","cartemi01",2019,"Michael Carter-Williams",27,"2TM","PG",28,1,372,46,123,0.374,10,38,0.263,36,85,0.424,0.415,32,53,0.604,19,51,70,70,20,15,20,48,134,0,"",0
"389","mykhasv01",2019,"Svi Mykhailiuk",21,"2TM","SF",42,0,440,46,140,0.329,29,89,0.326,17,51,0.333,0.432,12,20,0.6,9,27,36,37,14,1,21,25,133,0,"",0
"390","divindo01",2019,"Donte DiVincenzo",22,"MIL","SG",27,0,411,50,124,0.403,22,83,0.265,28,41,0.683,0.492,9,12,0.75,16,49,65,31,13,6,19,38,131,0,"",0
"391","jonesda03",2019,"Damian Jones",23,"GSW","C",24,22,410,53,74,0.716,0,0,NA,53,74,0.716,0.716,24,37,0.649,31,44,75,28,12,25,16,63,130,0,"",0
"392","fryech01",2019,"Channing Frye",35,"CLE","C",36,6,341,43,117,0.368,32,79,0.405,11,38,0.289,0.504,11,14,0.786,4,48,52,20,6,5,13,44,129,0,"",0
"393","johnswe01",2019,"Wesley Johnson",31,"2TM","SF",38,13,534,45,128,0.352,25,76,0.329,20,52,0.385,0.449,13,19,0.684,12,60,72,23,14,12,18,63,128,0,"",0
"394","jenkijo01",2019,"John Jenkins",27,"2TM","SG",26,0,333,42,105,0.4,22,58,0.379,20,47,0.426,0.505,15,18,0.833,6,31,37,22,0,2,9,10,121,0,"",0
"395","udohek01",2019,"Ekpe Udoh",31,"UTA","C",51,1,320,50,72,0.694,0,0,NA,50,72,0.694,0.694,19,30,0.633,27,63,90,28,10,31,13,36,119,0,"",0
"396","gasolpa01",2019,"Pau Gasol",38,"2TM","C",30,6,360,42,94,0.447,6,13,0.462,36,81,0.444,0.479,28,40,0.7,22,115,137,52,5,15,16,29,118,0,"",0
"397","howardw01",2019,"Dwight Howard",33,"WAS","C",9,9,230,43,69,0.623,0,0,NA,43,69,0.623,0.623,29,48,0.604,24,59,83,4,7,4,16,34,115,0,"",0
"398","martija01",2019,"Jarell Martin",24,"ORL","PF",42,1,328,43,104,0.413,20,57,0.351,23,47,0.489,0.51,9,11,0.818,11,62,73,18,3,8,11,51,115,0,"",0
"399","blossja01",2019,"Jaron Blossomgame",25,"CLE","SF",27,4,439,47,106,0.443,10,39,0.256,37,67,0.552,0.491,10,13,0.769,26,72,98,13,7,8,11,20,114,0,"",0
"400","ellenhe01",2019,"Henry Ellenson",22,"2TM","PF",19,0,259,39,95,0.411,17,38,0.447,22,57,0.386,0.5,19,25,0.76,5,61,66,16,7,2,9,27,114,0,"",0
"401","caldejo01",2019,"José Calderón",37,"DET","PG",49,0,632,45,120,0.375,14,57,0.246,31,63,0.492,0.433,9,11,0.818,11,49,60,115,16,3,35,64,113,0,"",0
"402","robinje01",2019,"Jerome Robinson",21,"LAC","SG",33,0,320,44,110,0.4,18,57,0.316,26,53,0.491,0.482,6,9,0.667,3,38,41,19,11,3,13,46,112,0,"",0
"403","willitr02",2019,"Troy Williams",24,"SAC","SF",21,0,312,44,98,0.449,14,44,0.318,30,54,0.556,0.52,9,15,0.6,12,47,59,11,10,8,9,37,111,0,"",0
"404","adamsja01",2019,"Jaylen Adams",22,"ATL","PG",34,1,428,38,110,0.345,25,74,0.338,13,36,0.361,0.459,7,9,0.778,11,49,60,65,14,5,28,45,108,0,"",0
"405","poythal01",2019,"Alex Poythress",25,"ATL","PF",21,1,305,40,81,0.494,9,23,0.391,31,58,0.534,0.549,18,29,0.621,29,47,76,17,4,10,13,47,107,0,"",0
"406","motlejo01",2019,"Johnathan Motley",23,"LAC","PF",22,0,156,39,73,0.534,0,3,0,39,70,0.557,0.534,24,40,0.6,18,33,51,11,5,3,16,27,102,0,"",0
"407","pondequ01",2019,"Quincy Pondexter",30,"SAS","SF",53,0,292,29,58,0.5,6,18,0.333,23,40,0.575,0.552,34,42,0.81,8,38,46,24,11,1,13,24,98,0,"",0
"408","thomais02",2019,"Isaiah Thomas",29,"DEN","SG",12,0,181,34,99,0.343,12,43,0.279,22,56,0.393,0.404,17,27,0.63,5,8,13,23,5,1,18,17,97,0,"",0
"409","reynoca01",2019,"Cameron Reynolds",23,"MIN","SG",19,0,259,33,78,0.423,21,51,0.412,12,27,0.444,0.558,8,9,0.889,4,27,31,13,6,2,5,26,95,0,"",0
"410","yabusgu01",2019,"Guerschon Yabusele",23,"BOS","PF",41,1,251,35,77,0.455,9,28,0.321,26,49,0.531,0.513,15,22,0.682,23,30,53,15,8,7,15,32,94,0,"",0
"411","bouchch01",2019,"Chris Boucher",26,"TOR","PF",28,0,163,34,76,0.447,12,37,0.324,22,39,0.564,0.526,13,15,0.867,16,40,56,2,6,24,7,31,93,0,"",0
"412","miltosh01",2019,"Shake Milton",22,"PHI","SG",20,0,268,34,87,0.391,14,44,0.318,20,43,0.465,0.471,5,7,0.714,9,26,35,18,8,8,6,29,87,0,"",0
"413","lemonwa01",2019,"Walt Lemon Jr.",26,"CHI","PG",6,3,167,38,87,0.437,2,5,0.4,36,82,0.439,0.448,8,11,0.727,4,23,27,30,11,1,10,14,86,0,"",0
"414","burtode02",2019,"Deonte Burton",25,"OKC","SG",32,0,240,33,82,0.402,8,27,0.296,25,55,0.455,0.451,8,12,0.667,4,24,28,9,6,8,9,31,82,0,"",0
"415","jonesja04",2019,"Jalen Jones",25,"CLE","SF",16,0,214,26,62,0.419,10,28,0.357,16,34,0.471,0.5,19,27,0.704,11,23,34,7,9,2,8,27,81,0,"",0
"416","pinsoth01",2019,"Theo Pinson",23,"BRK","SG",18,0,211,25,73,0.342,12,46,0.261,13,27,0.481,0.425,19,22,0.864,4,32,36,21,6,0,18,15,81,0,"",0
"417","williro04",2019,"Robert Williams",21,"BOS","C",32,2,283,36,51,0.706,0,0,NA,36,51,0.706,0.706,9,15,0.6,27,54,81,7,9,40,10,36,81,0,"",0
"418","plumlmi01",2019,"Miles Plumlee",30,"ATL","C",18,0,173,32,48,0.667,0,0,NA,32,48,0.667,0.667,16,30,0.533,16,23,39,17,6,4,10,14,80,0,"",0
"419","sampsja02",2019,"JaKarr Sampson",25,"CHI","SF",4,0,127,29,54,0.537,5,14,0.357,24,40,0.6,0.583,17,21,0.81,5,27,32,4,4,3,4,8,80,0,"",0
"420","hensojo01",2019,"John Henson",28,"MIL","C",14,0,188,31,67,0.463,11,31,0.355,20,36,0.556,0.545,6,10,0.6,16,55,71,14,7,11,12,16,79,0,"",0
"421","mclembe01",2019,"Ben McLemore",25,"SAC","SG",19,0,158,25,64,0.391,17,41,0.415,8,23,0.348,0.523,8,12,0.667,3,14,17,4,6,3,5,22,75,0,"",0
"422","simonan01",2019,"Anfernee Simons",19,"POR","SG",20,1,141,28,63,0.444,10,29,0.345,18,34,0.529,0.524,9,16,0.563,3,10,13,13,1,0,11,9,75,0,"",0
"423","smithjr01",2019,"J.R. Smith",33,"CLE","SG",11,4,222,27,79,0.342,12,39,0.308,15,40,0.375,0.418,8,10,0.8,0,18,18,21,11,3,11,19,74,0,"",0
"424","mccawpa01",2019,"Patrick McCaw",23,"2TM","SG",29,1,397,26,63,0.413,9,28,0.321,17,35,0.486,0.484,13,15,0.867,7,41,48,29,23,2,17,38,74,0,"",0
"425","sampsbr01",2019,"Brandon Sampson",21,"CHI","SG",14,2,214,28,60,0.467,11,29,0.379,17,31,0.548,0.558,4,6,0.667,3,13,16,10,8,3,12,19,71,0,"",0
"426","labissk01",2019,"Skal Labissière",22,"2TM","PF",22,1,176,26,49,0.531,6,13,0.462,20,36,0.556,0.592,9,17,0.529,9,34,43,11,5,6,11,29,67,0,"",0
"427","sumneed01",2019,"Edmond Sumner",23,"IND","PG",23,2,210,22,64,0.344,7,27,0.259,15,37,0.405,0.398,15,24,0.625,9,15,24,10,12,5,10,26,66,0,"",0
"428","smithja02",2019,"Jason Smith",32,"3TM","PF",20,1,190,21,59,0.356,9,26,0.346,12,33,0.364,0.432,14,16,0.875,16,36,52,14,3,7,13,30,65,0,"",0
"429","anderry01",2019,"Ryan Anderson",30,"2TM","PF",25,8,322,21,69,0.304,9,40,0.225,12,29,0.414,0.37,12,16,0.75,18,36,54,19,4,1,14,25,63,0,"",0
"430","thornsi01",2019,"Sindarius Thornwell",24,"LAC","SG",64,1,313,17,49,0.347,3,15,0.2,14,34,0.412,0.378,25,34,0.735,5,39,44,18,14,7,20,41,62,0,"",0
"431","thomakh01",2019,"Khyri Thomas",22,"DET","SG",26,0,195,22,69,0.319,10,35,0.286,12,34,0.353,0.391,7,11,0.636,4,16,20,8,7,5,4,22,61,0,"",0
"432","hamilda02",2019,"Daniel Hamilton",23,"ATL","SG",19,3,204,23,60,0.383,8,23,0.348,15,37,0.405,0.45,3,6,0.5,10,37,47,22,6,1,16,19,57,0,"",0
"433","brownlo01",2019,"Lorenzo Brown",28,"TOR","PG",26,0,212,23,71,0.324,6,28,0.214,17,43,0.395,0.366,3,3,1,5,26,31,28,12,5,16,22,55,0,"",0
"434","spaldra01",2019,"Ray Spalding",21,"2TM","PF",14,3,148,25,47,0.532,0,3,0,25,44,0.568,0.532,4,12,0.333,15,33,48,5,9,8,9,23,54,0,"",0
"435","harrian01",2019,"Andrew Harrison",24,"3TM","PG",17,0,187,16,53,0.302,5,25,0.2,11,28,0.393,0.349,17,18,0.944,6,14,20,24,4,2,12,34,54,0,"",0
"436","harteis01",2019,"Isaiah Hartenstein",20,"HOU","PF",28,0,221,20,41,0.488,2,6,0.333,18,35,0.514,0.512,11,14,0.786,21,26,47,15,7,12,13,56,53,0,"",0
"437","meeksjo01",2019,"Jodie Meeks",31,"TOR","SG",8,0,104,21,39,0.538,8,18,0.444,13,21,0.619,0.641,1,1,1,1,11,12,8,1,1,2,5,51,0,"",0
"438","metuch01",2019,"Chimezie Metu",21,"SAS","PF",29,0,145,19,58,0.328,0,2,0,19,56,0.339,0.328,13,17,0.765,9,27,36,13,6,2,15,14,51,0,"",0
"439","robindu01",2019,"Duncan Robinson",24,"MIA","SF",15,1,161,18,46,0.391,10,35,0.286,8,11,0.727,0.5,4,6,0.667,2,17,19,5,5,0,4,11,50,0,"",0
"440","teodomi01",2019,"Miloš Teodosić",31,"LAC","PG",15,0,150,17,40,0.425,10,27,0.37,7,13,0.538,0.55,4,7,0.571,3,13,16,32,3,1,21,27,48,0,"",0
"441","robinde01",2019,"Devin Robinson",23,"WAS","SF",7,0,95,19,32,0.594,0,2,0,19,30,0.633,0.594,9,14,0.643,6,14,20,6,4,6,2,11,47,0,"",0
"442","derrima01",2019,"Marcus Derrickson",22,"GSW","PF",11,0,67,16,33,0.485,10,20,0.5,6,13,0.462,0.636,4,5,0.8,8,5,13,1,0,1,3,9,46,0,"",0
"443","zellety01",2019,"Tyler Zeller",29,"2TM","C",6,1,93,16,30,0.533,0,1,0,16,29,0.552,0.533,14,18,0.778,11,13,24,4,1,3,4,20,46,0,"",0
"444","walkelo01",2019,"Lonnie Walker IV",20,"SAS","SG",17,0,118,16,46,0.348,5,13,0.385,11,33,0.333,0.402,8,10,0.8,0,17,17,9,7,3,4,7,45,0,"",0
"445","swanica01",2019,"Caleb Swanigan",21,"2TM","PF",21,0,178,18,53,0.34,1,7,0.143,17,46,0.37,0.349,6,9,0.667,17,47,64,11,6,1,18,28,43,0,"",0
"446","eubandr01",2019,"Drew Eubanks",21,"SAS","PF",23,0,113,15,26,0.577,0,0,NA,15,26,0.577,0.577,11,13,0.846,6,28,34,7,2,5,8,11,41,0,"",0
"447","evansja02",2019,"Jacob Evans",21,"GSW","SG",30,1,204,18,53,0.34,4,15,0.267,14,38,0.368,0.377,0,1,0,6,19,25,23,5,3,11,28,40,0,"",0
"448","smithzh01",2019,"Zhaire Smith",19,"PHI","SG",6,2,111,14,34,0.412,6,16,0.375,8,18,0.444,0.5,6,8,0.75,3,10,13,10,2,2,6,8,40,0,"",0
"449","trentga02",2019,"Gary Trent Jr.",20,"POR","SG",15,1,111,16,50,0.32,5,21,0.238,11,29,0.379,0.37,3,7,0.429,1,10,11,5,1,2,4,4,40,0,"",0
"450","washbju01",2019,"Julian Washburn",27,"MEM","SF",18,3,254,16,48,0.333,5,24,0.208,11,24,0.458,0.385,3,4,0.75,8,33,41,14,13,2,7,16,40,0,"",0
"451","bogutan01",2019,"Andrew Bogut",34,"GSW","C",11,5,134,18,36,0.5,0,0,NA,18,36,0.5,0.5,3,3,1,12,43,55,11,3,8,8,22,39,0,"",0
"452","colsobo01",2019,"Bonzie Colson",23,"MIL","SF",8,2,98,13,39,0.333,5,21,0.238,8,18,0.444,0.397,8,9,0.889,8,22,30,3,5,1,3,3,39,0,"",0
"453","watanyu01",2019,"Yuta Watanabe",24,"MEM","SF",15,0,174,15,51,0.294,2,16,0.125,13,35,0.371,0.314,7,10,0.7,4,27,31,8,4,1,6,11,39,0,"",0
"454","willicj01",2019,"C.J. Williams",28,"MIN","SG",15,0,128,17,35,0.486,5,16,0.313,12,19,0.632,0.557,0,1,0,1,7,8,12,6,0,5,16,39,0,"",0
"455","alkinra01",2019,"Rawle Alkins",21,"CHI","SG",10,1,120,13,39,0.333,3,12,0.25,10,27,0.37,0.372,8,12,0.667,11,15,26,13,1,0,8,7,37,0,"",0
"456","davisde01",2019,"Deyonta Davis",22,"ATL","C",9,0,118,15,22,0.682,0,1,0,15,21,0.714,0.682,6,10,0.6,10,26,36,5,3,5,3,12,36,0,"",0
"457","nunnaja01",2019,"James Nunnally",28,"2TM","SF",15,0,102,12,34,0.353,8,25,0.32,4,9,0.444,0.471,4,4,1,0,5,5,7,1,0,1,10,36,0,"",0
"458","millema01",2019,"Malcolm Miller",25,"TOR","SF",10,0,67,11,26,0.423,10,21,0.476,1,5,0.2,0.615,3,4,0.75,1,4,5,1,1,1,1,5,35,0,"",0
"459","bertada02",2019,"Dairis Bertāns",29,"NOP","SG",12,0,167,12,47,0.255,10,34,0.294,2,13,0.154,0.362,0,0,NA,2,7,9,10,1,0,2,7,34,0,"",0
"460","adelde01",2019,"Deng Adel",21,"CLE","SF",19,3,194,11,36,0.306,6,23,0.261,5,13,0.385,0.389,4,4,1,3,16,19,5,1,4,6,13,32,0,"",0
"461","terreja01",2019,"Jared Terrell",23,"MIN","SG",14,0,111,12,39,0.308,4,17,0.235,8,22,0.364,0.359,3,6,0.5,1,5,6,12,3,2,10,16,31,0,"",0
"462","baldwwa01",2019,"Wade Baldwin",22,"POR","PG",16,0,94,10,33,0.303,2,9,0.222,8,24,0.333,0.333,8,11,0.727,2,13,15,12,1,2,14,11,30,0,"",0
"463","richama01",2019,"Malachi Richardson",23,"TOR","SG",22,0,103,9,29,0.31,8,25,0.32,1,4,0.25,0.448,4,5,0.8,2,11,13,0,1,0,8,13,30,0,"",0
"464","loydjo01",2019,"Jordan Loyd",25,"TOR","PG",12,0,55,8,18,0.444,4,8,0.5,4,10,0.4,0.556,9,11,0.818,1,8,9,6,0,0,2,5,29,0,"",0
"465","maconda01",2019,"Daryl Macon",23,"DAL","SG",8,0,90,10,27,0.37,5,11,0.455,5,16,0.313,0.463,4,7,0.571,2,10,12,7,1,0,6,8,29,0,"",0
"466","jeffeam01",2019,"Amile Jefferson",25,"ORL","PF",12,0,68,10,16,0.625,0,0,NA,10,16,0.625,0.625,7,8,0.875,6,15,21,3,3,3,1,8,27,0,"",0
"467","jonesje01",2019,"Jemerrio Jones",23,"LAL","SF",6,2,143,12,33,0.364,2,10,0.2,10,23,0.435,0.394,1,2,0.5,16,33,49,13,7,5,5,10,27,0,"",0
"468","garrebi01",2019,"Billy Garrett",24,"NYK","SG",4,0,63,11,27,0.407,0,8,0,11,19,0.579,0.407,4,4,1,0,3,3,7,1,1,2,3,26,0,"",0
"469","hasleud01",2019,"Udonis Haslem",38,"MIA","C",10,1,74,11,33,0.333,0,12,0,11,21,0.524,0.333,3,4,0.75,3,24,27,2,0,0,3,9,25,0,"",0
"470","vandeja01",2019,"Jarred Vanderbilt",19,"DEN","PF",17,0,69,9,19,0.474,0,1,0,9,18,0.5,0.474,6,10,0.6,7,16,23,3,6,1,8,8,24,0,"",0
"471","goodwbr01",2019,"Brandon Goodwin",23,"DEN","PG",16,0,57,6,23,0.261,2,6,0.333,4,17,0.235,0.304,9,11,0.818,1,2,3,14,0,0,3,7,23,0,"",0
"472","lydonty01",2019,"Tyler Lydon",22,"DEN","PF",25,0,94,9,18,0.5,4,10,0.4,5,8,0.625,0.611,1,3,0.333,7,11,18,6,2,0,4,10,23,0,"",0
"473","johnsbj01",2019,"B.J. Johnson",23,"2TM","SF",7,0,49,9,18,0.5,3,7,0.429,6,11,0.545,0.583,2,2,1,2,6,8,0,2,0,2,4,23,0,"",0
"474","fredeji01",2019,"Jimmer Fredette",29,"PHO","SG",6,0,65,8,29,0.276,0,13,0,8,16,0.5,0.276,6,6,1,1,6,7,8,3,0,5,5,22,0,"",0
"475","jacksde01",2019,"Demetrius Jackson",24,"PHI","PG",6,0,39,8,15,0.533,2,6,0.333,6,9,0.667,0.6,4,4,1,2,1,3,5,2,0,1,4,22,0,"",0
"476","creekmi01",2019,"Mitch Creek",26,"2TM","SF",5,0,48,8,16,0.5,0,2,0,8,14,0.571,0.5,5,7,0.714,6,6,12,6,2,0,1,3,21,0,"",0
"477","mbahalu01",2019,"Luc Mbah a Moute",32,"LAC","PF",4,0,61,8,18,0.444,2,6,0.333,6,12,0.5,0.5,2,5,0.4,2,5,7,2,1,1,2,8,20,0,"",0
"478","bongais01",2019,"Isaac Bonga",19,"LAL","PG",22,0,120,5,33,0.152,0,8,0,5,25,0.2,0.152,9,15,0.6,9,16,25,15,9,4,6,9,19,0,"",0
"479","doziepj01",2019,"PJ Dozier",22,"BOS","SG",6,0,51,8,21,0.381,2,8,0.25,6,13,0.462,0.429,1,2,0.5,6,11,17,5,2,0,0,2,19,0,"",0
"480","musadz01",2019,"Džanan Musa",19,"BRK","SG",9,0,39,9,22,0.409,1,10,0.1,8,12,0.667,0.432,0,2,0,1,4,5,2,2,0,4,1,19,0,"",0
"481","welshth01",2019,"Thomas Welsh",22,"DEN","C",11,0,36,7,13,0.538,3,7,0.429,4,6,0.667,0.654,1,2,0.5,0,4,4,5,0,0,1,3,18,0,"",0
"482","willial03",2019,"Alan Williams",26,"BRK","PF",5,0,26,8,13,0.615,0,1,0,8,12,0.667,0.615,2,4,0.5,4,15,19,3,1,0,1,2,18,0,"",0
"483","acyqu01",2019,"Quincy Acy",28,"PHO","PF",10,0,123,4,18,0.222,2,15,0.133,2,3,0.667,0.278,7,10,0.7,3,22,25,8,1,4,4,24,17,0,"",0
"484","bradlto01",2019,"Tony Bradley",21,"UTA","C",3,0,36,8,16,0.5,0,0,NA,8,16,0.5,0.5,1,2,0.5,9,6,15,1,2,2,3,6,17,0,"",0
"485","hunterj01",2019,"R.J. Hunter",25,"BOS","SG",1,0,26,6,13,0.462,4,10,0.4,2,3,0.667,0.615,1,2,0.5,1,2,3,3,1,0,0,3,17,0,"",0
"486","mitrona01",2019,"Naz Mitrou-Long",25,"UTA","SG",14,0,84,6,20,0.3,2,11,0.182,4,9,0.444,0.35,2,2,1,1,5,6,15,1,1,8,10,16,0,"",0
"487","frazime01",2019,"Melvin Frazier",22,"ORL","SG",10,0,44,7,21,0.333,0,6,0,7,15,0.467,0.333,1,4,0.25,3,2,5,1,1,0,1,6,15,0,"",0
"488","humphis01",2019,"Isaac Humphries",21,"ATL","C",5,1,56,6,21,0.286,3,11,0.273,3,10,0.3,0.357,0,0,NA,4,7,11,0,1,0,0,7,15,0,"",0
"489","bakerro01",2019,"Ron Baker",25,"2TM","SG",15,0,152,4,20,0.2,1,13,0.077,3,7,0.429,0.225,5,6,0.833,1,10,11,15,6,1,5,18,14,0,"",0
"490","johnsal02",2019,"Alize Johnson",22,"IND","PF",14,0,64,4,16,0.25,1,2,0.5,3,14,0.214,0.281,4,8,0.5,4,15,19,1,1,3,0,7,13,0,"",0
"491","hicksis01",2019,"Isaiah Hicks",24,"NYK","PF",3,0,32,4,8,0.5,0,0,NA,4,8,0.5,0.5,4,5,0.8,2,5,7,2,1,3,1,5,12,0,"",0
"492","reedda01",2019,"Davon Reed",23,"IND","SG",10,0,47,5,12,0.417,2,4,0.5,3,8,0.375,0.5,0,0,NA,2,4,6,3,1,0,1,3,12,0,"",0
"493","paytoga02",2019,"Gary Payton II",26,"WAS","PG",3,0,16,5,8,0.625,1,2,0.5,4,6,0.667,0.688,0,0,NA,1,1,2,4,3,1,1,2,11,0,"",0
"494","caupatr01",2019,"Troy Caupain",23,"ORL","PG",4,0,16,4,8,0.5,2,3,0.667,2,5,0.4,0.625,0,0,NA,1,2,3,4,1,0,0,0,10,0,"",0
"495","machasc01",2019,"Scott Machado",28,"LAL","PG",4,0,19,4,6,0.667,1,1,1,3,5,0.6,0.75,1,1,1,0,0,0,3,1,0,0,2,10,0,"",0
"496","morrija01",2019,"Jaylen Morris",23,"MIL","SG",4,0,29,4,10,0.4,1,3,0.333,3,7,0.429,0.45,1,2,0.5,0,5,5,4,2,0,1,1,10,0,"",0
"497","terryem01",2019,"Emanuel Terry",22,"2TM","PF",3,0,23,4,7,0.571,0,0,NA,4,7,0.571,0.571,2,4,0.5,3,4,7,2,3,0,2,4,10,0,"",0
"498","cavanty01",2019,"Tyler Cavanaugh",24,"UTA","PF",11,0,39,3,10,0.3,1,5,0.2,2,5,0.4,0.35,2,2,1,3,5,8,1,0,0,1,3,9,0,"",0
"499","highsha01",2019,"Haywood Highsmith",22,"PHI","SF",5,0,40,4,10,0.4,1,5,0.2,3,5,0.6,0.45,0,2,0,0,5,5,2,1,0,1,1,9,0,"",0
"500","youngni01",2019,"Nick Young",33,"DEN","SG",4,0,37,3,9,0.333,3,8,0.375,0,1,0,0.5,0,0,NA,0,1,1,2,0,1,2,4,9,0,"",0
"501","hannadu01",2019,"Dusty Hannahs",25,"MEM","SG",2,0,26,3,12,0.25,0,5,0,3,7,0.429,0.25,2,2,1,0,1,1,5,1,0,1,1,8,0,"",0
"502","akoonde01",2019,"DeVaughn Akoon-Purcell",25,"DEN","SG",7,0,22,3,10,0.3,0,4,0,3,6,0.5,0.3,1,2,0.5,1,3,4,6,2,0,2,4,7,0,"",0
"503","moreler01",2019,"Eric Moreland",27,"2TM","PF",5,0,43,3,7,0.429,1,1,1,2,6,0.333,0.5,0,0,NA,4,16,20,4,1,1,5,9,7,0,"",0
"504","chiozch01",2019,"Chris Chiozza",23,"HOU","PG",7,0,33,2,8,0.25,2,5,0.4,0,3,0,0.375,0,0,NA,1,3,4,4,1,1,1,2,6,0,"",0
"505","evansja01",2019,"Jawun Evans",22,"2TM","PG",8,0,65,3,14,0.214,0,3,0,3,11,0.273,0.214,0,0,NA,1,11,12,10,3,0,6,8,6,0,"",0
"506","macurjp01",2019,"J.P. Macura",23,"CHO","SG",2,0,17,3,9,0.333,0,4,0,3,5,0.6,0.333,0,0,NA,0,3,3,2,0,0,0,0,6,0,"",0
"507","motiedo01",2019,"Donatas Motiejūnas",28,"SAS","PF",3,0,13,3,6,0.5,0,0,NA,3,6,0.5,0.5,0,2,0,2,1,3,1,0,1,3,6,6,0,"",0
"508","duvaltr01",2019,"Trevon Duval",20,"MIL","PG",3,0,6,2,3,0.667,1,1,1,1,2,0.5,0.833,0,0,NA,0,1,1,2,0,0,0,0,5,0,"",0
"509","pattoju01",2019,"Justin Patton",21,"PHI","C",3,0,21,2,7,0.286,0,2,0,2,5,0.4,0.286,1,2,0.5,2,4,6,3,2,0,0,5,5,0,"",0
"510","mccalta01",2019,"Tahjere McCall",24,"BRK","SG",1,0,8,2,3,0.667,0,1,0,2,2,1,0.667,0,1,0,0,1,1,0,0,0,0,2,4,0,"",0
"511","delgaan01",2019,"Ángel Delgado",24,"LAC","C",2,0,15,1,5,0.2,0,0,NA,1,5,0.2,0.2,1,2,0.5,2,2,4,0,1,0,0,2,3,0,"",0
"512","edwarvi01",2019,"Vince Edwards",22,"HOU","SF",2,0,16,1,4,0.25,1,4,0.25,0,0,NA,0.375,0,0,NA,1,1,2,0,0,0,0,0,3,0,"",0
"513","siberjo01",2019,"Jordan Sibert",26,"ATL","SG",1,0,4,1,1,1,1,1,1,0,0,NA,1.5,0,0,NA,0,0,0,0,0,0,0,0,3,0,"",0
"514","antetko01",2019,"Kostas Antetokounmpo",21,"DAL","PF",2,0,11,0,3,0,0,0,NA,0,3,0,0,2,4,0.5,0,1,1,0,2,0,1,0,2,0,"",0
"515","chealjo01",2019,"Joe Chealey",23,"CHO","PG",1,0,8,1,3,0.333,0,0,NA,1,3,0.333,0.333,0,0,NA,0,0,0,1,0,0,0,1,2,0,"",0
"516","joneste01",2019,"Terrence Jones",27,"HOU","PF",2,0,5,1,4,0.25,0,2,0,1,2,0.5,0.25,0,1,0,0,4,4,0,0,0,1,1,2,0,"",0
"517","lucaska01",2019,"Kalin Lucas",29,"DET","PG",1,0,6,0,1,0,0,1,0,0,0,NA,0,2,2,1,0,3,3,1,0,0,0,1,2,0,"",0
"518","matenya01",2019,"Yante Maten",22,"MIA","PF",2,0,13,1,4,0.25,0,1,0,1,3,0.333,0.25,0,0,NA,1,2,3,0,1,0,0,0,2,0,"",0
"519","qizh01",2019,"Zhou Qi",23,"HOU","PF",1,0,1,1,1,1,0,0,NA,1,1,1,1,0,0,NA,0,0,0,0,0,0,0,0,2,0,"",0
"520","stephdj01",2019,"D.J. Stephens",28,"MEM","SG",1,0,7,1,2,0.5,0,0,NA,1,2,0.5,0.5,0,0,NA,0,0,0,0,1,0,1,0,2,0,"",0
"521","anigbik01",2019,"Ike Anigbogu",20,"IND","C",3,0,6,0,3,0,0,0,NA,0,3,0,0,0,0,NA,1,2,3,1,0,1,1,0,0,0,"",0
"522","davisty01",2019,"Tyler Davis",21,"OKC","C",1,0,1,0,1,0,0,0,NA,0,1,0,0,0,0,NA,1,0,1,0,0,0,0,0,0,0,"",0
"523","grantdo01",2019,"Donte Grantham",23,"OKC","SF",3,0,2,0,2,0,0,2,0,0,0,NA,0,0,0,NA,0,0,0,0,0,0,0,0,0,0,"",0
"524","hollajo02",2019,"John Holland",30,"CLE","SF",1,0,1,0,0,NA,0,0,NA,0,0,NA,NA,0,0,NA,0,0,0,0,0,0,0,0,0,0,"",0
"525","ingraan01",2019,"Andre Ingram",33,"LAL","SG",4,0,15,0,6,0,0,3,0,0,3,0,0,0,0,NA,1,1,2,0,1,0,1,0,0,0,"",0
"526","kingge03",2019,"George King",25,"PHO","SF",1,0,6,0,0,NA,0,0,NA,0,0,NA,NA,0,0,NA,0,1,1,0,0,0,0,0,0,0,"",0
"527","loftoza01",2019,"Zach Lofton",26,"DET","SG",1,0,4,0,1,0,0,1,0,0,0,NA,0,0,0,NA,0,0,0,0,1,0,1,0,0,0,"",0
"528","simmoko01",2019,"Kobi Simmons",21,"CLE","PG",1,0,2,0,0,NA,0,0,NA,0,0,NA,NA,0,0,NA,0,0,0,0,0,0,0,0,0,0,"",0
"529","ulisty01",2019,"Tyler Ulis",23,"CHI","PG",1,0,1,0,0,NA,0,0,NA,0,0,NA,NA,0,0,NA,0,0,0,0,0,0,0,0,0,0,"",0
"530","whiteok01",2019,"Okaro White",26,"WAS","PF",3,0,6,0,2,0,0,2,0,0,0,NA,0,0,0,NA,1,1,2,0,0,0,0,0,0,0,"",0
"531","leonaka01",2019,"Kawhi Leonard",27,"TOR","SF",24,24,939,243,496,0.49,55,145,0.379,188,351,0.536,0.545,191,216,0.884,54,164,218,94,40,17,74,56,732,0,"Finals MVP-1",1
"532","curryst01",2019,"Stephen Curry",30,"GSW","PG",22,22,846,190,431,0.441,92,244,0.377,98,187,0.524,0.548,148,157,0.943,17,115,132,126,24,4,66,68,620,1,"",1
"533","siakapa01",2019,"Pascal Siakam",24,"TOR","PF",24,24,891,180,383,0.47,29,104,0.279,151,279,0.541,0.508,66,87,0.759,40,131,171,66,24,17,33,67,455,0,"",1
"534","thompkl01",2019,"Klay Thompson",28,"GSW","SG",21,21,818,164,360,0.456,70,158,0.443,94,202,0.465,0.553,37,41,0.902,12,74,86,44,28,15,38,59,435,0,"",1
"535","lillada01",2019,"Damian Lillard",28,"POR","PG",16,16,650,138,330,0.418,59,158,0.373,79,172,0.459,0.508,95,114,0.833,8,68,76,106,27,5,60,40,430,0,"",1
"536","mccolcj01",2019,"CJ McCollum",27,"POR","SG",16,16,635,154,350,0.44,46,117,0.393,108,233,0.464,0.506,41,56,0.732,14,66,80,59,13,10,30,34,395,0,"",1
"537","duranke01",2019,"Kevin Durant",30,"GSW","SF",12,12,442,125,243,0.514,35,80,0.438,90,163,0.552,0.586,102,113,0.903,1,58,59,54,13,12,43,38,387,0,"",1
"538","antetgi01",2019,"Giannis Antetokounmpo",24,"MIL","PF",15,15,514,129,261,0.494,18,55,0.327,111,206,0.539,0.529,107,168,0.637,36,147,183,73,18,30,50,48,383,0,"",1
"539","lowryky01",2019,"Kyle Lowry",32,"TOR","PG",24,24,901,122,277,0.44,52,145,0.359,70,132,0.53,0.534,65,81,0.802,21,96,117,159,31,7,54,96,361,0,"",1
"540","jokicni01",2019,"Nikola Jokić",23,"DEN","C",14,14,557,132,261,0.506,22,56,0.393,110,205,0.537,0.548,66,78,0.846,54,128,182,118,16,13,36,54,352,4,"",1
"541","hardeja01",2019,"James Harden",29,"HOU","PG",11,11,424,109,264,0.413,48,137,0.35,61,127,0.48,0.504,82,98,0.837,9,66,75,73,24,10,51,41,348,1,"",1
"542","murraja01",2019,"Jamal Murray",21,"DEN","PG",14,14,508,107,252,0.425,28,83,0.337,79,169,0.467,0.48,56,62,0.903,19,42,61,66,14,2,22,24,298,0,"",1
"543","greendr01",2019,"Draymond Green",28,"GSW","PF",22,22,851,114,229,0.498,13,57,0.228,101,172,0.587,0.526,51,71,0.718,41,182,223,187,32,33,83,85,292,6,"",1
"544","middlkh01",2019,"Khris Middleton",27,"MIL","SF",15,15,515,84,201,0.418,40,92,0.435,44,109,0.404,0.517,46,52,0.885,9,86,95,66,9,0,29,44,254,0,"",1
"545","butleji01",2019,"Jimmy Butler",29,"PHI","SF",12,12,421,79,175,0.451,12,45,0.267,67,130,0.515,0.486,63,72,0.875,22,50,72,62,18,7,22,20,233,0,"",1
"546","gasolma01",2019,"Marc Gasol",34,"TOR","C",24,24,735,76,180,0.422,34,89,0.382,42,91,0.462,0.517,40,46,0.87,16,138,154,73,21,26,21,84,226,0,"",1
"547","ibakase01",2019,"Serge Ibaka",29,"TOR","C",24,0,500,92,193,0.477,9,38,0.237,83,155,0.535,0.5,32,42,0.762,35,108,143,22,11,23,25,79,225,0,"",1
"548","embiijo01",2019,"Joel Embiid",24,"PHI","C",11,11,334,68,159,0.428,12,39,0.308,56,120,0.467,0.465,74,90,0.822,21,94,115,37,8,25,40,34,222,0,"",1
"549","iguodan01",2019,"Andre Iguodala",35,"GSW","SF",21,15,629,82,166,0.494,28,80,0.35,54,86,0.628,0.578,14,37,0.378,27,64,91,83,24,23,21,43,206,0,"",1
"550","bledser01",2019,"Eric Bledsoe",29,"MIL","PG",15,15,423,76,185,0.411,17,72,0.236,59,113,0.522,0.457,36,51,0.706,20,36,56,64,16,6,32,28,205,0,"",1
"551","millspa01",2019,"Paul Millsap",33,"DEN","PF",14,14,469,73,156,0.468,12,38,0.316,61,118,0.517,0.506,47,61,0.77,24,70,94,11,12,15,18,48,205,0,"",1
"552","harriga01",2019,"Gary Harris",24,"DEN","SG",14,14,517,73,158,0.462,20,57,0.351,53,101,0.525,0.525,33,38,0.868,9,49,58,32,12,8,11,38,199,0,"",1
"553","gordoer01",2019,"Eric Gordon",30,"HOU","SG",11,11,410,67,150,0.447,38,95,0.4,29,55,0.527,0.573,24,28,0.857,5,23,28,14,7,11,27,22,196,0,"",1
"554","irvinky01",2019,"Kyrie Irving",26,"BOS","PG",9,9,330,69,179,0.385,18,58,0.31,51,121,0.421,0.436,36,40,0.9,5,34,39,63,13,4,28,26,192,0,"",1
"555","vanvlfr01",2019,"Fred VanVleet",24,"TOR","PG",24,0,592,65,166,0.392,38,98,0.388,27,68,0.397,0.506,24,31,0.774,7,33,40,62,18,6,21,49,192,0,"",1
"556","paulch01",2019,"Chris Paul",33,"HOU","PG",11,11,397,66,148,0.446,17,63,0.27,49,85,0.576,0.503,38,45,0.844,14,56,70,60,24,7,37,36,187,0,"",1
"557","harrito02",2019,"Tobias Harris",26,"PHI","PF",12,12,443,71,167,0.425,22,63,0.349,49,104,0.471,0.491,22,26,0.846,12,98,110,48,13,6,20,30,186,0,"",1
"558","kanteen01",2019,"Enes Freedom",26,"POR","C",16,14,461,75,146,0.514,1,4,0.25,74,142,0.521,0.517,31,41,0.756,52,102,154,19,11,9,26,36,182,0,"",1
"559","hillge01",2019,"George Hill",32,"MIL","PG",15,0,395,63,118,0.534,20,48,0.417,43,70,0.614,0.619,27,33,0.818,15,38,53,42,12,4,6,34,173,0,"",1
"560","lopezbr01",2019,"Brook Lopez",30,"MIL","C",15,15,438,61,134,0.455,22,75,0.293,39,59,0.661,0.537,24,29,0.828,12,70,82,21,6,28,10,46,168,0,"",1
"561","simmobe01",2019,"Ben Simmons",22,"PHI","PG",12,12,421,72,116,0.621,0,0,NA,72,116,0.621,0.621,23,40,0.575,23,61,84,72,15,12,32,45,167,1,"",1
"562","greenda02",2019,"Danny Green",31,"TOR","SG",24,24,684,53,155,0.342,39,119,0.328,14,36,0.389,0.468,21,23,0.913,17,70,87,26,32,11,26,60,166,0,"",1
"563","redicjj01",2019,"JJ Redick",34,"PHI","SG",12,12,376,54,124,0.435,36,87,0.414,18,37,0.486,0.581,17,20,0.85,2,16,18,19,1,3,22,32,161,0,"",1
"564","hoodro01",2019,"Rodney Hood",26,"POR","SG",16,0,373,52,111,0.468,18,51,0.353,34,60,0.567,0.55,36,44,0.818,9,27,36,14,6,3,7,28,158,0,"",1
"565","derozde01",2019,"DeMar DeRozan",29,"SAS","SG",7,7,251,58,119,0.487,0,1,0,58,118,0.492,0.487,38,44,0.864,10,37,47,32,8,1,12,16,154,0,"",1
"566","powelno01",2019,"Norman Powell",25,"TOR","SG",23,0,366,56,126,0.444,24,62,0.387,32,64,0.5,0.54,14,19,0.737,5,46,51,26,9,0,12,31,150,0,"",1
"567","looneke01",2019,"Kevon Looney",22,"GSW","C",21,1,432,64,93,0.688,0,0,NA,64,93,0.688,0.688,21,29,0.724,41,53,94,20,12,11,13,50,149,0,"",1
"568","georgpa01",2019,"Paul George",28,"OKC","SF",5,5,204,44,101,0.436,15,47,0.319,29,54,0.537,0.51,40,49,0.816,6,37,43,18,7,1,21,21,143,0,"",1
"569","aldrila01",2019,"LaMarcus Aldridge",33,"SAS","C",7,7,244,55,121,0.455,3,11,0.273,52,110,0.473,0.467,27,33,0.818,19,48,67,19,5,7,7,21,140,0,"",1
"570","tatumja01",2019,"Jayson Tatum",20,"BOS","SF",9,9,295,49,112,0.438,10,31,0.323,39,81,0.481,0.482,29,39,0.744,7,53,60,17,10,7,18,21,137,0,"",1
"571","harklma01",2019,"Maurice Harkless",25,"POR","SF",16,16,388,52,109,0.477,7,28,0.25,45,81,0.556,0.509,23,36,0.639,29,49,78,23,18,16,17,56,134,0,"",1
"572","mirotni01",2019,"Nikola Mirotić",27,"MIL","PF",14,8,298,44,117,0.376,22,76,0.289,22,41,0.537,0.47,23,28,0.821,17,43,60,10,10,3,14,25,133,0,"",1
"573","willilo02",2019,"Lou Williams",32,"LAC","SG",6,0,176,45,104,0.433,6,18,0.333,39,86,0.453,0.462,34,41,0.829,6,11,17,46,5,1,18,14,130,0,"",1
"574","bartowi01",2019,"Will Barton",28,"DEN","SF",14,3,328,47,135,0.348,15,55,0.273,32,80,0.4,0.404,18,26,0.692,15,52,67,24,4,9,14,19,127,0,"",1
"575","brownja02",2019,"Jaylen Brown",22,"BOS","SG",9,9,274,44,87,0.506,14,40,0.35,30,47,0.638,0.586,23,30,0.767,6,46,52,10,6,2,16,30,125,0,"",1
"576","horfoal01",2019,"Al Horford",32,"BOS","C",9,9,310,46,110,0.418,18,44,0.409,28,66,0.424,0.5,15,18,0.833,13,68,81,40,4,7,19,21,125,0,"",1
"577","tuckepj01",2019,"P.J. Tucker",33,"HOU","PF",11,11,426,40,88,0.455,26,57,0.456,14,31,0.452,0.602,19,23,0.826,19,63,82,19,19,8,8,35,125,0,"",1
"578","morrima03",2019,"Marcus Morris",29,"BOS","PF",9,4,254,41,79,0.519,18,40,0.45,23,39,0.59,0.633,23,31,0.742,12,61,73,11,1,5,7,22,123,0,"",1
"579","gallida01",2019,"Danilo Gallinari",30,"LAC","SF",6,6,201,39,111,0.351,13,43,0.302,26,68,0.382,0.41,28,33,0.848,9,28,37,16,8,1,11,14,119,0,"",1
"580","aminual01",2019,"Al-Farouq Aminu",28,"POR","PF",16,16,399,38,109,0.349,15,51,0.294,23,58,0.397,0.417,27,36,0.75,29,71,100,21,9,10,16,34,118,0,"",1
"581","westbru01",2019,"Russell Westbrook",30,"OKC","PG",5,5,197,40,111,0.36,11,34,0.324,29,77,0.377,0.41,23,26,0.885,7,38,45,53,5,3,23,19,114,2,"",1
"582","beaslma01",2019,"Malik Beasley",22,"DEN","SG",14,0,281,36,93,0.387,19,47,0.404,17,46,0.37,0.489,22,31,0.71,11,37,48,14,3,1,7,20,113,0,"",1
"583","harremo01",2019,"Montrezl Harrell",25,"LAC","C",6,0,158,46,63,0.73,0,1,0,46,62,0.742,0.73,18,26,0.692,12,21,33,13,3,4,8,19,110,0,"",1
"584","colliza01",2019,"Zach Collins",21,"POR","C",16,0,275,41,81,0.506,7,21,0.333,34,60,0.567,0.549,20,25,0.8,17,41,58,14,7,21,20,54,109,0,"",1
"585","capelca01",2019,"Clint Capela",24,"HOU","C",11,11,331,46,82,0.561,0,0,NA,46,82,0.561,0.561,15,35,0.429,41,72,113,16,3,12,16,26,107,0,"",1
"586","mitchdo01",2019,"Donovan Mitchell",22,"UTA","SG",5,5,193,36,112,0.321,11,43,0.256,25,69,0.362,0.371,24,33,0.727,7,18,25,16,8,1,21,15,107,0,"",1
"587","whitede01",2019,"Derrick White",24,"SAS","PG",7,7,191,41,75,0.547,5,17,0.294,36,58,0.621,0.58,19,26,0.731,1,20,21,21,5,5,15,17,106,0,"",1
"588","leverca01",2019,"Caris LeVert",24,"BRK","SF",5,2,144,36,73,0.493,12,26,0.462,24,47,0.511,0.575,21,29,0.724,6,17,23,15,5,2,10,8,105,0,"",1
"589","ilyaser01",2019,"Ersan İlyasova",31,"MIL","PF",15,0,272,35,81,0.432,12,40,0.3,23,41,0.561,0.506,20,25,0.8,20,51,71,21,10,6,7,40,102,0,"",1
"590","russeda01",2019,"D'Angelo Russell",22,"BRK","PG",5,5,148,37,103,0.359,12,37,0.324,25,66,0.379,0.417,11,13,0.846,2,16,18,18,7,1,14,12,97,0,"",1
"591","connapa01",2019,"Pat Connaughton",26,"MIL","SG",15,0,324,37,77,0.481,15,42,0.357,22,35,0.629,0.578,4,8,0.5,10,83,93,21,6,13,9,14,93,0,"",1
"592","craigto01",2019,"Torrey Craig",28,"DEN","SF",14,11,330,33,69,0.478,17,36,0.472,16,33,0.485,0.601,9,16,0.563,21,51,72,12,7,5,6,38,92,0,"",1
"593","brogdma01",2019,"Malcolm Brogdon",26,"MIL","SG",7,2,198,35,78,0.449,14,37,0.378,21,41,0.512,0.538,7,11,0.636,6,28,34,24,5,1,10,16,91,0,"",1
"594","curryse01",2019,"Seth Curry",28,"POR","SG",16,0,326,30,82,0.366,21,52,0.404,9,30,0.3,0.494,9,11,0.818,5,20,25,13,12,4,7,27,90,0,"",1
"595","livinsh01",2019,"Shaun Livingston",33,"GSW","PG",22,2,322,34,75,0.453,0,2,0,34,73,0.466,0.453,21,25,0.84,11,20,31,31,10,4,8,35,89,0,"",1
"596","haywago01",2019,"Gordon Hayward",28,"BOS","PF",9,0,267,29,70,0.414,9,24,0.375,20,46,0.435,0.479,19,19,1,3,33,36,22,6,3,14,16,86,0,"",1
"597","leoname01",2019,"Meyers Leonard",26,"POR","C",11,2,170,34,65,0.523,14,33,0.424,20,32,0.625,0.631,3,9,0.333,6,34,40,12,3,1,4,27,85,0,"",1
"598","ennisja01",2019,"James Ennis III",28,"PHI","SF",11,0,232,31,64,0.484,9,32,0.281,22,32,0.688,0.555,12,19,0.632,16,26,42,12,4,3,10,31,83,0,"",1
"599","gilgesh01",2019,"Shai Gilgeous-Alexander",20,"LAC","PG",6,6,173,28,60,0.467,9,18,0.5,19,42,0.452,0.542,17,20,0.85,4,12,16,19,6,5,5,17,82,0,"",1
"600","gayru01",2019,"Rudy Gay",32,"SAS","PF",7,0,179,28,70,0.4,8,19,0.421,20,51,0.392,0.457,14,17,0.824,13,37,50,12,3,5,10,13,78,0,"",1
"601","rubiori01",2019,"Ricky Rubio",28,"UTA","PG",5,5,168,28,66,0.424,4,20,0.2,24,46,0.522,0.455,17,20,0.85,3,13,16,43,12,1,15,14,77,0,"",1
"602","gordoaa01",2019,"Aaron Gordon",23,"ORL","PF",5,5,164,29,62,0.468,8,20,0.4,21,42,0.5,0.532,10,19,0.526,11,25,36,18,6,1,13,16,76,0,"",1
"603","forbebr01",2019,"Bryn Forbes",25,"SAS","SG",7,7,212,27,56,0.482,15,31,0.484,12,25,0.48,0.616,6,9,0.667,1,24,25,7,1,1,3,14,75,0,"",1
"604","morrimo01",2019,"Monte Morris",23,"DEN","PG",14,0,224,33,86,0.384,0,13,0,33,73,0.452,0.384,9,13,0.692,3,16,19,36,5,1,6,15,75,0,"",1
"605","riverau01",2019,"Austin Rivers",26,"HOU","SG",10,0,215,27,62,0.435,16,35,0.457,11,27,0.407,0.565,4,6,0.667,2,19,21,10,5,1,8,31,74,0,"",1
"606","dinwisp01",2019,"Spencer Dinwiddie",25,"BRK","PG",5,0,131,27,62,0.435,9,24,0.375,18,38,0.474,0.508,10,14,0.714,4,9,13,8,2,0,8,10,73,0,"",1
"607","bogdabo02",2019,"Bojan Bogdanović",29,"IND","SF",4,4,148,25,63,0.397,7,22,0.318,18,41,0.439,0.452,15,17,0.882,3,20,23,11,8,0,6,7,72,0,"",1
"608","cookqu01",2019,"Quinn Cook",25,"GSW","PG",17,0,193,28,70,0.4,11,34,0.324,17,36,0.472,0.479,4,4,1,2,16,18,12,3,1,6,13,71,0,"",1
"609","jacksre01",2019,"Reggie Jackson",28,"DET","PG",4,4,108,28,65,0.431,9,21,0.429,19,44,0.432,0.5,6,7,0.857,5,8,13,28,3,0,5,12,71,0,"",1
"610","schrode01",2019,"Dennis Schröder",25,"OKC","PG",5,0,151,25,55,0.455,6,20,0.3,19,35,0.543,0.509,13,18,0.722,2,14,16,17,4,0,6,11,69,0,"",1
"611","greenja01",2019,"JaMychal Green",28,"LAC","PF",6,3,141,23,43,0.535,12,23,0.522,11,20,0.55,0.674,8,10,0.8,6,26,32,5,4,0,11,22,66,0,"",1
"612","mckinal01",2019,"Alfonzo McKinnie",26,"GSW","SF",22,1,235,26,59,0.441,10,32,0.313,16,27,0.593,0.525,4,10,0.4,17,33,50,4,2,1,6,32,66,0,"",1
"613","rosste01",2019,"Terrence Ross",27,"ORL","SG",5,0,146,20,54,0.37,12,35,0.343,8,19,0.421,0.481,14,17,0.824,1,17,18,7,6,2,10,10,66,0,"",1
"614","augusdj01",2019,"D.J. Augustin",31,"ORL","PG",5,5,141,20,41,0.488,10,21,0.476,10,20,0.5,0.61,14,16,0.875,1,7,8,19,2,1,7,7,64,0,"",1
"615","marjabo01",2019,"Boban Marjanović",30,"PHI","C",11,0,105,24,40,0.6,0,3,0,24,37,0.649,0.6,16,19,0.842,13,23,36,11,2,3,14,18,64,0,"",1
"616","plumlma01",2019,"Mason Plumlee",28,"DEN","C",14,0,218,24,47,0.511,0,1,0,24,46,0.522,0.511,16,28,0.571,26,36,62,21,7,10,8,39,64,0,"",1
"617","fournev01",2019,"Evan Fournier",26,"ORL","SG",5,5,175,24,69,0.348,8,34,0.235,16,35,0.457,0.406,6,8,0.75,3,13,16,10,7,0,12,14,62,0,"",1
"618","couside01",2019,"DeMarcus Cousins",28,"GSW","C",8,5,133,21,53,0.396,3,12,0.25,18,41,0.439,0.425,16,25,0.64,9,30,39,19,5,6,19,24,61,0,"",1
"619","evansty01",2019,"Tyreke Evans",29,"IND","SG",4,0,84,21,48,0.438,11,20,0.55,10,28,0.357,0.552,8,14,0.571,0,17,17,3,3,1,6,8,61,0,"",1
"620","kennalu01",2019,"Luke Kennard",22,"DET","SG",4,2,133,23,47,0.489,9,15,0.6,14,32,0.438,0.585,5,6,0.833,0,16,16,7,3,1,3,6,60,0,"",1
"621","adamsst01",2019,"Steven Adams",25,"OKC","C",5,5,159,28,42,0.667,0,1,0,28,41,0.683,0.667,3,8,0.375,12,24,36,7,5,5,9,13,59,0,"",1
"622","beverpa01",2019,"Patrick Beverley",30,"LAC","PG",6,6,195,20,47,0.426,13,30,0.433,7,17,0.412,0.564,6,8,0.75,8,40,48,28,6,6,10,21,59,0,"",1
"623","favorde01",2019,"Derrick Favors",27,"UTA","C",5,2,103,23,36,0.639,0,3,0,23,33,0.697,0.639,13,19,0.684,15,22,37,4,4,9,5,12,59,0,"",1
"624","grantje01",2019,"Jerami Grant",24,"OKC","PF",5,5,176,20,40,0.5,9,20,0.45,11,20,0.55,0.613,9,13,0.692,6,21,27,4,3,10,4,13,58,0,"",1
"625","roziete01",2019,"Terry Rozier",24,"BOS","PG",9,0,162,19,59,0.322,8,34,0.235,11,25,0.44,0.39,12,16,0.75,4,35,39,17,4,2,10,15,58,0,"",1
"626","crowdja01",2019,"Jae Crowder",28,"UTA","SF",5,3,130,17,46,0.37,9,30,0.3,8,16,0.5,0.467,14,19,0.737,4,25,29,4,5,0,1,7,57,0,"",1
"627","drumman01",2019,"Andre Drummond",25,"DET","C",4,4,127,24,54,0.444,0,1,0,24,53,0.453,0.444,9,21,0.429,20,32,52,9,6,5,11,17,57,0,"",1
"628","goberru01",2019,"Rudy Gobert",26,"UTA","C",5,5,152,19,32,0.594,0,0,NA,19,32,0.594,0.594,18,23,0.783,23,28,51,7,3,13,9,16,56,0,"",1
"629","scottmi01",2019,"Mike Scott",30,"PHI","PF",10,0,193,21,47,0.447,12,34,0.353,9,13,0.692,0.574,2,2,1,4,30,34,5,3,0,7,22,56,0,"",1
"630","vucevni01",2019,"Nikola Vučević",28,"ORL","C",5,5,147,21,58,0.362,3,13,0.231,18,45,0.4,0.388,11,14,0.786,9,31,40,15,2,5,13,12,56,0,"",1
"631","allenja01",2019,"Jarrett Allen",20,"BRK","C",5,5,110,19,32,0.594,0,0,NA,19,32,0.594,0.594,17,20,0.85,15,19,34,11,3,3,8,13,55,0,"",1
"632","holliro01",2019,"Rondae Hollis-Jefferson",24,"BRK","SF",4,0,62,16,33,0.485,1,1,1,15,32,0.469,0.5,20,25,0.8,3,9,12,6,1,5,3,7,53,0,"",1
"633","onealro01",2019,"Royce O'Neale",25,"UTA","SF",5,0,137,21,45,0.467,8,23,0.348,13,22,0.591,0.556,3,4,0.75,2,21,23,8,2,2,10,15,53,0,"",1
"634","bogutan01",2019,"Andrew Bogut",34,"GSW","C",19,6,179,24,37,0.649,0,0,NA,24,37,0.649,0.649,4,5,0.8,23,51,74,21,5,6,10,38,52,0,"",1
"635","poeltja01",2019,"Jakob Poeltl",23,"SAS","C",7,7,177,23,36,0.639,0,1,0,23,35,0.657,0.639,5,9,0.556,25,29,54,12,2,5,3,26,51,0,"",1
"636","griffbl01",2019,"Blake Griffin",29,"DET","PF",2,2,58,18,39,0.462,6,13,0.462,12,26,0.462,0.538,7,7,1,4,8,12,12,2,0,6,9,49,0,"",1
"637","collida01",2019,"Darren Collison",31,"IND","PG",4,4,117,19,45,0.422,4,11,0.364,15,34,0.441,0.467,6,6,1,4,8,12,16,2,0,10,11,48,0,"",1
"638","shamela01",2019,"Landry Shamet",21,"LAC","SG",6,6,174,13,38,0.342,10,31,0.323,3,7,0.429,0.474,10,10,1,1,11,12,10,6,0,7,15,46,0,"",1
"639","brownst02",2019,"Sterling Brown",23,"MIL","SG",11,5,162,15,38,0.395,7,21,0.333,8,17,0.471,0.487,8,11,0.727,4,26,30,19,6,3,8,17,45,0,"",1
"640","harrijo01",2019,"Joe Harris",27,"BRK","SG",5,5,149,16,43,0.372,4,21,0.19,12,22,0.545,0.419,8,8,1,6,15,21,3,3,0,9,12,44,0,"",1
"641","turneev01",2019,"Evan Turner",30,"POR","PG",16,0,245,15,46,0.326,1,1,1,14,45,0.311,0.337,12,15,0.8,13,59,72,35,3,3,13,22,43,0,"",1
"642","youngth01",2019,"Thaddeus Young",30,"IND","PF",4,4,130,18,42,0.429,2,8,0.25,16,34,0.471,0.452,4,7,0.571,9,19,28,15,11,3,5,10,42,0,"",1
"643","belinma01",2019,"Marco Belinelli",32,"SAS","SG",7,0,131,14,38,0.368,8,21,0.381,6,17,0.353,0.474,5,6,0.833,0,13,13,8,0,2,2,7,41,0,"",1
"644","belljo01",2019,"Jordan Bell",24,"GSW","C",15,2,106,17,31,0.548,0,0,NA,17,31,0.548,0.548,7,10,0.7,7,12,19,11,4,7,2,13,41,0,"",1
"645","monrogr01",2019,"Greg Monroe",28,"PHI","C",10,1,90,16,40,0.4,1,4,0.25,15,36,0.417,0.413,7,9,0.778,14,17,31,4,5,3,4,11,40,0,"",1
"646","greenge01",2019,"Gerald Green",33,"HOU","SG",11,0,97,12,40,0.3,10,29,0.345,2,11,0.182,0.425,5,5,1,0,12,12,1,3,3,3,12,39,0,"",1
"647","turnemy01",2019,"Myles Turner",22,"IND","C",4,4,126,14,35,0.4,3,14,0.214,11,21,0.524,0.443,8,13,0.615,4,21,25,6,0,7,3,14,39,0,"",1
"648","millspa02",2019,"Patty Mills",30,"SAS","PG",7,0,152,14,43,0.326,3,22,0.136,11,21,0.524,0.36,6,10,0.6,1,14,15,25,7,1,3,9,37,0,"",1
"649","houseda01",2019,"Danuel House Jr.",25,"HOU","SF",7,0,141,11,37,0.297,8,31,0.258,3,6,0.5,0.405,4,8,0.5,2,20,22,1,3,2,4,11,34,0,"",1
"650","jerebjo01",2019,"Jonas Jerebko",31,"GSW","PF",16,0,121,12,42,0.286,5,19,0.263,7,23,0.304,0.345,5,6,0.833,15,19,34,12,1,2,2,9,34,0,"",1
"651","sabondo01",2019,"Domantas Sabonis",22,"IND","C",4,0,96,12,29,0.414,1,4,0.25,11,25,0.44,0.431,9,14,0.643,7,22,29,16,3,1,5,12,34,0,"",1
"652","carrode01",2019,"DeMarre Carroll",32,"BRK","PF",5,3,119,9,38,0.237,7,24,0.292,2,14,0.143,0.329,8,8,1,6,14,20,2,4,0,3,8,33,0,"",1
"653","cartemi01",2019,"Michael Carter-Williams",27,"ORL","PG",5,0,92,12,31,0.387,2,8,0.25,10,23,0.435,0.419,7,8,0.875,2,18,20,12,3,0,8,12,33,0,"",1
"654","isaacjo01",2019,"Jonathan Isaac",21,"ORL","PF",5,5,137,11,40,0.275,4,20,0.2,7,20,0.35,0.325,7,8,0.875,10,21,31,2,2,5,5,9,33,0,"",1
"655","inglejo01",2019,"Joe Ingles",31,"UTA","PF",5,5,151,12,37,0.324,8,29,0.276,4,8,0.5,0.432,0,0,NA,3,21,24,25,11,0,8,14,32,0,"",1
"656","ellinwa01",2019,"Wayne Ellington",31,"DET","SG",4,4,131,11,35,0.314,7,22,0.318,4,13,0.308,0.414,2,2,1,3,12,15,5,3,0,2,4,31,0,"",1
"657","gallola01",2019,"Langston Galloway",27,"DET","SG",4,0,110,11,34,0.324,9,25,0.36,2,9,0.222,0.456,0,0,NA,2,13,15,4,2,4,2,10,31,0,"",1
"658","josepco01",2019,"Cory Joseph",27,"IND","PG",4,0,85,12,24,0.5,4,9,0.444,8,15,0.533,0.583,2,2,1,1,6,7,4,3,0,0,7,30,0,"",1
"659","shumpim01",2019,"Iman Shumpert",28,"HOU","SG",8,0,109,10,26,0.385,8,22,0.364,2,4,0.5,0.538,1,4,0.25,1,11,12,2,1,0,3,10,29,0,"",1
"660","matthwe02",2019,"Wesley Matthews",32,"IND","SG",4,4,119,9,30,0.3,7,21,0.333,2,9,0.222,0.417,3,3,1,0,10,10,8,3,1,8,6,28,0,"",1
"661","hilarne01",2019,"Nenê",36,"HOU","C",7,0,53,10,10,1,0,0,NA,10,10,1,1,7,9,0.778,9,5,14,3,3,2,3,7,27,0,"",1
"662","birchkh01",2019,"Khem Birch",26,"ORL","C",5,0,92,10,18,0.556,0,0,NA,10,18,0.556,0.556,6,7,0.857,9,22,31,4,1,5,6,8,26,0,"",1
"663","fergute01",2019,"Terrance Ferguson",20,"OKC","SG",5,5,128,9,25,0.36,7,18,0.389,2,7,0.286,0.5,0,0,NA,2,10,12,6,2,0,5,19,25,0,"",1
"664","kurucro01",2019,"Rodions Kurucs",20,"BRK","SF",4,3,68,8,20,0.4,2,8,0.25,6,12,0.5,0.45,7,9,0.778,6,14,20,3,2,0,2,10,25,0,"",1
"665","simmojo02",2019,"Jonathon Simmons",29,"PHI","SF",7,0,52,10,30,0.333,2,10,0.2,8,20,0.4,0.367,3,4,0.75,2,7,9,2,1,0,6,2,25,0,"",1
"666","farieke01",2019,"Kenneth Faried",29,"HOU","C",6,0,56,9,13,0.692,1,1,1,8,12,0.667,0.731,5,6,0.833,3,18,21,2,2,0,0,6,24,0,"",1
"667","iwundwe01",2019,"Wes Iwundu",24,"ORL","SF",5,0,60,6,18,0.333,3,9,0.333,3,9,0.333,0.417,9,9,1,0,7,7,4,3,0,2,4,24,0,"",1
"668","mccontj01",2019,"T.J. McConnell",26,"PHI","PG",9,0,75,12,27,0.444,0,0,NA,12,27,0.444,0.444,0,0,NA,1,5,6,11,2,1,1,4,24,0,"",1
"669","napiesh01",2019,"Shabazz Napier",27,"BRK","PG",3,0,28,7,11,0.636,3,5,0.6,4,6,0.667,0.773,7,8,0.875,2,5,7,11,1,0,0,1,24,0,"",1
"670","noelne01",2019,"Nerlens Noel",24,"OKC","C",5,0,60,12,20,0.6,0,0,NA,12,20,0.6,0.6,0,2,0,11,8,19,0,2,3,4,9,24,0,"",1
"671","smithis01",2019,"Ish Smith",30,"DET","PG",4,0,81,10,38,0.263,1,7,0.143,9,31,0.29,0.276,3,4,0.75,1,10,11,14,3,1,4,8,24,0,"",1
"672","makerth01",2019,"Thon Maker",21,"DET","PF",4,2,69,7,26,0.269,0,12,0,7,14,0.5,0.269,8,9,0.889,4,5,9,4,0,4,3,14,22,0,"",1
"673","meeksjo01",2019,"Jodie Meeks",31,"TOR","SG",14,0,66,9,29,0.31,2,13,0.154,7,16,0.438,0.345,2,3,0.667,0,9,9,1,4,1,3,7,22,0,"",1
"674","niangge01",2019,"Georges Niang",25,"UTA","PF",5,0,55,9,22,0.409,4,13,0.308,5,9,0.556,0.5,0,0,NA,0,14,14,5,1,1,2,5,22,0,"",1
"675","fraziti01",2019,"Tim Frazier",28,"MIL","PG",11,0,40,8,13,0.615,3,6,0.5,5,7,0.714,0.731,2,2,1,0,9,9,10,1,0,3,5,21,0,"",1
"676","zubaciv01",2019,"Ivica Zubac",21,"LAC","C",4,3,39,9,18,0.5,0,0,NA,9,18,0.5,0.5,2,3,0.667,11,11,22,1,2,2,4,5,20,0,"",1
"677","baynear01",2019,"Aron Baynes",32,"BOS","C",9,5,115,8,14,0.571,2,6,0.333,6,8,0.75,0.643,1,2,0.5,6,19,25,3,3,2,5,20,19,0,"",1
"678","korkmfu01",2019,"Furkan Korkmaz",21,"PHI","SG",4,0,36,6,18,0.333,3,8,0.375,3,10,0.3,0.417,4,5,0.8,0,6,6,5,0,1,1,5,19,0,"",1
"679","morrima02",2019,"Markieff Morris",29,"OKC","PF",5,0,59,5,16,0.313,2,7,0.286,3,9,0.333,0.375,7,9,0.778,4,9,13,5,1,3,2,9,19,0,"",1
"680","wilsodj01",2019,"D.J. Wilson",22,"MIL","PF",8,0,43,8,16,0.5,1,5,0.2,7,11,0.636,0.531,2,2,1,1,9,10,4,0,1,7,7,19,0,"",1
"681","robinje01",2019,"Jerome Robinson",21,"LAC","SG",5,0,46,5,14,0.357,3,6,0.5,2,8,0.25,0.464,5,5,1,2,4,6,7,2,0,1,4,18,0,"",1
"682","bertada01",2019,"Dāvis Bertāns",26,"SAS","PF",5,0,79,5,15,0.333,3,11,0.273,2,4,0.5,0.433,3,5,0.6,0,8,8,5,0,1,1,10,16,0,"",1
"683","boldejo01",2019,"Jonah Bolden",23,"PHI","PF",10,0,79,5,19,0.263,4,16,0.25,1,3,0.333,0.368,2,4,0.5,4,10,14,3,2,1,9,12,16,0,"",1
"684","davised01",2019,"Ed Davis",29,"BRK","C",3,0,41,7,10,0.7,0,0,NA,7,10,0.7,0.7,2,2,1,4,15,19,2,0,1,0,9,16,0,"",1
"685","chandwi01",2019,"Wilson Chandler",31,"LAC","SF",4,0,52,5,16,0.313,1,10,0.1,4,6,0.667,0.344,4,4,1,0,6,6,2,2,0,3,7,15,0,"",1
"686","templga01",2019,"Garrett Temple",32,"LAC","SG",6,0,63,3,11,0.273,1,7,0.143,2,4,0.5,0.318,7,10,0.7,1,6,7,2,3,1,2,8,14,0,"",1
"687","thomakh01",2019,"Khyri Thomas",22,"DET","SG",3,0,15,6,12,0.5,1,4,0.25,5,8,0.625,0.542,1,1,1,0,2,2,0,2,0,0,0,14,0,"",1
"688","brownbr01",2019,"Bruce Brown",22,"DET","SG",4,2,57,5,14,0.357,1,5,0.2,4,9,0.444,0.393,2,2,1,1,7,8,2,2,1,2,8,13,0,"",1
"689","motiedo01",2019,"Donatas Motiejūnas",28,"SAS","PF",5,0,19,6,10,0.6,0,1,0,6,9,0.667,0.6,1,2,0.5,3,4,7,2,0,0,0,1,13,0,"",1
"690","ojelese01",2019,"Semi Ojeleye",24,"BOS","PF",6,0,34,4,9,0.444,3,5,0.6,1,4,0.25,0.611,2,2,1,1,1,2,2,0,0,1,5,13,0,"",1
"691","robingl02",2019,"Glenn Robinson III",25,"DET","SF",3,0,36,4,15,0.267,1,8,0.125,3,7,0.429,0.3,4,4,1,2,5,7,2,2,0,1,5,13,0,"",1
"692","dudleja01",2019,"Jared Dudley",33,"BRK","PF",4,2,82,3,11,0.273,2,9,0.222,1,2,0.5,0.364,4,4,1,0,2,2,11,3,1,4,10,12,0,"",1
"693","theisda01",2019,"Daniel Theis",26,"BOS","C",7,0,42,5,14,0.357,0,2,0,5,12,0.417,0.357,2,2,1,4,6,10,0,1,1,1,4,12,0,"",1
"694","feltora01",2019,"Raymond Felton",34,"OKC","PG",5,0,57,4,13,0.308,2,8,0.25,2,5,0.4,0.385,1,2,0.5,0,3,3,3,4,1,2,7,11,0,"",1
"695","korveky01",2019,"Kyle Korver",37,"UTA","SG",4,0,30,3,8,0.375,2,6,0.333,1,2,0.5,0.5,2,3,0.667,1,4,5,0,0,0,1,6,10,0,"",1
"696","martija01",2019,"Jarell Martin",24,"ORL","PF",3,0,18,4,9,0.444,2,7,0.286,2,2,1,0.556,0,2,0,1,1,2,1,0,1,0,1,10,0,"",1
"697","wanambr01",2019,"Brad Wanamaker",29,"BOS","PG",4,0,17,3,7,0.429,1,1,1,2,6,0.333,0.5,3,4,0.75,0,0,0,3,2,0,2,0,10,0,"",1
"698","allengr01",2019,"Grayson Allen",23,"UTA","SG",2,0,14,2,7,0.286,0,3,0,2,4,0.5,0.286,5,7,0.714,0,1,1,0,0,0,0,0,9,0,"",1
"699","linje01",2019,"Jeremy Lin",30,"TOR","PG",8,0,27,2,9,0.222,1,2,0.5,1,7,0.143,0.278,4,4,1,0,3,3,4,1,0,5,2,9,0,"",1
"700","pinsoth01",2019,"Theo Pinson",23,"BRK","SG",3,0,22,3,8,0.375,3,7,0.429,0,1,0,0.563,0,0,NA,0,3,3,3,2,0,1,0,9,0,"",1
"701","johnsam01",2019,"Amir Johnson",31,"PHI","C",4,0,20,4,4,1,0,0,NA,4,4,1,1,0,0,NA,3,2,5,2,1,0,1,3,8,0,"",1
"702","millema01",2019,"Malcolm Miller",25,"TOR","SF",10,0,28,2,8,0.25,1,6,0.167,1,2,0.5,0.313,3,4,0.75,0,5,5,1,0,1,1,3,8,0,"",1
"703","yabusgu01",2019,"Guerschon Yabusele",23,"BOS","PF",4,0,14,2,4,0.5,0,1,0,2,3,0.667,0.5,4,7,0.571,1,1,2,1,0,1,1,3,8,0,"",1
"704","grahatr01",2019,"Treveon Graham",25,"BRK","SG",5,0,79,2,10,0.2,0,7,0,2,3,0.667,0.2,3,6,0.5,2,8,10,3,3,1,3,10,7,0,"",1
"705","smartma01",2019,"Marcus Smart",24,"BOS","SG",2,0,32,1,11,0.091,1,11,0.091,0,0,NA,0.136,4,6,0.667,4,0,4,4,3,0,3,3,7,0,"",1
"706","cunnida01",2019,"Dante Cunningham",31,"SAS","PF",5,0,13,2,3,0.667,2,2,1,0,1,0,1,0,0,NA,2,4,6,0,0,0,0,0,6,0,"",1
"707","mcderdo01",2019,"Doug McDermott",27,"IND","SF",3,0,29,2,10,0.2,0,7,0,2,3,0.667,0.2,2,4,0.5,3,2,5,4,0,1,0,2,6,0,"",1
"708","walkelo01",2019,"Lonnie Walker IV",20,"SAS","SG",6,0,21,3,8,0.375,0,1,0,3,7,0.429,0.375,0,0,NA,0,2,2,3,0,0,0,0,6,0,"",1
"709","bouchch01",2019,"Chris Boucher",26,"TOR","PF",2,0,4,2,5,0.4,1,3,0.333,1,2,0.5,0.5,0,1,0,0,1,1,0,0,1,0,0,5,0,"",1
"710","evansja02",2019,"Jacob Evans",21,"GSW","SG",7,0,18,2,5,0.4,1,2,0.5,1,3,0.333,0.5,0,0,NA,0,1,1,1,0,0,2,1,5,0,"",1
"711","frazime01",2019,"Melvin Frazier",22,"ORL","SG",3,0,15,2,5,0.4,0,0,NA,2,5,0.4,0.4,1,2,0.5,1,3,4,0,1,0,0,0,5,0,"",1
"712","grantje02",2019,"Jerian Grant",26,"ORL","PG",3,0,14,2,10,0.2,0,7,0,2,3,0.667,0.2,1,1,1,0,4,4,3,0,0,1,1,5,0,"",1
"713","holidaa01",2019,"Aaron Holiday",22,"IND","PG",3,0,13,2,5,0.4,1,2,0.5,1,3,0.333,0.5,0,0,NA,0,0,0,0,0,0,1,3,5,0,"",1
"714","laymaja01",2019,"Jake Layman",24,"POR","SF",6,0,20,1,7,0.143,0,5,0,1,2,0.5,0.143,3,4,0.75,1,3,4,0,0,0,0,3,5,0,"",1
"715","mccawpa01",2019,"Patrick McCaw",23,"TOR","SG",11,0,48,1,5,0.2,1,3,0.333,0,2,0,0.3,2,2,1,2,1,3,4,2,0,1,4,5,0,"",1
"716","pachuza01",2019,"Zaza Pachulia",34,"DET","C",2,0,22,2,6,0.333,0,0,NA,2,6,0.333,0.333,1,2,0.5,1,8,9,0,0,0,1,3,5,0,"",1
"717","sefolth01",2019,"Thabo Sefolosha",34,"UTA","SF",4,0,42,2,14,0.143,1,8,0.125,1,6,0.167,0.179,0,0,NA,1,7,8,2,0,0,1,3,5,0,"",1
"718","snellto01",2019,"Tony Snell",27,"MIL","SF",9,0,28,2,6,0.333,1,2,0.5,1,4,0.25,0.417,0,0,NA,2,1,3,0,1,1,1,3,5,0,"",1
"719","thornsi01",2019,"Sindarius Thornwell",24,"LAC","SG",4,0,12,2,6,0.333,1,3,0.333,1,3,0.333,0.417,0,0,NA,0,4,4,0,1,0,0,2,5,0,"",1
"720","harteis01",2019,"Isaiah Hartenstein",20,"HOU","PF",2,0,2,2,2,1,0,0,NA,2,2,1,1,0,0,NA,1,0,1,0,0,0,0,1,4,0,"",1
"721","musadz01",2019,"Džanan Musa",19,"BRK","SG",2,0,15,2,3,0.667,0,1,0,2,2,1,0.667,0,0,NA,0,0,0,0,2,0,3,4,4,0,"",1
"722","simonan01",2019,"Anfernee Simons",19,"POR","SG",5,0,12,0,7,0,0,2,0,0,5,0,0,4,5,0.8,0,0,0,0,1,0,0,2,4,0,"",1
"723","wallaty01",2019,"Tyrone Wallace",24,"LAC","PG",2,0,11,1,4,0.25,0,0,NA,1,4,0.25,0.25,2,3,0.667,0,1,1,3,0,0,1,2,4,0,"",1
"724","williro04",2019,"Robert Williams",21,"BOS","C",3,0,13,1,2,0.5,0,0,NA,1,2,0.5,0.5,2,2,1,1,6,7,0,0,0,0,1,4,0,"",1
"725","hernaju01",2019,"Juancho Hernangómez",23,"DEN","PF",5,0,15,1,3,0.333,1,2,0.5,0,1,0,0.5,0,0,NA,0,3,3,0,0,0,1,2,3,0,"",1
"726","jonesda03",2019,"Damian Jones",23,"GSW","C",4,1,8,1,1,1,0,0,NA,1,1,1,1,1,2,0.5,0,2,2,0,0,0,1,3,3,0,"",1
"727","burtode02",2019,"Deonte Burton",25,"OKC","SG",3,0,4,1,5,0.2,0,2,0,1,3,0.333,0.2,0,0,NA,1,1,2,0,0,0,0,0,2,0,"",1
"728","labissk01",2019,"Skal Labissière",22,"POR","PF",3,0,11,1,4,0.25,0,2,0,1,2,0.5,0.25,0,1,0,0,0,0,0,0,0,0,1,2,0,"",1
"729","leaftj01",2019,"T.J. Leaf",21,"IND","PF",1,0,10,0,3,0,0,1,0,0,2,0,0,2,2,1,1,2,3,0,0,0,0,0,2,0,"",1
"730","leuerjo01",2019,"Jon Leuer",29,"DET","PF",1,0,5,1,2,0.5,0,0,NA,1,2,0.5,0.5,0,1,0,0,0,0,0,0,0,0,1,2,0,"",1
"731","moreler01",2019,"Eric Moreland",27,"TOR","PF",8,0,28,1,2,0.5,0,0,NA,1,2,0.5,0.5,0,0,NA,2,12,14,3,0,0,0,5,2,0,"",1
"732","naderab01",2019,"Abdel Nader",25,"OKC","SF",3,0,5,1,2,0.5,0,0,NA,1,2,0.5,0.5,0,0,NA,0,0,0,0,0,1,0,0,2,0,"",1
"733","netora01",2019,"Raul Neto",26,"UTA","PG",3,0,20,1,6,0.167,0,1,0,1,5,0.2,0.167,0,0,NA,0,3,3,1,0,0,0,2,2,0,"",1
"734","caldejo01",2019,"José Calderón",37,"DET","PG",3,0,10,0,0,NA,0,0,NA,0,0,NA,NA,0,0,NA,0,0,0,5,1,0,0,0,0,0,"",1
"735","clarkga01",2019,"Gary Clark",24,"HOU","PF",2,0,4,0,0,NA,0,0,NA,0,0,NA,NA,0,0,NA,0,1,1,0,0,0,0,0,0,0,"",1
"736","lylestr01",2019,"Trey Lyles",23,"DEN","PF",3,0,8,0,3,0,0,1,0,0,2,0,0,0,0,NA,1,0,1,2,0,0,0,1,0,0,"",1
"737","oquinky01",2019,"Kyle O'Quinn",28,"IND","C",1,0,2,0,0,NA,0,0,NA,0,0,NA,NA,0,0,NA,0,0,0,0,0,0,1,0,0,0,"",1
"738","pondequ01",2019,"Quincy Pondexter",30,"SAS","SF",5,0,12,0,2,0,0,1,0,0,1,0,0,0,0,NA,0,1,1,2,1,0,0,2,0,0,"",1
"739","smithzh01",2019,"Zhaire Smith",19,"PHI","SG",2,0,5,0,0,NA,0,0,NA,0,0,NA,NA,0,0,NA,0,0,0,0,1,0,0,0,0,0,"",1
"740","sumneed01",2019,"Edmond Sumner",23,"IND","PG",1,0,2,0,0,NA,0,0,NA,0,0,NA,NA,0,0,NA,0,2,2,0,0,0,0,0,0,0,"",1
"741","udohek01",2019,"Ekpe Udoh",31,"UTA","C",2,0,6,0,1,0,0,0,NA,0,1,0,0,0,0,NA,0,0,0,0,0,0,0,0,0,0,"",1
"742","vandeja01",2019,"Jarred Vanderbilt",19,"DEN","PF",3,0,5,0,0,NA,0,0,NA,0,0,NA,NA,0,0,NA,0,1,1,0,0,1,0,0,0,0,"",1
