"","key","Year","Player","Age","Team","Pos","G","GS","MP","FG","FGA","FG.","X3P","X3PA","X3P.","X2P","X2PA","X2P.","eFG.","FT","FTA","FT.","ORB","DRB","TRB","AST","STL","BLK","TOV","PF","PTS","Trp.Dbl","Awards","Playoffs"
"1","tatumja01",2023,"Jayson Tatum",24,"BOS","SF",74,74,2732,727,1559,0.466,240,686,0.35,487,873,0.558,0.543,531,622,0.854,78,571,649,342,78,51,213,160,2225,1,"MVP-4,CPOY-10,AS,NBA1",0
"2","embiijo01",2023,"Joel Embiid",28,"PHI","C",66,66,2284,728,1328,0.548,66,200,0.33,662,1128,0.587,0.573,661,771,0.857,113,557,670,274,66,112,226,205,2183,1,"MVP-1,DPOY-9,CPOY-5,AS,NBA1",0
"3","doncilu01",2023,"Luka Dončić",23,"DAL","PG",66,66,2391,719,1449,0.496,185,541,0.342,534,908,0.588,0.56,515,694,0.742,54,515,569,529,90,33,236,166,2138,10,"MVP-8,CPOY-8,AS,NBA1",0
"4","gilgesh01",2023,"Shai Gilgeous-Alexander",24,"OKC","PG",68,68,2416,704,1381,0.51,58,168,0.345,646,1213,0.533,0.531,669,739,0.905,59,270,329,371,112,65,192,192,2135,0,"MVP-5,CPOY-7,AS,NBA1",0
"5","antetgi01",2023,"Giannis Antetokounmpo",28,"MIL","PF",63,63,2024,707,1278,0.553,47,171,0.275,660,1107,0.596,0.572,498,772,0.645,137,605,742,359,52,51,246,197,1959,6,"MVP-3,DPOY-6,AS,NBA1",0
"6","edwaran01",2023,"Anthony Edwards",21,"MIN","SG",79,79,2842,707,1541,0.459,213,578,0.369,494,963,0.513,0.528,319,422,0.756,47,411,458,350,125,58,259,186,1946,0,"AS",0
"7","randlju01",2023,"Julius Randle",28,"NYK","PF",77,77,2737,658,1432,0.459,218,636,0.343,440,796,0.553,0.536,402,531,0.757,141,626,767,316,49,21,216,233,1936,0,"CPOY-14,AS,NBA3",0
"8","mitchdo01",2023,"Donovan Mitchell",26,"CLE","SG",68,68,2432,679,1402,0.484,245,635,0.386,434,767,0.566,0.572,319,368,0.867,63,226,289,301,99,27,180,168,1922,0,"MVP-6,CPOY-6,AS,NBA2",0
"9","youngtr01",2023,"Trae Young",24,"ATL","PG",73,73,2541,597,1390,0.429,154,460,0.335,443,930,0.476,0.485,566,639,0.886,56,161,217,741,80,9,300,104,1914,0,"",0
"10","lavinza01",2023,"Zach LaVine",27,"CHI","SG",77,77,2768,673,1388,0.485,204,544,0.375,469,844,0.556,0.558,363,428,0.848,42,303,345,327,69,18,194,159,1913,0,"",0
"11","lillada01",2023,"Damian Lillard",32,"POR","PG",58,58,2107,556,1202,0.463,244,658,0.371,312,544,0.574,0.564,510,558,0.914,44,233,277,425,50,18,191,109,1866,2,"CPOY-10,AS,NBA3",0
"12","foxde01",2023,"De'Aaron Fox",25,"SAC","PG",73,73,2435,682,1331,0.512,119,367,0.324,563,964,0.584,0.557,343,440,0.78,40,266,306,447,83,23,181,172,1826,0,"MVP-11,CPOY-1,AS,NBA3",0
"13","derozde01",2023,"DeMar DeRozan",33,"CHI","SF",74,74,2682,657,1303,0.504,46,142,0.324,611,1161,0.526,0.522,456,523,0.872,34,309,343,377,83,36,153,186,1816,0,"CPOY-3,AS",0
"14","brownja02",2023,"Jaylen Brown",26,"BOS","SF",67,67,2405,679,1383,0.491,163,487,0.335,516,896,0.576,0.55,263,344,0.765,78,381,459,232,75,26,197,172,1784,0,"AS,NBA2",0
"15","siakapa01",2023,"Pascal Siakam",28,"TOR","PF",71,71,2652,630,1313,0.48,93,287,0.324,537,1026,0.523,0.515,367,474,0.774,131,425,556,415,65,36,169,228,1720,2,"AS",0
"16","markkla01",2023,"Lauri Markkanen",25,"UTA","PF",66,66,2273,571,1145,0.499,200,511,0.391,371,634,0.585,0.586,349,399,0.875,130,440,570,123,42,38,127,137,1691,0,"MIP-1,AS",0
"17","jokicni01",2023,"Nikola Jokić",27,"DEN","C",69,69,2323,646,1022,0.632,57,149,0.383,589,873,0.675,0.66,341,415,0.822,167,650,817,678,87,47,247,174,1690,29,"MVP-2,CPOY-13,AS,NBA2",0
"18","greenja05",2023,"Jalen Green",20,"HOU","SG",76,76,2602,566,1359,0.416,187,554,0.338,379,805,0.471,0.485,364,463,0.786,43,241,284,281,59,18,200,131,1683,0,"",0
"19","poolejo01",2023,"Jordan Poole",23,"GSW","PG",82,43,2458,550,1278,0.43,214,637,0.336,336,641,0.524,0.514,361,415,0.87,32,193,225,369,63,21,252,214,1675,0,"",0
"20","bridgmi01",2023,"Mikal Bridges",26,"2TM","SG",83,83,2963,593,1267,0.468,169,442,0.382,424,825,0.514,0.535,316,353,0.895,79,285,364,273,91,61,127,159,1671,0,"",0
"21","curryst01",2023,"Stephen Curry",34,"GSW","PG",56,56,1941,559,1133,0.493,273,639,0.427,286,494,0.579,0.614,257,281,0.915,39,302,341,352,52,20,179,117,1648,1,"MVP-9,CPOY-9,AS,NBA2",0
"22","brunsja01",2023,"Jalen Brunson",26,"NYK","PG",68,68,2379,587,1195,0.491,134,322,0.416,453,873,0.519,0.547,325,392,0.829,40,201,241,421,61,15,142,152,1633,0,"MVP-12,CPOY-4",0
"23","irvinky01",2023,"Kyrie Irving",30,"2TM","SG",60,60,2241,594,1203,0.494,188,496,0.379,406,707,0.574,0.572,247,273,0.905,59,245,304,331,66,45,128,165,1623,0,"CPOY-12,AS",0
"24","moranja01",2023,"Ja Morant",23,"MEM","PG",61,59,1948,566,1214,0.466,92,300,0.307,474,914,0.519,0.504,372,497,0.748,61,296,357,493,66,16,206,100,1596,7,"MVP-12,AS",0
"25","jamesle01",2023,"LeBron James",38,"LAL","PF",55,54,1954,609,1219,0.5,121,377,0.321,488,842,0.58,0.549,251,327,0.768,65,392,457,375,50,32,178,88,1590,2,"AS,NBA3",0
"26","mccolcj01",2023,"CJ McCollum",31,"NOP","PG",75,75,2649,587,1344,0.437,211,543,0.389,376,801,0.469,0.515,183,238,0.769,55,273,328,429,70,38,183,153,1568,0,"",0
"27","adebaba01",2023,"Bam Adebayo",25,"MIA","C",75,75,2598,602,1114,0.54,1,12,0.083,601,1102,0.545,0.541,324,402,0.806,184,504,688,240,88,61,187,208,1529,0,"DPOY-5,AS,DEF2",0
"28","murrade01",2023,"Dejounte Murray",26,"ATL","SG",74,74,2693,612,1319,0.464,133,387,0.344,479,932,0.514,0.514,158,190,0.832,53,336,389,448,112,19,160,106,1515,1,"",0
"29","sabondo01",2023,"Domantas Sabonis",26,"SAC","C",79,79,2736,577,938,0.615,31,83,0.373,546,855,0.639,0.632,325,438,0.742,251,722,973,573,65,39,230,279,1510,14,"MVP-7,AS,NBA3",0
"30","thompkl01",2023,"Klay Thompson",32,"GSW","SF",69,69,2279,546,1252,0.436,301,731,0.412,245,521,0.47,0.556,116,132,0.879,39,247,286,163,49,29,123,130,1509,0,"",0
"31","porzikr01",2023,"Kristaps Porziņģis",27,"WAS","C",65,65,2120,507,1018,0.498,137,356,0.385,370,662,0.559,0.565,354,416,0.851,114,432,546,174,58,100,137,196,1505,0,"",0
"32","garlada01",2023,"Darius Garland",23,"CLE","PG",69,69,2447,522,1129,0.462,169,412,0.41,353,717,0.492,0.537,277,321,0.863,28,157,185,538,85,9,199,148,1490,0,"",0
"33","wagnefr01",2023,"Franz Wagner",21,"ORL","SF",80,80,2609,542,1118,0.485,130,360,0.361,412,758,0.544,0.543,271,322,0.842,70,259,329,283,77,17,167,183,1485,0,"",0
"34","bookede01",2023,"Devin Booker",26,"PHO","SG",53,53,1835,527,1067,0.494,111,316,0.351,416,751,0.554,0.546,306,358,0.855,46,194,240,293,51,18,145,159,1471,0,"",0
"35","butleji01",2023,"Jimmy Butler",33,"MIA","PF",64,64,2138,479,888,0.539,36,103,0.35,443,785,0.564,0.56,472,555,0.85,141,234,375,340,117,21,101,80,1466,0,"MVP-10,DPOY-12,CPOY-2,NBA2",0
"36","davisan02",2023,"Anthony Davis",29,"LAL","C",56,54,1904,542,962,0.563,19,74,0.257,523,888,0.589,0.573,348,444,0.784,195,507,702,148,59,114,122,146,1451,0,"",0
"37","vucevni01",2023,"Nikola Vučević",32,"CHI","C",82,82,2746,597,1148,0.52,121,347,0.349,476,801,0.594,0.573,132,158,0.835,159,744,903,265,60,57,139,179,1447,1,"",0
"38","banchpa01",2023,"Paolo Banchero",20,"ORL","PF",72,72,2430,479,1122,0.427,85,285,0.298,394,837,0.471,0.465,394,534,0.738,84,413,497,269,60,39,200,160,1437,0,"ROY-1",0
"39","barrerj01",2023,"RJ Barrett",22,"NYK","SG",73,73,2475,510,1176,0.434,121,390,0.31,389,786,0.495,0.485,290,392,0.74,60,308,368,201,31,15,164,179,1431,0,"",0
"40","johnske04",2023,"Keldon Johnson",23,"SAS","SF",63,63,2063,503,1113,0.452,134,407,0.329,369,706,0.523,0.512,245,327,0.749,56,262,318,183,46,11,134,125,1385,0,"",0
"41","dinwisp01",2023,"Spencer Dinwiddie",29,"2TM","SG",79,79,2725,460,1050,0.438,181,490,0.369,279,560,0.498,0.524,268,330,0.812,28,242,270,515,67,24,145,187,1369,0,"",0
"42","duranke01",2023,"Kevin Durant",34,"2TM","PF",47,47,1672,483,862,0.56,93,230,0.404,390,632,0.617,0.614,307,334,0.919,17,296,313,235,34,67,156,99,1366,1,"AS",0
"43","kuzmaky01",2023,"Kyle Kuzma",27,"WAS","PF",64,64,2239,512,1142,0.448,160,481,0.333,352,661,0.533,0.518,173,237,0.73,55,408,463,239,36,29,190,145,1357,1,"",0
"44","herroty01",2023,"Tyler Herro",23,"MIA","SG",67,67,2337,487,1109,0.439,203,537,0.378,284,572,0.497,0.531,170,182,0.934,27,333,360,280,51,16,158,101,1347,1,"",0
"45","hieldbu01",2023,"Buddy Hield",30,"IND","SF",80,73,2482,475,1038,0.458,288,677,0.425,187,361,0.518,0.596,106,129,0.822,67,333,400,225,92,26,139,156,1344,0,"",0
"46","vanvlfr01",2023,"Fred VanVleet",28,"TOR","PG",69,69,2535,437,1112,0.393,207,606,0.342,230,506,0.455,0.486,254,283,0.898,30,250,280,495,123,38,140,193,1335,1,"",0
"47","georgpa01",2023,"Paul George",32,"LAC","SF",56,56,1939,459,1004,0.457,158,426,0.371,301,578,0.521,0.536,256,294,0.871,45,297,342,288,83,20,176,159,1332,1,"AS",0
"48","roziete01",2023,"Terry Rozier",28,"CHO","SG",63,63,2221,493,1188,0.415,165,505,0.327,328,683,0.48,0.484,178,220,0.809,51,208,259,319,74,16,134,119,1329,0,"",0
"49","simonan01",2023,"Anfernee Simons",23,"POR","SG",62,62,2171,467,1045,0.447,212,562,0.377,255,483,0.528,0.548,160,179,0.894,18,143,161,253,42,14,128,142,1306,0,"",0
"50","mathube01",2023,"Bennedict Mathurin",20,"IND","SG",78,17,2222,413,951,0.434,100,310,0.323,313,641,0.488,0.487,376,454,0.828,87,231,318,116,48,13,152,162,1302,0,"ROY-4,6MOY-8",0
"51","murraja01",2023,"Jamal Murray",25,"DEN","PG",65,65,2133,473,1041,0.454,172,432,0.398,301,609,0.494,0.537,180,216,0.833,48,209,257,400,66,16,145,103,1298,1,"",0
"52","grantje01",2023,"Jerami Grant",28,"POR","PF",63,63,2246,434,913,0.475,144,359,0.401,290,554,0.523,0.554,278,342,0.813,53,230,283,150,51,53,116,152,1290,0,"",0
"53","holidjr01",2023,"Jrue Holiday",32,"MIL","PG",67,65,2183,490,1023,0.479,158,411,0.384,332,612,0.542,0.556,152,177,0.859,79,262,341,495,79,25,197,116,1290,0,"DPOY-7,AS,DEF1",0
"54","mobleev01",2023,"Evan Mobley",21,"CLE","PF",79,79,2715,525,947,0.554,22,102,0.216,503,845,0.595,0.566,205,304,0.674,187,524,711,224,60,119,146,218,1277,0,"DPOY-3,DEF1",0
"55","bogdabo02",2023,"Bojan Bogdanović",33,"DET","PF",59,59,1893,430,882,0.488,145,353,0.411,285,529,0.539,0.57,268,303,0.884,36,187,223,152,34,8,135,113,1273,0,"",0
"56","clarkjo01",2023,"Jordan Clarkson",30,"UTA","SG",61,61,1988,458,1031,0.444,155,459,0.338,303,572,0.53,0.519,200,245,0.816,72,174,246,270,33,13,186,120,1271,0,"",0
"57","russeda01",2023,"D'Angelo Russell",26,"2TM","PG",71,71,2304,445,948,0.469,194,490,0.396,251,458,0.548,0.572,179,216,0.829,35,180,215,437,70,29,186,140,1263,0,"",0
"58","giddejo01",2023,"Josh Giddey",20,"OKC","PF",76,76,2367,539,1118,0.482,76,234,0.325,463,884,0.524,0.516,106,145,0.731,148,451,599,469,57,31,211,143,1260,4,"",0
"59","banede01",2023,"Desmond Bane",24,"MEM","SG",58,58,1841,450,939,0.479,166,407,0.408,284,532,0.534,0.568,181,205,0.883,43,248,291,254,56,22,126,150,1247,0,"",0
"60","leonaka01",2023,"Kawhi Leonard",31,"LAC","SF",52,50,1748,446,871,0.512,104,250,0.416,342,621,0.551,0.572,243,279,0.871,57,281,338,204,72,28,88,84,1239,0,"",0
"61","lopezbr01",2023,"Brook Lopez",34,"MIL","C",78,78,2373,477,899,0.531,136,364,0.374,341,535,0.637,0.606,149,190,0.784,157,363,520,99,37,193,107,203,1239,0,"DPOY-2,DEF1",0
"62","barneha02",2023,"Harrison Barnes",30,"SAC","PF",82,82,2662,374,791,0.473,132,353,0.374,242,438,0.553,0.556,350,413,0.847,87,279,366,128,57,10,86,103,1230,0,"",0
"63","maxeyty01",2023,"Tyrese Maxey",22,"PHI","SG",60,41,2016,439,913,0.481,160,369,0.434,279,544,0.513,0.568,180,213,0.845,23,153,176,212,49,8,80,132,1218,0,"",0
"64","hardeja01",2023,"James Harden",33,"PHI","PG",58,58,2135,371,842,0.441,161,418,0.385,210,424,0.495,0.536,313,361,0.867,40,314,354,618,71,31,195,112,1216,5,"",0
"65","quickim01",2023,"Immanuel Quickley",23,"NYK","SG",81,21,2344,419,936,0.448,168,454,0.37,251,482,0.521,0.537,203,248,0.819,58,279,337,279,80,14,100,166,1209,0,"6MOY-2",0
"66","iveyja01",2023,"Jaden Ivey",20,"DET","SG",74,73,2304,409,983,0.416,120,350,0.343,289,633,0.457,0.477,266,356,0.747,73,215,288,387,61,17,237,242,1204,0,"ROY-6",0
"67","aytonde01",2023,"Deandre Ayton",24,"PHO","C",67,67,2035,522,887,0.589,7,24,0.292,515,863,0.597,0.592,152,200,0.76,172,495,667,115,37,53,120,190,1203,0,"",0
"68","barnesc01",2023,"Scottie Barnes",21,"TOR","SF",77,76,2678,463,1016,0.456,63,224,0.281,400,792,0.505,0.487,190,246,0.772,179,333,512,371,83,61,154,170,1179,1,"",0
"69","jacksja02",2023,"Jaren Jackson Jr.",23,"MEM","C",63,63,1787,416,822,0.506,100,282,0.355,316,540,0.585,0.567,241,306,0.788,108,318,426,60,65,189,107,227,1173,0,"DPOY-1,AS,DEF1",0
"70","bealbr01",2023,"Bradley Beal",29,"WAS","SG",50,50,1673,444,878,0.506,80,219,0.365,364,659,0.552,0.551,192,228,0.842,41,155,196,271,45,33,145,107,1160,0,"",0
"71","halibty01",2023,"Tyrese Haliburton",22,"IND","PG",56,56,1883,412,841,0.49,161,402,0.4,251,439,0.572,0.586,175,201,0.871,33,172,205,585,91,25,141,69,1160,0,"AS",0
"72","westbru01",2023,"Russell Westbrook",34,"2TM","PG",73,24,2126,432,991,0.436,89,286,0.311,343,705,0.487,0.481,206,314,0.656,89,334,423,551,76,33,255,162,1159,4,"6MOY-9",0
"73","murphtr02",2023,"Trey Murphy III",22,"NOP","SF",79,65,2448,387,800,0.484,202,497,0.406,185,303,0.611,0.61,172,190,0.905,59,222,281,112,89,43,61,155,1148,0,"",0
"74","trentga02",2023,"Gary Trent Jr.",24,"TOR","SG",66,44,2118,405,935,0.433,166,450,0.369,239,485,0.493,0.522,172,205,0.839,30,143,173,106,104,14,55,102,1148,0,"",0
"75","washipj01",2023,"P.J. Washington",24,"CHO","PF",73,73,2380,434,978,0.444,149,428,0.348,285,550,0.518,0.52,127,174,0.73,73,285,358,175,66,79,110,193,1144,0,"",0
"76","huertke01",2023,"Kevin Huerter",24,"SAC","SG",75,75,2203,420,866,0.485,205,510,0.402,215,356,0.604,0.603,95,131,0.725,42,209,251,221,80,24,97,181,1140,0,"",0
"77","porteke02",2023,"Kevin Porter Jr.",22,"HOU","PG",59,59,2024,391,884,0.442,141,385,0.366,250,499,0.501,0.522,207,264,0.784,76,238,314,338,82,17,188,156,1130,1,"",0
"78","anunoog01",2023,"OG Anunoby",25,"TOR","SF",67,67,2386,421,885,0.476,142,367,0.387,279,518,0.539,0.556,140,167,0.838,95,237,332,131,128,50,132,200,1124,0,"DPOY-7,DEF2",0
"79","valanjo01",2023,"Jonas Valančiūnas",30,"NOP","C",79,79,1968,446,816,0.547,38,109,0.349,408,707,0.577,0.57,185,224,0.826,225,579,804,140,20,52,159,245,1115,0,"",0
"80","woodch01",2023,"Christian Wood",27,"DAL","C",67,17,1738,396,769,0.515,105,279,0.376,291,490,0.594,0.583,217,281,0.772,87,404,491,121,30,72,121,169,1114,0,"6MOY-9",0
"81","turnemy01",2023,"Myles Turner",26,"IND","C",62,62,1825,402,733,0.548,93,249,0.373,309,484,0.638,0.612,216,276,0.783,88,378,466,89,36,140,103,215,1113,0,"",0
"82","ingrabr01",2023,"Brandon Ingram",25,"NOP","SF",45,45,1538,404,835,0.484,64,164,0.39,340,671,0.507,0.522,240,272,0.882,23,223,246,262,32,19,148,116,1112,2,"",0
"83","gordoaa01",2023,"Aaron Gordon",27,"DEN","PF",68,68,2055,429,761,0.564,60,173,0.347,369,588,0.628,0.603,191,314,0.608,164,282,446,203,54,51,98,129,1109,0,"",0
"84","sengual01",2023,"Alperen Şengün",20,"HOU","C",75,72,2171,442,799,0.553,19,57,0.333,423,742,0.57,0.565,206,288,0.715,242,436,678,291,70,70,193,258,1109,2,"",0
"85","harrito02",2023,"Tobias Harris",30,"PHI","SF",74,74,2436,423,845,0.501,126,324,0.389,297,521,0.57,0.575,113,129,0.876,67,357,424,186,68,40,89,149,1085,0,"",0
"86","portemi01",2023,"Michael Porter Jr.",24,"DEN","SF",62,62,1798,398,817,0.487,188,454,0.414,210,363,0.579,0.602,96,120,0.8,64,277,341,65,37,29,68,119,1080,0,"",0
"87","beysa01",2023,"Saddiq Bey",23,"2TM","SF",77,37,2129,353,836,0.422,151,418,0.361,202,418,0.483,0.513,205,238,0.861,98,264,362,118,70,13,71,123,1062,0,"",0
"88","willija06",2023,"Jalen Williams",21,"OKC","SG",75,62,2276,414,794,0.521,73,205,0.356,341,589,0.579,0.567,155,191,0.812,84,253,337,248,103,35,123,191,1056,0,"ROY-2",0
"89","brookdi01",2023,"Dillon Brooks",27,"MEM","SF",73,73,2214,392,991,0.396,143,439,0.326,249,552,0.451,0.468,120,154,0.779,45,199,244,189,65,16,104,240,1047,0,"DEF2",0
"90","monkma01",2023,"Malik Monk",24,"SAC","SG",77,0,1719,357,796,0.448,143,398,0.359,214,398,0.538,0.538,184,207,0.889,32,171,203,298,49,20,146,125,1041,0,"6MOY-5",0
"91","martike04",2023,"KJ Martin",22,"HOU","SF",82,49,2292,410,720,0.569,68,216,0.315,342,504,0.679,0.617,151,222,0.68,126,326,452,123,41,30,91,147,1039,0,"",0
"92","huntede01",2023,"De'Andre Hunter",25,"ATL","SF",67,67,2126,379,822,0.461,100,286,0.35,279,536,0.521,0.522,171,207,0.826,46,238,284,94,35,17,82,199,1029,0,"",0
"93","beaslma01",2023,"Malik Beasley",26,"2TM","SG",81,27,2093,370,937,0.395,235,658,0.357,135,279,0.484,0.52,50,65,0.769,35,248,283,124,65,9,90,107,1025,0,"",0
"94","hardati02",2023,"Tim Hardaway Jr.",30,"DAL","SF",71,45,2152,340,847,0.401,212,550,0.385,128,297,0.431,0.527,127,165,0.77,21,230,251,129,49,12,60,120,1019,0,"",0
"95","powelno01",2023,"Norman Powell",29,"LAC","SG",60,8,1567,340,710,0.479,114,287,0.397,226,423,0.534,0.559,225,277,0.812,24,151,175,109,50,18,101,125,1019,0,"6MOY-4",0
"96","whitede01",2023,"Derrick White",28,"BOS","SG",82,70,2319,350,758,0.462,149,391,0.381,201,367,0.548,0.56,168,192,0.875,52,241,293,321,54,76,95,177,1017,0,"DEF2",0
"97","dortlu01",2023,"Luguentz Dort",23,"OKC","SF",74,73,2272,339,873,0.388,135,409,0.33,204,464,0.44,0.466,200,259,0.772,128,216,344,154,75,23,92,243,1013,0,"",0
"98","smithja05",2023,"Jabari Smith Jr.",19,"HOU","PF",79,79,2451,364,892,0.408,120,391,0.307,244,501,0.487,0.475,162,206,0.786,122,447,569,101,43,74,104,227,1010,0,"",0
"99","brogdma01",2023,"Malcolm Brogdon",30,"BOS","PG",67,0,1744,354,732,0.484,132,297,0.444,222,435,0.51,0.574,160,184,0.87,42,238,280,248,45,18,98,109,1000,0,"6MOY-1",0
"100","portibo01",2023,"Bobby Portis",27,"MIL","PF",70,22,1818,398,803,0.496,95,257,0.37,303,546,0.555,0.555,96,125,0.768,154,518,672,105,29,16,81,115,987,0,"6MOY-3",0
"101","murrake02",2023,"Keegan Murray",22,"SAC","SF",80,78,2382,354,782,0.453,206,501,0.411,148,281,0.527,0.584,62,81,0.765,89,282,371,98,61,42,60,162,976,0,"ROY-5",0
"102","oubreke01",2023,"Kelly Oubre Jr.",27,"CHO","SF",48,40,1548,353,819,0.431,108,339,0.319,245,480,0.51,0.497,158,208,0.76,65,184,249,54,68,18,64,141,972,0,"",0
"103","allenja01",2023,"Jarrett Allen",24,"CLE","C",68,68,2220,403,626,0.644,1,10,0.1,402,616,0.653,0.645,162,221,0.733,221,445,666,113,54,84,93,153,969,0,"",0
"104","claxtni01",2023,"Nic Claxton",23,"BRK","C",76,76,2271,414,587,0.705,0,2,0,414,585,0.708,0.705,133,246,0.541,184,518,702,144,65,189,96,212,961,0,"DPOY-9",0
"105","mcdanja02",2023,"Jaden McDaniels",22,"MIN","SF",79,79,2416,370,716,0.517,107,269,0.398,263,447,0.588,0.591,106,144,0.736,92,215,307,148,74,76,112,272,953,0,"",0
"106","goberru01",2023,"Rudy Gobert",30,"MIN","C",70,70,2148,360,546,0.659,0,3,0,360,543,0.663,0.659,219,340,0.644,231,583,814,87,56,95,122,210,939,0,"",0
"107","collijo01",2023,"John Collins",25,"ATL","PF",71,71,2130,359,707,0.508,70,240,0.292,289,467,0.619,0.557,143,178,0.803,77,385,462,85,42,73,79,220,931,0,"",0
"108","brownbr01",2023,"Bruce Brown",26,"DEN","SF",80,31,2280,358,741,0.483,91,254,0.358,267,487,0.548,0.545,116,153,0.758,63,265,328,268,87,51,123,190,923,1,"",0
"109","strusma01",2023,"Max Strus",26,"MIA","SF",80,33,2272,324,790,0.41,197,563,0.35,127,227,0.559,0.535,78,89,0.876,49,209,258,171,42,12,70,166,923,0,"",0
"110","leverca01",2023,"Caris LeVert",28,"CLE","SG",74,30,2237,320,742,0.431,127,324,0.392,193,418,0.462,0.517,130,180,0.722,53,229,282,287,72,24,116,170,897,0,"",0
"111","poeltja01",2023,"Jakob Poeltl",27,"2TM","C",72,71,1906,389,618,0.629,0,1,0,389,617,0.63,0.629,119,201,0.592,236,417,653,197,66,86,125,195,897,0,"",0
"112","jonestr01",2023,"Tre Jones",23,"SAS","PG",68,65,1984,341,743,0.459,45,158,0.285,296,585,0.506,0.489,148,172,0.86,56,189,245,448,89,9,110,98,875,2,"",0
"113","cartewe01",2023,"Wendell Carter Jr.",23,"ORL","C",57,54,1690,322,613,0.525,80,225,0.356,242,388,0.624,0.591,144,195,0.738,120,377,497,132,30,33,106,159,868,0,"",0
"114","plumlma01",2023,"Mason Plumlee",32,"2TM","C",79,60,2054,329,484,0.68,0,0,NA,329,484,0.68,0.68,199,313,0.636,229,471,700,245,46,47,117,217,857,0,"",0
"115","gordoer01",2023,"Eric Gordon",34,"2TM","SG",69,58,1965,291,653,0.446,132,356,0.371,159,297,0.535,0.547,142,173,0.821,16,118,134,183,43,25,104,78,856,0,"",0
"116","olynyke01",2023,"Kelly Olynyk",31,"UTA","C",68,68,1942,278,557,0.499,93,236,0.394,185,321,0.576,0.583,198,232,0.853,82,338,420,252,60,37,168,232,847,0,"",0
"117","ballla01",2023,"LaMelo Ball",21,"CHO","PG",36,36,1268,296,721,0.411,144,383,0.376,152,338,0.45,0.51,102,122,0.836,42,189,231,304,46,11,129,118,838,3,"",0
"118","fultzma01",2023,"Markelle Fultz",24,"ORL","PG",60,60,1778,349,679,0.514,27,87,0.31,322,592,0.544,0.534,112,143,0.783,69,165,234,341,87,26,139,131,837,0,"",0
"119","reaveau01",2023,"Austin Reaves",24,"LAL","SG",64,22,1843,259,490,0.529,86,216,0.398,173,274,0.631,0.616,229,265,0.864,33,160,193,215,33,19,99,108,833,0,"6MOY-7",0
"120","willipa01",2023,"Patrick Williams",21,"CHI","PF",82,65,2323,314,677,0.464,115,277,0.415,199,400,0.498,0.549,90,105,0.857,78,249,327,100,72,70,101,147,833,0,"",0
"121","schrode01",2023,"Dennis Schröder",29,"LAL","PG",66,50,1986,270,650,0.415,74,225,0.329,196,425,0.461,0.472,216,252,0.857,21,144,165,298,50,10,112,145,830,0,"",0
"122","jonesty01",2023,"Tyus Jones",26,"MEM","PG",80,22,1940,311,710,0.438,121,326,0.371,190,384,0.495,0.523,80,100,0.8,28,172,200,417,83,6,74,32,823,1,"6MOY-6",0
"123","caldwke01",2023,"Kentavious Caldwell-Pope",29,"DEN","SG",76,76,2381,292,632,0.462,135,319,0.423,157,313,0.502,0.569,103,125,0.824,35,173,208,183,112,35,86,145,822,0,"",0
"124","kispeco01",2023,"Corey Kispert",23,"WAS","SF",74,45,2093,291,585,0.497,163,384,0.424,128,201,0.637,0.637,75,88,0.852,33,174,207,87,32,9,55,97,820,0,"",0
"125","paulch01",2023,"Chris Paul",37,"PHO","PG",59,59,1889,294,668,0.44,98,261,0.375,196,407,0.482,0.513,133,160,0.831,27,224,251,524,91,22,114,126,819,0,"",0
"126","zubaciv01",2023,"Ivica Zubac",25,"LAC","C",76,76,2170,326,514,0.634,0,2,0,326,512,0.637,0.634,166,238,0.697,236,520,756,77,29,98,117,219,818,0,"",0
"127","grimequ01",2023,"Quentin Grimes",22,"NYK","SG",71,66,2121,282,602,0.468,157,407,0.386,125,195,0.641,0.599,78,98,0.796,49,180,229,150,47,26,69,177,799,0,"",0
"128","conlemi01",2023,"Mike Conley",35,"2TM","PG",67,66,2029,261,610,0.428,135,351,0.385,126,259,0.486,0.539,141,169,0.834,33,149,182,450,73,14,103,139,798,0,"",0
"129","okongon01",2023,"Onyeka Okongwu",22,"ATL","C",80,18,1849,317,497,0.638,4,13,0.308,313,484,0.647,0.642,153,196,0.781,217,359,576,81,56,107,81,251,791,0,"",0
"130","sharpsh01",2023,"Shaedon Sharpe",19,"POR","SG",80,15,1779,306,648,0.472,102,283,0.36,204,365,0.559,0.551,75,105,0.714,63,173,236,94,38,24,83,136,789,0,"",0
"131","hayeski01",2023,"Killian Hayes",21,"DET","PG",76,56,2154,307,815,0.377,80,286,0.28,227,529,0.429,0.426,92,112,0.821,28,193,221,470,104,28,173,219,786,0,"",0
"132","anthoco01",2023,"Cole Anthony",22,"ORL","PG",60,4,1552,277,610,0.454,75,206,0.364,202,404,0.5,0.516,152,170,0.894,47,241,288,235,37,31,91,158,781,0,"",0
"133","reidna01",2023,"Naz Reid",23,"MIN","C",68,11,1251,310,577,0.537,75,217,0.346,235,360,0.653,0.602,86,127,0.677,73,260,333,77,42,53,92,176,781,0,"",0
"134","meltode01",2023,"De'Anthony Melton",24,"PHI","SG",77,58,2150,277,651,0.425,157,403,0.39,120,248,0.484,0.546,69,87,0.793,69,243,312,197,126,41,102,191,780,0,"",0
"135","capelca01",2023,"Clint Capela",28,"ATL","C",65,63,1730,350,536,0.653,0,1,0,350,535,0.654,0.653,79,131,0.603,258,459,717,58,45,79,54,139,779,0,"",0
"136","easonta01",2023,"Tari Eason",21,"HOU","PF",82,5,1767,296,660,0.448,59,172,0.343,237,488,0.486,0.493,109,145,0.752,195,301,496,88,96,47,101,189,760,0,"",0
"137","bogdabo01",2023,"Bogdan Bogdanović",30,"ATL","SG",54,9,1508,273,611,0.447,146,360,0.406,127,251,0.506,0.566,64,77,0.831,23,142,165,150,43,18,65,86,756,0,"",0
"138","mcdanja01",2023,"Jalen McDaniels",25,"2TM","SF",80,24,1913,281,617,0.455,77,232,0.332,204,385,0.53,0.518,116,138,0.841,63,283,346,130,83,34,93,209,755,0,"",0
"139","willizi01",2023,"Zion Williamson",22,"NOP","PF",29,29,956,285,469,0.608,7,19,0.368,278,450,0.618,0.615,177,248,0.714,58,144,202,133,32,16,99,65,754,0,"AS",0
"140","allengr01",2023,"Grayson Allen",27,"MIL","SG",72,70,1972,245,557,0.44,146,366,0.399,99,191,0.518,0.571,114,126,0.905,61,176,237,163,62,14,72,117,750,0,"",0
"141","hartjo01",2023,"Josh Hart",27,"2TM","SF",76,52,2454,275,520,0.529,61,164,0.372,214,356,0.601,0.588,132,176,0.75,142,451,593,290,88,21,117,195,743,0,"",0
"142","nesmiaa01",2023,"Aaron Nesmith",23,"IND","SF",73,60,1816,252,590,0.427,115,314,0.366,137,276,0.496,0.525,119,142,0.838,62,215,277,98,55,34,75,235,738,0,"",0
"143","haywago01",2023,"Gordon Hayward",32,"CHO","SF",50,50,1577,276,581,0.475,52,160,0.325,224,421,0.532,0.52,129,159,0.811,33,182,215,206,42,12,99,70,733,0,"",0
"144","colliza01",2023,"Zach Collins",25,"SAS","C",63,26,1441,284,548,0.518,55,147,0.374,229,401,0.571,0.568,108,142,0.761,116,286,402,180,37,49,129,199,731,0,"",0
"145","morrima03",2023,"Marcus Morris",33,"LAC","PF",65,65,1825,274,643,0.426,112,308,0.364,162,335,0.484,0.513,68,87,0.782,29,229,258,114,42,21,56,136,728,0,"",0
"146","whiteco01",2023,"Coby White",22,"CHI","SG",74,2,1730,263,594,0.443,128,344,0.372,135,250,0.54,0.551,61,70,0.871,16,196,212,204,54,6,74,122,715,0,"",0
"147","mannte01",2023,"Terance Mann",26,"LAC","SG",81,36,1872,272,524,0.519,77,198,0.389,195,326,0.598,0.593,92,118,0.78,77,199,276,184,42,22,80,149,713,0,"",0
"148","bouchch01",2023,"Chris Boucher",30,"TOR","PF",76,0,1523,261,529,0.493,62,189,0.328,199,340,0.585,0.552,128,168,0.762,157,264,421,29,47,64,41,143,712,0,"",0
"149","nembhan01",2023,"Andrew Nembhard",23,"IND","SG",75,63,2073,284,644,0.441,92,263,0.35,192,381,0.504,0.512,49,62,0.79,35,164,199,341,70,13,126,179,709,0,"",0
"150","hachiru01",2023,"Rui Hachimura",24,"2TM","PF",63,9,1466,284,584,0.486,51,160,0.319,233,424,0.55,0.53,88,119,0.739,53,230,283,58,19,26,53,72,707,0,"",0
"151","gaffoda01",2023,"Daniel Gafford",24,"WAS","C",78,47,1604,289,395,0.732,0,0,NA,289,395,0.732,0.732,127,187,0.679,163,270,433,84,33,99,85,187,705,0,"",0
"152","nowelja01",2023,"Jaylen Nowell",23,"MIN","SG",65,2,1252,280,625,0.448,67,232,0.289,213,393,0.542,0.502,77,99,0.778,36,134,170,132,42,5,65,101,704,0,"",0
"153","smartma01",2023,"Marcus Smart",28,"BOS","PG",61,61,1957,250,602,0.415,115,342,0.336,135,260,0.519,0.511,88,118,0.746,46,145,191,382,93,23,143,172,703,0,"",0
"154","vassede01",2023,"Devin Vassell",22,"SAS","SG",38,32,1178,261,595,0.439,103,266,0.387,158,329,0.48,0.525,78,100,0.78,8,140,148,136,43,17,57,57,703,0,"",0
"155","hortota01",2023,"Talen Horton-Tucker",22,"UTA","SG",65,20,1313,257,613,0.419,58,203,0.286,199,410,0.485,0.467,126,168,0.75,41,169,210,246,41,29,126,108,698,0,"",0
"156","marshna01",2023,"Naji Marshall",25,"NOP","SF",77,21,1792,247,571,0.433,66,218,0.303,181,353,0.513,0.49,138,175,0.789,48,231,279,189,54,14,97,113,698,0,"",0
"157","avdijde01",2023,"Deni Avdija",22,"WAS","SF",76,40,2020,253,579,0.437,69,232,0.297,184,347,0.53,0.497,122,165,0.739,74,413,487,211,65,29,123,209,697,0,"",0
"158","aldamsa01",2023,"Santi Aldama",22,"MEM","PF",77,20,1682,247,525,0.47,94,266,0.353,153,259,0.591,0.56,108,144,0.75,85,286,371,97,45,48,60,143,696,0,"",0
"159","nurkiju01",2023,"Jusuf Nurkić",28,"POR","C",52,52,1391,262,505,0.519,43,119,0.361,219,386,0.567,0.561,127,192,0.661,114,357,471,149,43,44,119,185,694,0,"",0
"160","jacksre01",2023,"Reggie Jackson",32,"2TM","PG",68,40,1657,263,640,0.411,96,288,0.333,167,352,0.474,0.486,71,78,0.91,25,119,144,233,47,6,115,114,693,0,"",0
"161","joeis01",2023,"Isaiah Joe",23,"OKC","SG",73,10,1395,224,508,0.441,161,394,0.409,63,114,0.553,0.599,82,100,0.82,27,148,175,88,48,8,39,105,691,0,"",0
"162","dosunay01",2023,"Ayo Dosunmu",23,"CHI","SG",80,51,2098,281,570,0.493,59,189,0.312,222,381,0.583,0.545,66,82,0.805,45,175,220,206,62,26,99,182,687,0,"",0
"163","sextoco01",2023,"Collin Sexton",24,"UTA","PG",48,15,1145,237,468,0.506,48,122,0.393,189,346,0.546,0.558,163,199,0.819,37,68,105,138,27,6,85,112,685,0,"",0
"164","martica02",2023,"Caleb Martin",27,"MIA","SF",71,49,2077,254,548,0.464,84,236,0.356,170,312,0.545,0.54,91,113,0.805,88,256,344,117,71,31,78,145,683,0,"",0
"165","kesslwa01",2023,"Walker Kessler",21,"UTA","C",74,40,1703,298,414,0.72,1,3,0.333,297,411,0.723,0.721,82,159,0.516,231,389,620,69,26,173,58,169,679,0,"ROY-3",0
"166","divindo01",2023,"Donte DiVincenzo",26,"GSW","SG",72,36,1894,235,540,0.435,150,378,0.397,85,162,0.525,0.574,58,71,0.817,80,245,325,252,97,10,112,133,678,0,"",0
"167","branhma01",2023,"Malaki Branham",19,"SAS","SG",66,32,1550,269,611,0.44,77,255,0.302,192,356,0.539,0.503,58,70,0.829,28,153,181,127,33,7,76,115,673,0,"",0
"168","onealro01",2023,"Royce O'Neale",29,"BRK","SF",76,53,2409,229,593,0.386,163,419,0.389,66,174,0.379,0.524,50,69,0.725,55,329,384,283,65,49,114,239,671,1,"",0
"169","osmande01",2023,"Cedi Osman",27,"CLE","SF",77,2,1548,239,530,0.451,116,312,0.372,123,218,0.564,0.56,75,108,0.694,25,151,176,115,35,11,52,122,669,0,"",0
"170","kuminjo01",2023,"Jonathan Kuminga",20,"GSW","PF",67,16,1394,261,497,0.525,54,146,0.37,207,351,0.59,0.579,90,138,0.652,70,161,231,125,41,31,95,157,666,0,"",0
"171","hylanbo01",2023,"Bones Hyland",22,"2TM","PG",56,1,1085,228,571,0.399,117,315,0.371,111,256,0.434,0.502,86,102,0.843,20,115,135,172,39,15,82,96,659,0,"",0
"172","mcderdo01",2023,"Doug McDermott",31,"SAS","SF",64,0,1314,239,523,0.457,123,298,0.413,116,225,0.516,0.575,53,70,0.757,23,116,139,91,13,6,58,118,654,0,"",0
"173","walkelo01",2023,"Lonnie Walker IV",24,"LAL","SG",56,32,1297,236,527,0.448,91,249,0.365,145,278,0.522,0.534,91,106,0.858,14,95,109,64,30,17,46,71,654,0,"",0
"174","richajo01",2023,"Josh Richardson",29,"2TM","SG",65,10,1530,239,554,0.431,107,293,0.365,132,261,0.506,0.528,69,81,0.852,41,134,175,174,69,20,86,117,654,0,"",0
"175","burksal01",2023,"Alec Burks",31,"DET","SG",51,8,1122,200,459,0.436,99,239,0.414,101,220,0.459,0.544,153,188,0.814,19,139,158,114,38,8,58,98,652,0,"",0
"176","carteje01",2023,"Jevon Carter",27,"MIL","PG",81,39,1810,239,565,0.423,142,337,0.421,97,228,0.425,0.549,31,38,0.816,35,167,202,197,66,29,78,158,651,0,"",0
"177","mccontj01",2023,"T.J. McConnell",30,"IND","PG",75,6,1526,283,521,0.543,26,59,0.441,257,462,0.556,0.568,58,68,0.853,45,189,234,397,81,10,143,105,650,1,"",0
"178","johnsca02",2023,"Cameron Johnson",26,"2TM","PF",42,41,1199,223,474,0.47,103,255,0.404,120,219,0.548,0.579,101,120,0.842,34,151,185,78,50,14,37,83,650,0,"",0
"179","joneshe01",2023,"Herbert Jones",24,"NOP","PF",66,66,1951,235,501,0.469,56,167,0.335,179,334,0.536,0.525,123,161,0.764,97,172,269,162,103,42,88,208,649,0,"",0
"180","anderky01",2023,"Kyle Anderson",29,"MIN","PF",69,46,1957,252,495,0.509,43,105,0.41,209,390,0.536,0.553,100,136,0.735,66,302,368,335,78,63,103,146,647,3,"",0
"181","bateske01",2023,"Keita Bates-Diop",27,"SAS","PF",67,42,1452,236,465,0.508,56,142,0.394,180,323,0.557,0.568,119,150,0.793,65,183,248,103,46,20,56,63,647,0,"",0
"182","smithja04",2023,"Jalen Smith",22,"IND","C",68,31,1279,242,508,0.476,54,191,0.283,188,317,0.593,0.53,104,137,0.759,129,265,394,66,21,60,72,153,642,0,"",0
"183","vincega01",2023,"Gabe Vincent",26,"MIA","PG",68,34,1759,228,567,0.402,117,350,0.334,111,217,0.512,0.505,68,78,0.872,27,118,145,167,62,5,92,154,641,0,"",0
"184","willigr01",2023,"Grant Williams",24,"BOS","PF",79,23,2045,216,476,0.454,115,291,0.395,101,185,0.546,0.575,94,122,0.77,87,276,363,131,41,31,82,192,641,0,"",0
"185","griffaj01",2023,"AJ Griffin",19,"ATL","SF",72,12,1401,248,533,0.465,101,259,0.39,147,274,0.536,0.56,42,47,0.894,37,116,153,73,42,12,42,87,639,0,"",0
"186","miltosh01",2023,"Shake Milton",26,"PHI","SG",76,11,1567,241,503,0.479,56,148,0.378,185,355,0.521,0.535,99,116,0.853,39,152,191,240,25,13,94,123,637,0,"",0
"187","niangge01",2023,"Georges Niang",29,"PHI","PF",78,1,1512,222,502,0.442,154,384,0.401,68,118,0.576,0.596,39,45,0.867,19,166,185,77,30,14,54,145,637,0,"",0
"188","morrimo01",2023,"Monte Morris",27,"WAS","PG",62,61,1695,247,515,0.48,78,204,0.382,169,311,0.543,0.555,64,77,0.831,26,184,210,326,43,13,60,75,636,0,"",0
"189","bolbo01",2023,"Bol Bol",23,"ORL","PF",70,33,1505,261,478,0.546,30,113,0.265,231,365,0.633,0.577,82,108,0.759,69,336,405,69,30,85,112,92,634,0,"",0
"190","wiggian01",2023,"Andrew Wiggins",27,"GSW","SF",37,37,1190,250,529,0.473,89,225,0.396,161,304,0.53,0.557,44,72,0.611,61,125,186,85,45,28,48,107,633,0,"",0
"191","vandeja01",2023,"Jarred Vanderbilt",23,"2TM","PF",78,65,1879,247,451,0.548,29,90,0.322,218,361,0.604,0.58,96,139,0.691,170,412,582,184,83,21,97,190,619,0,"",0
"192","greendr01",2023,"Draymond Green",32,"GSW","PF",73,73,2297,250,474,0.527,40,131,0.305,210,343,0.612,0.57,77,108,0.713,66,459,525,500,74,60,204,229,617,0,"DPOY-4,DEF2",0
"193","horfoal01",2023,"Al Horford",36,"BOS","C",63,63,1922,228,479,0.476,145,325,0.446,83,154,0.539,0.627,15,21,0.714,73,317,390,189,30,61,37,121,616,0,"",0
"194","lowryky01",2023,"Kyle Lowry",36,"MIA","PG",55,44,1718,196,485,0.404,107,310,0.345,89,175,0.509,0.514,116,135,0.859,43,182,225,281,57,21,103,143,615,1,"",0
"195","sochaje01",2023,"Jeremy Sochan",19,"SAS","PF",56,53,1458,250,552,0.453,33,134,0.246,217,418,0.519,0.483,81,116,0.698,95,200,295,142,43,23,97,138,614,0,"",0
"196","durenja01",2023,"Jalen Duren",19,"DET","C",67,31,1670,258,398,0.648,0,2,0,258,396,0.652,0.648,96,157,0.611,229,366,595,75,44,59,92,182,612,0,"",0
"197","leeda03",2023,"Damion Lee",30,"PHO","SG",74,5,1506,200,452,0.442,110,247,0.445,90,205,0.439,0.564,94,104,0.904,39,186,225,99,30,7,78,118,604,0,"",0
"198","thomaca02",2023,"Cam Thomas",21,"BRK","SG",57,4,948,201,456,0.441,51,133,0.383,150,323,0.464,0.497,151,174,0.868,8,87,95,78,20,7,63,55,604,0,"",0
"199","townska01",2023,"Karl-Anthony Towns",27,"MIN","PF",29,29,957,212,428,0.495,60,164,0.366,152,264,0.576,0.565,118,135,0.874,48,188,236,140,20,17,86,111,602,0,"",0
"200","wagnemo01",2023,"Moritz Wagner",25,"ORL","C",57,18,1109,198,396,0.5,51,163,0.313,147,233,0.631,0.564,153,182,0.841,69,190,259,84,37,13,68,136,600,0,"",0
"201","craigto01",2023,"Torrey Craig",32,"PHO","PF",79,60,1948,228,500,0.456,100,253,0.395,128,247,0.518,0.556,32,45,0.711,145,281,426,117,50,62,73,179,588,0,"",0
"202","bryanth01",2023,"Thomas Bryant",25,"2TM","C",59,26,1081,230,369,0.623,26,59,0.441,204,310,0.658,0.659,93,126,0.738,86,253,339,31,16,30,38,102,579,0,"",0
"203","looneke01",2023,"Kevon Looney",26,"GSW","C",82,70,1958,242,384,0.63,0,1,0,242,383,0.632,0.63,94,155,0.606,274,486,760,207,52,50,45,225,578,0,"",0
"204","stewais01",2023,"Isaiah Stewart",21,"DET","C",50,47,1414,195,441,0.442,67,205,0.327,128,236,0.542,0.518,110,149,0.738,115,288,403,70,20,34,68,133,567,0,"",0
"205","harrijo01",2023,"Joe Harris",31,"BRK","SF",74,33,1527,201,440,0.457,142,333,0.426,59,107,0.551,0.618,18,28,0.643,23,141,164,101,34,13,41,140,562,0,"",0
"206","lylestr01",2023,"Trey Lyles",27,"SAC","PF",74,0,1247,187,408,0.458,87,240,0.363,100,168,0.595,0.565,101,124,0.815,68,232,300,66,27,31,64,97,562,0,"",0
"207","bullore01",2023,"Reggie Bullock",31,"DAL","SF",78,55,2364,192,470,0.409,151,397,0.38,41,73,0.562,0.569,26,37,0.703,32,251,283,108,54,13,36,166,561,0,"",0
"208","curryse01",2023,"Seth Curry",32,"BRK","SG",61,7,1211,208,449,0.463,94,232,0.405,114,217,0.525,0.568,51,55,0.927,13,87,100,99,36,7,51,96,561,0,"",0
"209","clarkbr01",2023,"Brandon Clarke",26,"MEM","PF",56,8,1090,229,349,0.656,1,6,0.167,228,343,0.665,0.658,99,137,0.723,92,218,310,72,34,37,55,131,558,0,"",0
"210","finnedo01",2023,"Dorian Finney-Smith",29,"2TM","PF",66,66,2009,196,501,0.391,114,338,0.337,82,163,0.503,0.505,45,59,0.763,114,202,316,100,55,36,62,144,551,0,"",0
"211","alvarjo01",2023,"Jose Alvarado",24,"NOP","PG",61,10,1310,201,489,0.411,83,247,0.336,118,242,0.488,0.496,65,80,0.813,28,113,141,186,67,10,81,125,550,0,"",0
"212","greenjo02",2023,"Josh Green",22,"DAL","SG",60,21,1539,205,382,0.537,68,169,0.402,137,213,0.643,0.626,68,94,0.723,55,127,182,103,42,5,72,156,546,0,"",0
"213","kennalu01",2023,"Luke Kennard",26,"2TM","SG",59,14,1315,188,382,0.492,133,269,0.494,55,113,0.487,0.666,37,39,0.949,15,143,158,91,32,5,46,82,546,0,"",0
"214","nworajo01",2023,"Jordan Nwora",24,"2TM","SF",62,14,1188,194,445,0.436,86,211,0.408,108,234,0.462,0.533,68,86,0.791,51,178,229,88,24,14,66,74,542,0,"",0
"215","browntr01",2023,"Troy Brown Jr.",23,"LAL","SF",76,45,1860,200,465,0.43,107,281,0.381,93,184,0.505,0.545,34,39,0.872,62,246,308,95,59,16,49,120,541,0,"",0
"216","grahade01",2023,"Devonte' Graham",27,"2TM","PG",73,8,1338,161,431,0.374,119,338,0.352,42,93,0.452,0.512,98,131,0.748,19,103,122,196,45,16,53,79,539,0,"",0
"217","richani01",2023,"Nick Richards",25,"CHO","C",65,9,1217,197,313,0.629,1,1,1,196,312,0.628,0.631,137,183,0.749,147,269,416,38,11,71,59,154,532,0,"",0
"218","okogijo01",2023,"Josh Okogie",24,"PHO","SG",72,26,1350,162,414,0.391,66,197,0.335,96,217,0.442,0.471,139,192,0.724,109,142,251,105,56,34,63,114,529,0,"",0
"219","suggsja01",2023,"Jalen Suggs",21,"ORL","SG",53,19,1246,186,444,0.419,66,202,0.327,120,242,0.496,0.493,86,119,0.723,55,106,161,155,67,27,94,120,524,0,"",0
"220","diallha01",2023,"Hamidou Diallo",24,"DET","SF",56,0,996,215,375,0.573,5,21,0.238,210,354,0.593,0.58,87,148,0.588,57,137,194,55,53,16,71,124,522,0,"",0
"221","rosste01",2023,"Terrence Ross",31,"2TM","SG",63,9,1330,200,465,0.43,95,258,0.368,105,207,0.507,0.532,27,34,0.794,22,132,154,95,35,10,43,97,522,0,"",0
"222","eubandr01",2023,"Drew Eubanks",25,"POR","C",78,28,1584,214,334,0.641,7,18,0.389,207,316,0.655,0.651,83,125,0.664,132,286,418,103,40,102,67,169,518,0,"",0
"223","manntr01",2023,"Tre Mann",21,"OKC","PG",67,5,1183,197,501,0.393,81,257,0.315,116,244,0.475,0.474,42,55,0.764,27,128,155,120,40,11,62,99,517,1,"",0
"224","hausesa01",2023,"Sam Hauser",25,"BOS","SF",80,8,1290,180,396,0.455,140,335,0.418,40,61,0.656,0.631,12,17,0.706,35,169,204,71,29,21,30,99,512,0,"",0
"225","loveke01",2023,"Kevin Love",34,"2TM","PF",62,20,1240,165,424,0.389,99,296,0.334,66,128,0.516,0.506,80,91,0.879,59,340,399,116,16,12,70,97,509,0,"",0
"226","achiupr01",2023,"Precious Achiuwa",23,"TOR","C",55,12,1140,196,404,0.485,29,108,0.269,167,296,0.564,0.521,87,124,0.702,100,228,328,50,31,30,59,102,508,0,"",0
"227","poweldw01",2023,"Dwight Powell",31,"DAL","C",76,64,1458,197,269,0.732,0,5,0,197,264,0.746,0.732,112,168,0.667,149,165,314,69,48,26,65,209,506,0,"",0
"228","baglema01",2023,"Marvin Bagley III",23,"DET","C",42,25,990,202,382,0.529,19,66,0.288,183,316,0.579,0.554,81,108,0.75,94,175,269,36,19,30,46,81,504,0,"",0
"229","middlkh01",2023,"Khris Middleton",31,"MIL","SF",33,19,801,177,406,0.436,51,162,0.315,126,244,0.516,0.499,92,102,0.902,28,112,140,163,23,5,71,68,497,0,"",0
"230","toppiob01",2023,"Obi Toppin",24,"NYK","PF",67,5,1050,187,419,0.446,85,247,0.344,102,172,0.593,0.548,38,47,0.809,29,158,187,66,23,12,38,68,497,0,"",0
"231","nunnke01",2023,"Kendrick Nunn",27,"2TM","SG",70,2,964,191,450,0.424,79,223,0.354,112,227,0.493,0.512,35,41,0.854,15,94,109,90,28,7,66,66,496,0,"",0
"232","payneca01",2023,"Cameron Payne",28,"PHO","PG",48,15,968,188,453,0.415,68,185,0.368,120,268,0.448,0.49,49,64,0.766,12,94,106,214,33,8,81,88,493,0,"",0
"233","princta02",2023,"Taurean Prince",28,"MIN","PF",54,4,1192,177,379,0.467,74,194,0.381,103,185,0.557,0.565,65,77,0.844,15,117,132,84,28,15,69,123,493,0,"",0
"234","okorois01",2023,"Isaac Okoro",22,"CLE","SF",76,46,1652,175,354,0.494,62,171,0.363,113,183,0.617,0.582,78,103,0.757,52,135,187,87,56,30,42,158,490,0,"",0
"235","wiggiaa01",2023,"Aaron Wiggins",24,"OKC","SG",70,14,1297,186,363,0.512,48,122,0.393,138,241,0.573,0.579,59,71,0.831,68,142,210,80,39,15,55,110,479,0,"",0
"236","batumni01",2023,"Nicolas Batum",34,"LAC","PF",78,19,1709,160,381,0.42,124,317,0.391,36,64,0.563,0.583,34,48,0.708,62,237,299,121,54,44,50,149,478,0,"",0
"237","smithde03",2023,"Dennis Smith Jr.",25,"CHO","PG",54,15,1390,186,452,0.412,24,111,0.216,162,341,0.475,0.438,78,106,0.736,27,140,167,261,75,25,82,122,474,0,"",0
"238","agbajoc01",2023,"Ochai Agbaji",22,"UTA","SG",59,22,1209,165,386,0.427,81,228,0.355,84,158,0.532,0.532,56,69,0.812,43,78,121,67,16,15,41,99,467,0,"",0
"239","connapa01",2023,"Pat Connaughton",30,"MIL","SF",61,33,1443,165,421,0.392,109,322,0.339,56,99,0.566,0.521,27,41,0.659,50,233,283,77,37,11,33,69,466,0,"",0
"240","roddyda01",2023,"David Roddy",21,"MEM","PF",70,4,1258,180,420,0.429,65,212,0.307,115,208,0.553,0.506,41,65,0.631,50,143,193,59,29,19,57,107,466,0,"",0
"241","watfotr01",2023,"Trendon Watford",22,"POR","PF",62,12,1182,181,323,0.56,25,64,0.391,156,259,0.602,0.599,72,100,0.72,42,196,238,130,32,12,71,118,459,0,"",0
"242","landajo01",2023,"Jock Landale",27,"PHO","C",69,4,979,178,337,0.528,21,84,0.25,157,253,0.621,0.559,79,105,0.752,119,161,280,68,16,30,59,126,456,0,"",0
"243","jacksis01",2023,"Isaiah Jackson",21,"IND","C",63,12,1042,179,318,0.563,2,14,0.143,177,304,0.582,0.566,95,146,0.651,113,169,282,51,31,93,51,154,455,0,"",0
"244","mitchda01",2023,"Davion Mitchell",24,"SAC","PG",80,9,1447,181,399,0.454,63,197,0.32,118,202,0.584,0.533,25,31,0.806,16,89,105,185,44,15,62,112,450,0,"",0
"245","wisemja01",2023,"James Wiseman",21,"2TM","C",45,22,867,189,339,0.558,4,20,0.2,185,319,0.58,0.563,68,97,0.701,73,194,267,30,7,27,51,108,450,0,"",0
"246","oladivi01",2023,"Victor Oladipo",30,"MIA","SG",42,2,1106,160,403,0.397,70,212,0.33,90,191,0.471,0.484,59,79,0.747,16,112,128,146,57,12,87,99,449,0,"",0
"247","nancela02",2023,"Larry Nance Jr.",30,"NOP","C",65,1,1381,186,305,0.61,14,42,0.333,172,263,0.654,0.633,55,79,0.696,106,248,354,119,56,37,42,133,441,0,"",0
"248","greenje02",2023,"Jeff Green",36,"DEN","PF",56,4,1091,160,328,0.488,30,104,0.288,130,224,0.58,0.534,87,117,0.744,38,106,144,69,18,17,46,99,437,0,"",0
"249","robinmi01",2023,"Mitchell Robinson",24,"NYK","C",59,58,1591,188,280,0.671,0,0,NA,188,280,0.671,0.671,59,122,0.484,267,288,555,53,56,109,41,160,435,0,"",0
"250","daviste02",2023,"Terence Davis",25,"SAC","SG",64,5,841,154,364,0.423,89,243,0.366,65,121,0.537,0.545,34,43,0.791,20,119,139,67,43,12,53,104,431,0,"",0
"251","tillmxa01",2023,"Xavier Tillman Sr.",24,"MEM","C",61,29,1180,188,306,0.614,4,15,0.267,184,291,0.632,0.621,49,89,0.551,121,186,307,96,58,29,44,97,429,0,"",0
"252","josepco01",2023,"Cory Joseph",31,"DET","PG",62,2,1227,150,351,0.427,70,180,0.389,80,171,0.468,0.527,57,72,0.792,21,85,106,217,34,9,56,88,427,0,"",0
"253","willike04",2023,"Kenrich Williams",28,"OKC","PF",53,10,1206,179,346,0.517,50,134,0.373,129,212,0.608,0.59,17,39,0.436,97,164,261,105,45,14,32,112,425,0,"",0
"254","hardyja02",2023,"Jaden Hardy",20,"DAL","SG",48,5,708,146,333,0.438,63,156,0.404,83,177,0.469,0.533,65,79,0.823,11,78,89,65,17,7,46,64,420,0,"",0
"255","lamban01",2023,"Anthony Lamb",25,"GSW","SF",62,4,1195,148,314,0.471,73,199,0.367,75,115,0.652,0.588,46,60,0.767,56,159,215,96,28,20,54,134,415,0,"",0
"256","beverpa01",2023,"Patrick Beverley",34,"2TM","SG",67,67,1816,144,360,0.4,80,239,0.335,64,121,0.529,0.511,47,65,0.723,44,203,247,194,63,41,60,187,415,0,"",0
"257","knoxke01",2023,"Kevin Knox",23,"2TM","SF",63,5,952,152,332,0.458,65,186,0.349,87,146,0.596,0.556,46,60,0.767,34,143,177,33,24,12,50,95,415,0,"",0
"258","goodwjo01",2023,"Jordan Goodwin",24,"WAS","PG",62,7,1106,158,353,0.448,38,118,0.322,120,235,0.511,0.501,53,69,0.768,57,148,205,168,58,26,57,95,407,0,"",0
"259","harteis01",2023,"Isaiah Hartenstein",24,"NYK","C",82,8,1626,175,327,0.535,8,37,0.216,167,290,0.576,0.547,48,71,0.676,209,327,536,102,53,64,66,213,406,0,"",0
"260","drumman01",2023,"Andre Drummond",29,"CHI","C",67,0,849,166,274,0.606,0,3,0,166,271,0.613,0.606,67,125,0.536,138,306,444,33,45,27,75,117,399,0,"",0
"261","brissos01",2023,"Oshae Brissett",24,"IND","PF",65,2,1083,123,319,0.386,48,155,0.31,75,164,0.457,0.461,104,145,0.717,62,156,218,44,33,13,34,79,398,0,"",0
"262","harriga01",2023,"Gary Harris",28,"ORL","SG",48,42,1184,138,307,0.45,94,218,0.431,44,89,0.494,0.603,27,30,0.9,21,77,98,59,45,12,28,93,397,0,"",0
"263","johnsja05",2023,"Jalen Johnson",21,"ATL","SF",70,6,1042,158,322,0.491,30,104,0.288,128,218,0.587,0.537,49,78,0.628,51,231,282,83,38,34,41,113,395,0,"",0
"264","willima07",2023,"Mark Williams",21,"CHO","C",43,17,828,160,251,0.637,0,0,NA,160,251,0.637,0.637,67,97,0.691,93,211,304,18,28,45,40,94,387,0,"",0
"265","reddica01",2023,"Cam Reddish",23,"2TM","SF",40,20,990,139,312,0.446,45,144,0.313,94,168,0.56,0.518,64,75,0.853,18,70,88,57,39,14,47,72,387,0,"",0
"266","walljo01",2023,"John Wall",32,"LAC","PG",34,3,755,138,338,0.408,33,109,0.303,105,229,0.459,0.457,77,113,0.681,14,78,92,178,27,12,80,59,386,0,"",0
"267","muscami01",2023,"Mike Muscala",31,"2TM","C",63,9,945,131,292,0.449,81,207,0.391,50,85,0.588,0.587,40,52,0.769,37,166,203,50,15,24,23,98,383,0,"",0
"268","bartowi01",2023,"Will Barton",32,"2TM","SG",56,2,993,138,364,0.379,66,180,0.367,72,184,0.391,0.47,37,47,0.787,15,122,137,112,28,13,48,56,379,0,"",0
"269","sumneed01",2023,"Edmond Sumner",27,"BRK","SG",53,12,736,124,269,0.461,31,87,0.356,93,182,0.511,0.519,99,108,0.917,13,66,79,68,31,10,50,83,378,0,"",0
"270","carusal01",2023,"Alex Caruso",28,"CHI","PG",67,36,1575,130,286,0.455,55,151,0.364,75,135,0.556,0.551,59,73,0.808,42,154,196,193,98,46,77,159,374,0,"DPOY-11,DEF1",0
"271","chrisjo01",2023,"Josh Christopher",21,"HOU","SG",64,2,786,153,329,0.465,21,89,0.236,132,240,0.55,0.497,45,60,0.75,20,51,71,73,33,15,60,59,372,0,"",0
"272","gabriwe01",2023,"Wenyen Gabriel",25,"LAL","C",68,2,1024,155,260,0.596,10,36,0.278,145,224,0.647,0.615,52,84,0.619,116,170,286,36,26,35,46,144,372,0,"",0
"273","wrighde01",2023,"Delon Wright",30,"WAS","PG",50,14,1221,138,291,0.474,41,119,0.345,97,172,0.564,0.545,52,60,0.867,58,122,180,194,92,17,44,59,369,0,"",0
"274","greenja01",2023,"JaMychal Green",32,"GSW","PF",57,1,797,136,252,0.54,42,111,0.378,94,141,0.667,0.623,52,67,0.776,72,133,205,51,25,23,52,105,366,0,"",0
"275","dragigo01",2023,"Goran Dragić",36,"2TM","PG",58,0,870,141,335,0.421,52,145,0.359,89,190,0.468,0.499,31,45,0.689,16,65,81,151,13,4,63,65,365,0,"",0
"276","konchjo01",2023,"John Konchar",26,"MEM","SF",72,23,1494,138,320,0.431,60,177,0.339,78,143,0.545,0.525,28,36,0.778,64,246,310,100,77,25,37,112,364,0,"",0
"277","alexani01",2023,"Nickeil Alexander-Walker",24,"2TM","SG",59,3,884,131,295,0.444,61,159,0.384,70,136,0.515,0.547,40,60,0.667,15,86,101,108,32,21,55,88,363,0,"",0
"278","duartch01",2023,"Chris Duarte",25,"IND","SF",46,12,897,123,333,0.369,55,174,0.316,68,159,0.428,0.452,61,72,0.847,19,96,115,64,25,9,41,65,362,0,"",0
"279","saricda01",2023,"Dario Šarić",28,"2TM","C",57,12,806,127,277,0.458,45,115,0.391,82,162,0.506,0.54,63,76,0.829,53,154,207,74,20,7,55,99,362,0,"",0
"280","adamsst01",2023,"Steven Adams",29,"MEM","C",42,42,1133,157,263,0.597,0,1,0,157,262,0.599,0.597,47,129,0.364,214,271,485,97,36,46,79,98,361,0,"",0
"281","braunch01",2023,"Christian Braun",21,"DEN","SG",76,6,1181,143,289,0.495,34,96,0.354,109,193,0.565,0.554,40,64,0.625,48,133,181,59,41,17,35,101,360,0,"",0
"282","littlna01",2023,"Nassir Little",22,"POR","SF",54,4,976,134,303,0.442,58,158,0.367,76,145,0.524,0.538,33,46,0.717,27,114,141,50,20,20,36,66,359,0,"",0
"283","liveris01",2023,"Isaiah Livers",24,"DET","PF",52,22,1199,120,288,0.417,74,203,0.365,46,85,0.541,0.545,32,39,0.821,28,115,143,41,28,28,30,103,346,0,"",0
"284","shamela01",2023,"Landry Shamet",25,"PHO","SG",40,9,807,113,300,0.377,75,199,0.377,38,101,0.376,0.502,45,51,0.882,11,56,67,93,26,5,36,61,346,0,"",0
"285","fontesi01",2023,"Simone Fontecchio",27,"UTA","SF",52,6,766,115,312,0.369,63,191,0.33,52,121,0.43,0.47,35,44,0.795,31,55,86,42,15,8,39,62,328,0,"",0
"286","stevela01",2023,"Lamar Stevens",25,"CLE","SF",62,25,1120,129,288,0.448,30,95,0.316,99,193,0.513,0.5,40,57,0.702,48,159,207,33,27,19,27,79,328,0,"",0
"287","bambamo01",2023,"Mo Bamba",24,"2TM","C",49,7,769,117,241,0.485,48,124,0.387,69,117,0.59,0.585,41,62,0.661,58,167,225,46,13,43,30,105,323,0,"",0
"288","watanyu01",2023,"Yuta Watanabe",28,"BRK","SF",58,1,928,114,232,0.491,60,135,0.444,54,97,0.557,0.621,34,47,0.723,30,111,141,48,25,17,22,80,322,0,"",0
"289","metuch01",2023,"Chimezie Metu",25,"SAC","PF",66,0,689,129,219,0.589,9,38,0.237,120,181,0.663,0.61,54,73,0.74,47,151,198,40,22,21,32,81,321,0,"",0
"290","harremo01",2023,"Montrezl Harrell",29,"PHI","C",57,7,681,125,209,0.598,0,6,0,125,203,0.616,0.598,70,101,0.693,67,92,159,33,17,25,35,75,320,0,"",0
"291","jonesde02",2023,"Derrick Jones Jr.",25,"CHI","PF",64,0,893,115,230,0.5,27,80,0.338,88,150,0.587,0.559,62,84,0.738,60,93,153,34,29,37,25,86,319,0,"",0
"292","inglejo01",2023,"Joe Ingles",35,"MIL","SF",46,0,1044,108,248,0.435,83,203,0.409,25,45,0.556,0.603,18,21,0.857,13,115,128,150,33,6,55,74,317,0,"",0
"293","warretj01",2023,"T.J. Warren",29,"2TM","PF",42,0,687,132,270,0.489,22,67,0.328,110,203,0.542,0.53,28,35,0.8,26,95,121,40,22,12,20,65,314,0,"",0
"294","jeromty01",2023,"Ty Jerome",25,"GSW","SG",45,2,816,118,242,0.488,35,90,0.389,83,152,0.546,0.56,38,41,0.927,7,71,78,135,23,5,30,64,309,0,"",0
"295","moodymo01",2023,"Moses Moody",20,"GSW","SG",63,3,817,108,227,0.476,49,135,0.363,59,92,0.641,0.584,37,53,0.698,28,77,105,51,18,7,34,54,302,0,"",0
"296","hamptrj01",2023,"R.J. Hampton",21,"2TM","SG",47,3,750,102,237,0.43,41,116,0.353,61,121,0.504,0.517,57,76,0.75,18,69,87,54,27,9,42,51,302,0,"",0
"297","cancavl01",2023,"Vlatko Čančar",25,"DEN","PF",60,9,889,108,227,0.476,43,115,0.374,65,112,0.58,0.57,38,41,0.927,24,104,128,80,22,14,37,84,297,0,"",0
"298","langfro01",2023,"Romeo Langford",23,"SAS","SG",43,21,844,121,259,0.467,16,61,0.262,105,198,0.53,0.498,39,56,0.696,57,57,114,50,24,13,30,67,297,0,"",0
"299","maledth01",2023,"Théo Maledon",21,"CHO","PG",44,7,854,102,254,0.402,28,95,0.295,74,159,0.465,0.457,63,74,0.851,14,109,123,152,37,12,59,61,295,0,"",0
"300","gayru01",2023,"Rudy Gay",36,"UTA","PF",56,0,816,109,287,0.38,33,130,0.254,76,157,0.484,0.437,42,49,0.857,33,130,163,57,19,18,37,68,293,0,"",0
"301","thybuma01",2023,"Matisse Thybulle",25,"2TM","SG",71,28,1200,110,253,0.435,54,148,0.365,56,105,0.533,0.542,19,28,0.679,40,100,140,53,83,32,24,113,293,0,"",0
"302","robinje02",2023,"Jeremiah Robinson-Earl",22,"OKC","PF",43,20,814,110,248,0.444,37,111,0.333,73,137,0.533,0.518,35,42,0.833,71,109,180,43,24,11,19,71,292,0,"",0
"303","simmobe01",2023,"Ben Simmons",26,"BRK","PG",42,33,1105,133,235,0.566,0,2,0,133,233,0.571,0.566,25,57,0.439,40,223,263,256,54,24,97,139,291,1,"",0
"304","dunnkr01",2023,"Kris Dunn",28,"UTA","PG",22,3,568,116,216,0.537,17,36,0.472,99,180,0.55,0.576,41,53,0.774,9,91,100,124,25,10,35,58,290,0,"",0
"305","covinro01",2023,"Robert Covington",32,"LAC","PF",48,0,779,102,229,0.445,54,136,0.397,48,93,0.516,0.563,30,40,0.75,31,135,166,57,38,33,32,86,288,0,"",0
"306","willija07",2023,"Jaylin Williams",20,"OKC","C",49,36,914,102,234,0.436,46,113,0.407,56,121,0.463,0.534,38,54,0.704,44,197,241,76,28,12,37,111,288,0,"",0
"307","reedpa01",2023,"Paul Reed",23,"PHI","C",69,2,755,124,209,0.593,1,6,0.167,123,203,0.606,0.596,38,51,0.745,112,150,262,27,46,51,45,123,287,0,"",0
"308","tateja01",2023,"Jae'Sean Tate",27,"HOU","SF",31,7,677,110,229,0.48,13,46,0.283,97,183,0.53,0.509,50,69,0.725,41,77,118,84,21,7,47,106,283,0,"",0
"309","williro04",2023,"Robert Williams",25,"BOS","C",35,20,824,127,170,0.747,0,1,0,127,169,0.751,0.747,25,41,0.61,104,188,292,50,22,48,34,68,279,0,"",0
"310","omorueu01",2023,"Eugene Omoruyi",25,"2TM","SF",40,6,645,101,228,0.443,25,89,0.281,76,139,0.547,0.498,51,75,0.68,43,68,111,28,28,3,34,91,278,0,"",0
"311","nnajize01",2023,"Zeke Nnaji",22,"DEN","PF",53,5,728,110,196,0.561,17,65,0.262,93,131,0.71,0.605,40,62,0.645,65,73,138,18,17,23,31,105,277,0,"",0
"312","pokusal01",2023,"Aleksej Pokusevski",21,"OKC","PF",34,25,701,108,249,0.434,38,104,0.365,70,145,0.483,0.51,22,35,0.629,45,114,159,64,20,43,43,58,276,0,"",0
"313","pritcpa01",2023,"Payton Pritchard",25,"BOS","PG",48,3,643,101,245,0.412,56,154,0.364,45,91,0.495,0.527,12,16,0.75,25,63,88,64,14,1,40,37,270,1,"",0
"314","houseda01",2023,"Danuel House Jr.",29,"PHI","SF",56,5,807,93,197,0.472,37,110,0.336,56,87,0.644,0.566,45,60,0.75,9,85,94,44,14,9,26,69,268,0,"",0
"315","robindu01",2023,"Duncan Robinson",28,"MIA","SF",42,1,691,88,237,0.371,63,192,0.328,25,45,0.556,0.504,29,32,0.906,8,61,69,46,14,0,28,77,268,0,"",0
"316","beaucma01",2023,"MarJon Beauchamp",22,"MIL","SF",52,11,701,96,243,0.395,47,142,0.331,49,101,0.485,0.492,27,37,0.73,38,77,115,35,21,7,45,71,266,0,"",0
"317","tuckepj01",2023,"P.J. Tucker",37,"PHI","PF",75,75,1920,96,225,0.427,55,140,0.393,41,85,0.482,0.549,19,23,0.826,95,200,295,60,39,15,44,180,266,0,"",0
"318","biyombi01",2023,"Bismack Biyombo",30,"PHO","C",61,14,874,119,206,0.578,0,0,NA,119,206,0.578,0.578,25,70,0.357,89,171,260,56,18,88,51,114,263,0,"",0
"319","mamuksa01",2023,"Sandro Mamukelashvili",23,"2TM","C",43,7,660,97,230,0.422,30,99,0.303,67,131,0.511,0.487,39,57,0.684,70,115,185,62,14,12,35,52,263,0,"",0
"320","hernawi01",2023,"Willy Hernangómez",28,"NOP","C",38,2,458,89,169,0.527,3,11,0.273,86,158,0.544,0.536,81,104,0.779,58,122,180,33,17,13,39,64,262,0,"",0
"321","thorjt01",2023,"JT Thor",20,"CHO","PF",69,8,969,95,238,0.399,39,123,0.317,56,115,0.487,0.481,33,47,0.702,36,116,152,36,22,23,44,66,262,0,"",0
"322","kornelu01",2023,"Luke Kornet",27,"BOS","C",69,0,804,113,170,0.665,3,13,0.231,110,157,0.701,0.674,32,39,0.821,86,111,197,53,11,46,25,81,261,0,"",0
"323","mathega01",2023,"Garrison Mathews",26,"2TM","SG",54,0,686,73,201,0.363,63,180,0.35,10,21,0.476,0.52,48,53,0.906,11,62,73,26,24,5,19,62,257,0,"",0
"324","riverau01",2023,"Austin Rivers",30,"MIN","SG",52,10,1016,91,209,0.435,43,123,0.35,48,86,0.558,0.538,30,39,0.769,5,78,83,75,28,4,23,80,255,0,"",0
"325","wainris01",2023,"Ish Wainright",28,"PHO","SF",60,2,915,84,227,0.37,57,173,0.329,27,54,0.5,0.496,26,31,0.839,45,94,139,53,38,22,22,117,251,0,"",0
"326","holidaa01",2023,"Aaron Holiday",26,"ATL","PG",63,6,845,92,220,0.418,36,88,0.409,56,132,0.424,0.5,27,32,0.844,25,49,74,89,37,12,36,79,247,0,"",0
"327","flynnma01",2023,"Malachi Flynn",24,"TOR","PG",53,2,691,87,242,0.36,47,133,0.353,40,109,0.367,0.457,25,33,0.758,15,61,76,70,21,4,25,65,246,0,"",0
"328","mcgowbr01",2023,"Bryce McGowens",20,"CHO","SG",46,7,787,80,202,0.396,26,80,0.325,54,122,0.443,0.46,60,80,0.75,20,73,93,54,15,6,43,48,246,0,"",0
"329","millspa02",2023,"Patty Mills",34,"BRK","PG",40,2,567,86,209,0.411,49,134,0.366,37,75,0.493,0.529,25,30,0.833,8,36,44,56,15,3,30,32,246,0,"",0
"330","washidu02",2023,"Duane Washington Jr.",22,"PHO","SG",31,3,394,94,256,0.367,40,111,0.36,54,145,0.372,0.445,16,24,0.667,2,34,36,63,6,4,34,23,244,0,"",0
"331","youngth01",2023,"Thaddeus Young",34,"TOR","PF",54,9,795,108,198,0.545,6,34,0.176,102,164,0.622,0.561,18,26,0.692,71,95,166,75,54,5,42,88,240,0,"",0
"332","cunnica01",2023,"Cade Cunningham",21,"DET","PG",12,12,400,93,224,0.415,17,61,0.279,76,163,0.466,0.453,36,43,0.837,12,62,74,72,10,7,39,34,239,0,"",0
"333","highsha01",2023,"Haywood Highsmith",26,"MIA","PF",54,11,969,93,216,0.431,37,109,0.339,56,107,0.523,0.516,13,28,0.464,57,131,188,43,36,17,45,82,236,0,"",0
"334","hayesja02",2023,"Jaxson Hayes",22,"NOP","C",47,2,610,86,156,0.551,3,29,0.103,83,127,0.654,0.561,58,83,0.699,39,93,132,34,20,19,31,67,233,0,"",0
"335","hillge01",2023,"George Hill",36,"2TM","SG",46,1,834,78,166,0.47,34,95,0.358,44,71,0.62,0.572,42,55,0.764,15,70,85,110,26,6,34,55,232,0,"",0
"336","daniedy01",2023,"Dyson Daniels",19,"NOP","PG",59,11,1042,87,208,0.418,27,86,0.314,60,122,0.492,0.483,26,40,0.65,36,152,188,134,43,11,57,99,227,0,"",0
"337","sharpda01",2023,"Day'Ron Sharpe",21,"BRK","C",48,3,552,93,171,0.544,6,11,0.545,87,160,0.544,0.561,35,55,0.636,99,101,200,37,15,32,42,89,227,0,"",0
"338","nixda01",2023,"Daishen Nix",20,"HOU","PG",57,7,914,81,237,0.342,40,140,0.286,41,97,0.423,0.426,24,36,0.667,18,80,98,132,31,7,86,59,226,0,"",0
"339","garubus01",2023,"Usman Garuba",20,"HOU","C",75,1,970,86,177,0.486,24,59,0.407,62,118,0.525,0.554,29,47,0.617,120,187,307,64,44,29,47,135,225,0,"",0
"340","bazleda01",2023,"Darius Bazley",22,"2TM","C",43,1,616,83,183,0.454,20,53,0.377,63,130,0.485,0.508,38,70,0.543,34,104,138,38,22,34,27,44,224,0,"",0
"341","mcbrimi01",2023,"Miles McBride",22,"NYK","PG",64,2,760,77,215,0.358,40,134,0.299,37,81,0.457,0.451,28,42,0.667,13,37,50,72,37,8,25,60,222,0,"",0
"342","mykhasv01",2023,"Svi Mykhailiuk",25,"2TM","SF",32,8,468,77,173,0.445,42,99,0.424,35,74,0.473,0.566,26,39,0.667,15,38,53,53,15,4,24,23,222,0,"",0
"343","klebima01",2023,"Maxi Kleber",31,"DAL","PF",37,5,930,77,169,0.456,39,112,0.348,38,57,0.667,0.571,27,38,0.711,30,105,135,52,12,30,27,85,220,0,"",0
"344","walkeja01",2023,"Jabari Walker",20,"POR","PF",56,0,619,83,198,0.419,16,56,0.286,67,142,0.472,0.46,34,45,0.756,48,83,131,34,10,13,29,69,216,0,"",0
"345","waterli01",2023,"Lindy Waters III",25,"OKC","SG",41,0,531,70,178,0.393,58,162,0.358,12,16,0.75,0.556,16,20,0.8,16,59,75,28,14,11,10,42,214,0,"",0
"346","willizi02",2023,"Ziaire Williams",21,"MEM","SF",37,4,561,84,196,0.429,25,97,0.258,59,99,0.596,0.492,17,22,0.773,16,63,79,35,14,6,37,58,210,0,"",0
"347","bertada01",2023,"Dāvis Bertāns",30,"DAL","PF",45,1,492,69,160,0.431,55,141,0.39,14,19,0.737,0.603,13,15,0.867,10,43,53,21,11,8,10,53,206,0,"",0
"348","wadede01",2023,"Dean Wade",26,"CLE","PF",44,13,891,73,177,0.412,45,127,0.354,28,50,0.56,0.54,15,23,0.652,20,130,150,37,28,21,17,89,206,0,"",0
"349","holidju01",2023,"Justin Holiday",33,"2TM","SF",46,2,706,77,204,0.377,46,143,0.322,31,61,0.508,0.49,5,8,0.625,5,50,55,41,19,19,22,68,205,0,"",0
"350","bassech01",2023,"Charles Bassey",22,"SAS","C",35,2,508,87,135,0.644,3,8,0.375,84,127,0.661,0.656,22,37,0.595,75,118,193,48,16,33,41,74,199,0,"",0
"351","jordade01",2023,"DeAndre Jordan",34,"DEN","C",39,8,586,88,115,0.765,1,1,1,87,114,0.763,0.77,22,48,0.458,52,150,202,34,12,23,48,71,199,0,"",0
"352","dedmode01",2023,"Dewayne Dedmon",33,"2TM","C",38,1,426,77,151,0.51,12,39,0.308,65,112,0.58,0.55,33,49,0.673,34,100,134,26,9,19,25,75,199,0,"",0
"353","winslju01",2023,"Justise Winslow",26,"POR","PF",29,11,776,81,198,0.409,14,45,0.311,67,153,0.438,0.444,20,28,0.714,49,96,145,98,30,11,43,89,196,0,"",0
"354","gillan01",2023,"Anthony Gill",30,"WAS","PF",59,8,624,71,132,0.538,4,29,0.138,67,103,0.65,0.553,49,67,0.731,37,62,99,34,7,12,15,70,195,0,"",0
"355","diengou01",2023,"Ousmane Dieng",19,"OKC","PF",39,1,569,76,181,0.42,26,98,0.265,50,83,0.602,0.492,15,23,0.652,19,86,105,46,14,7,26,42,193,0,"",0
"356","houstca01",2023,"Caleb Houstan",20,"ORL","SF",51,4,812,66,182,0.363,46,136,0.338,20,46,0.435,0.489,15,18,0.833,34,65,99,30,12,7,18,63,193,0,"",0
"357","bouknja01",2023,"James Bouknight",22,"CHO","SG",34,0,515,69,193,0.358,33,109,0.303,36,84,0.429,0.443,20,30,0.667,8,64,72,41,14,5,32,49,191,0,"",0
"358","johnske07",2023,"Keon Johnson",20,"POR","SG",40,0,416,67,178,0.376,28,81,0.346,39,97,0.402,0.455,27,41,0.659,11,33,44,59,19,6,43,43,189,0,"",0
"359","mcgeeja01",2023,"JaVale McGee",35,"DAL","C",42,7,355,80,125,0.64,2,5,0.4,78,120,0.65,0.648,24,41,0.585,30,77,107,11,4,26,36,54,186,0,"",0
"360","weslebl01",2023,"Blake Wesley",19,"SAS","SG",37,1,669,69,215,0.321,20,52,0.385,49,163,0.301,0.367,26,44,0.591,12,69,81,98,25,5,65,67,184,0,"",0
"361","mcgruro01",2023,"Rodney McGruder",31,"DET","SG",32,12,524,62,152,0.408,41,97,0.423,21,55,0.382,0.543,18,22,0.818,20,54,74,28,16,1,11,39,183,0,"",0
"362","kolokch01",2023,"Christian Koloko",22,"TOR","C",58,19,802,72,150,0.48,1,12,0.083,71,138,0.514,0.483,37,59,0.627,84,87,171,31,21,57,20,128,182,0,"",0
"363","garzalu01",2023,"Luka Garza",24,"MIN","C",28,0,243,63,116,0.543,14,39,0.359,49,77,0.636,0.603,41,52,0.788,33,30,63,18,3,2,14,43,181,0,"",0
"364","matthwe02",2023,"Wesley Matthews",36,"MIL","SF",52,0,820,58,160,0.363,39,124,0.315,19,36,0.528,0.484,24,28,0.857,34,79,113,34,20,13,18,71,179,0,"",0
"365","simsje01",2023,"Jericho Sims",24,"NYK","C",52,16,812,83,107,0.776,0,1,0,83,106,0.783,0.776,12,16,0.75,99,143,242,25,15,28,27,96,178,0,"",0
"366","johnsst04",2023,"Stanley Johnson",26,"SAS","SF",30,0,469,65,122,0.533,18,40,0.45,47,82,0.573,0.607,26,39,0.667,22,73,95,67,16,6,33,48,174,0,"",0
"367","coffeam01",2023,"Amir Coffey",25,"LAC","SF",50,9,625,56,145,0.386,11,40,0.275,45,105,0.429,0.424,49,63,0.778,17,36,53,53,7,5,21,50,172,0,"",0
"368","robyis01",2023,"Isaiah Roby",24,"SAS","PF",42,2,474,67,155,0.432,18,60,0.3,49,95,0.516,0.49,20,41,0.488,21,86,107,38,18,7,31,53,172,0,"",0
"369","rubiori01",2023,"Ricky Rubio",32,"CLE","PG",33,2,566,61,178,0.343,21,82,0.256,40,96,0.417,0.402,28,35,0.8,9,61,70,115,26,6,31,51,171,0,"",0
"370","griffbl01",2023,"Blake Griffin",33,"BOS","C",41,16,569,63,130,0.485,23,66,0.348,40,64,0.625,0.573,21,32,0.656,47,108,155,61,14,9,22,75,170,0,"",0
"371","gibsota01",2023,"Taj Gibson",37,"WAS","C",49,2,480,65,125,0.52,8,24,0.333,57,101,0.564,0.552,30,42,0.714,32,61,93,34,15,12,26,84,168,0,"",0
"372","bitadgo01",2023,"Goga Bitadze",23,"2TM","C",38,1,457,69,125,0.552,6,26,0.231,63,99,0.636,0.576,23,42,0.548,61,76,137,39,16,26,22,64,167,0,"",0
"373","champju02",2023,"Julian Champagnie",21,"2TM","SF",17,3,320,59,130,0.454,33,82,0.402,26,48,0.542,0.581,14,17,0.824,10,50,60,10,6,5,11,26,165,0,"",0
"374","fournev01",2023,"Evan Fournier",30,"NYK","SG",27,7,459,56,166,0.337,35,114,0.307,21,52,0.404,0.443,18,21,0.857,4,45,49,36,16,3,22,46,165,0,"",0
"375","greenja02",2023,"Javonte Green",29,"CHI","SF",32,1,480,61,108,0.565,13,35,0.371,48,73,0.658,0.625,30,45,0.667,27,61,88,23,24,21,20,52,165,0,"",0
"376","davisjo06",2023,"Johnny Davis",20,"WAS","SG",28,5,423,66,171,0.386,17,70,0.243,49,101,0.485,0.436,14,27,0.519,10,55,65,28,10,8,17,48,163,0,"",0
"377","mclaujo01",2023,"Jordan McLaughlin",26,"MIN","PG",43,0,678,61,145,0.421,24,78,0.308,37,67,0.552,0.503,15,18,0.833,15,47,62,148,32,4,33,28,161,0,"",0
"378","joneska01",2023,"Kai Jones",22,"CHO","C",46,0,550,67,120,0.558,4,19,0.211,63,101,0.624,0.575,19,26,0.731,37,86,123,15,17,30,31,65,157,0,"",0
"379","netora01",2023,"Raul Neto",30,"CLE","PG",48,1,505,57,110,0.518,12,42,0.286,45,68,0.662,0.573,31,34,0.912,10,36,46,79,17,4,24,49,157,0,"",0
"380","brownmo01",2023,"Moses Brown",23,"2TM","C",36,1,294,61,96,0.635,0,0,NA,61,96,0.635,0.635,33,72,0.458,57,82,139,4,4,14,15,39,155,0,"",0
"381","schofad01",2023,"Admiral Schofield",25,"ORL","PF",37,0,451,55,122,0.451,24,74,0.324,31,48,0.646,0.549,21,23,0.913,23,39,62,31,8,5,16,61,155,0,"",0
"382","toscaju01",2023,"Juan Toscano-Anderson",29,"2TM","SF",52,9,700,64,143,0.448,8,43,0.186,56,100,0.56,0.476,19,24,0.792,28,96,124,65,16,10,34,80,155,0,"",0
"383","greenaj01",2023,"A.J. Green",23,"MIL","SG",35,1,345,53,125,0.424,44,105,0.419,9,20,0.45,0.6,4,4,1,6,39,45,22,6,0,9,31,154,0,"",0
"384","fernabr01",2023,"Bruno Fernando",24,"2TM","C",39,4,405,59,112,0.527,0,4,0,59,108,0.546,0.527,35,50,0.7,54,83,137,31,6,34,25,74,153,0,"",0
"385","rosede01",2023,"Derrick Rose",34,"NYK","PG",27,0,338,61,159,0.384,19,63,0.302,42,96,0.438,0.443,11,12,0.917,8,32,40,46,7,5,22,18,152,0,"",0
"386","leesa01",2023,"Saben Lee",23,"2TM","PG",25,1,373,49,121,0.405,11,30,0.367,38,91,0.418,0.45,42,57,0.737,13,32,45,67,19,1,24,32,151,0,"",0
"387","washity02",2023,"TyTy Washington Jr.",21,"HOU","PG",31,2,433,58,160,0.363,19,80,0.238,39,80,0.488,0.422,10,18,0.556,2,43,45,47,15,2,14,29,145,0,"",0
"388","bostobr01",2023,"Brandon Boston Jr.",21,"LAC","SF",22,1,248,51,122,0.418,12,29,0.414,39,93,0.419,0.467,29,38,0.763,7,23,30,20,9,0,12,21,143,0,"",0
"389","bantoda01",2023,"Dalano Banton",23,"TOR","PG",31,2,279,55,130,0.423,15,51,0.294,40,79,0.506,0.481,17,24,0.708,11,34,45,36,13,13,18,34,142,0,"",0
"390","jonesda03",2023,"Damian Jones",27,"2TM","C",41,1,477,55,86,0.64,10,17,0.588,45,69,0.652,0.698,22,29,0.759,42,80,122,15,8,21,23,55,142,0,"",0
"391","harrike01",2023,"Kevon Harris",25,"ORL","SG",34,0,457,47,107,0.439,16,43,0.372,31,64,0.484,0.514,31,41,0.756,28,42,70,16,17,5,21,53,141,0,"",0
"392","korkmfu01",2023,"Furkan Korkmaz",25,"PHI","SG",37,0,353,48,111,0.432,18,46,0.391,30,65,0.462,0.514,26,36,0.722,6,36,42,22,10,3,24,18,140,0,"",0
"393","knighna01",2023,"Nathan Knight",25,"MIN","C",38,0,291,46,81,0.568,8,22,0.364,38,59,0.644,0.617,39,57,0.684,22,34,56,13,10,6,21,41,139,0,"",0
"394","ntilila01",2023,"Frank Ntilikina",24,"DAL","SG",47,5,607,48,132,0.364,17,67,0.254,31,65,0.477,0.428,22,33,0.667,7,55,62,58,16,7,29,65,135,0,"",0
"395","morrima02",2023,"Markieff Morris",33,"2TM","PF",35,2,355,47,115,0.409,28,71,0.394,19,44,0.432,0.53,10,10,1,13,58,71,31,9,5,18,48,132,0,"",0
"396","holmeri01",2023,"Richaun Holmes",29,"SAC","C",42,1,348,55,89,0.618,5,8,0.625,50,81,0.617,0.646,15,19,0.789,29,51,80,9,3,11,14,50,130,0,"",0
"397","chrisma02",2023,"Max Christie",19,"LAL","SG",41,3,512,44,106,0.415,26,62,0.419,18,44,0.409,0.538,14,16,0.875,7,68,75,21,9,7,13,33,128,0,"",0
"398","okekech01",2023,"Chuma Okeke",24,"ORL","SF",27,8,518,43,122,0.352,26,86,0.302,17,36,0.472,0.459,16,21,0.762,26,70,96,37,19,11,17,40,128,0,"",0
"399","azubuud01",2023,"Udoka Azubuike",23,"UTA","C",36,4,359,59,72,0.819,0,0,NA,59,72,0.819,0.819,7,20,0.35,31,88,119,11,6,15,18,34,125,0,"",0
"400","crowdja01",2023,"Jae Crowder",32,"MIL","PF",18,3,340,45,94,0.479,24,55,0.436,21,39,0.538,0.606,10,12,0.833,17,52,69,27,12,6,7,27,124,0,"",0
"401","baldwpa01",2023,"Patrick Baldwin Jr.",20,"GSW","SF",31,0,226,43,109,0.394,32,84,0.381,11,25,0.44,0.541,4,6,0.667,1,39,40,11,6,4,11,14,122,0,"",0
"402","hernaju01",2023,"Juancho Hernangómez",27,"TOR","PF",42,10,614,48,114,0.421,17,67,0.254,31,47,0.66,0.496,9,16,0.563,27,96,123,25,16,6,15,43,122,0,"",0
"403","ryanma01",2023,"Matt Ryan",25,"2TM","SF",34,0,310,40,108,0.37,32,84,0.381,8,24,0.333,0.519,10,12,0.833,4,22,26,16,5,1,7,27,122,0,"",0
"404","dienggo01",2023,"Gorgui Dieng",33,"SAS","C",31,1,358,45,117,0.385,21,75,0.28,24,42,0.571,0.474,10,13,0.769,27,80,107,53,4,14,32,57,121,0,"",0
"405","loftoke01",2023,"Kenneth Lofton Jr.",20,"MEM","PF",24,1,176,49,93,0.527,6,17,0.353,43,76,0.566,0.559,16,27,0.593,19,32,51,20,5,2,12,28,120,0,"",0
"406","robinor01",2023,"Orlando Robinson",22,"MIA","C",31,1,425,47,89,0.528,0,6,0,47,83,0.566,0.528,22,31,0.71,48,78,126,25,12,12,16,53,116,0,"",0
"407","lewiski01",2023,"Kira Lewis Jr.",21,"NOP","PG",25,0,235,40,88,0.455,15,34,0.441,25,54,0.463,0.54,19,22,0.864,5,28,33,23,10,2,10,24,114,0,"",0
"408","wrighmc01",2023,"McKinley Wright IV",24,"DAL","PG",27,1,335,46,98,0.469,9,28,0.321,37,70,0.529,0.515,13,19,0.684,9,38,47,58,8,5,19,24,114,0,"",0
"409","lopezro01",2023,"Robin Lopez",34,"CLE","C",37,2,299,48,75,0.64,2,4,0.5,46,71,0.648,0.653,14,18,0.778,23,28,51,19,2,8,25,43,112,0,"",0
"410","barlodo01",2023,"Dominick Barlow",19,"SAS","PF",28,0,408,46,86,0.535,0,4,0,46,82,0.561,0.535,18,25,0.72,46,56,102,24,10,19,15,56,110,0,"",0
"411","smithis01",2023,"Ish Smith",34,"DEN","PG",43,0,398,52,131,0.397,2,12,0.167,50,119,0.42,0.405,2,4,0.5,5,49,54,100,8,7,44,33,108,0,"",0
"412","laravja01",2023,"Jake LaRavia",21,"MEM","PF",35,0,414,37,95,0.389,24,71,0.338,13,24,0.542,0.516,7,9,0.778,19,44,63,21,12,4,18,49,105,0,"",0
"413","marjabo01",2023,"Boban Marjanović",34,"HOU","C",31,0,171,41,60,0.683,0,1,0,41,59,0.695,0.683,20,27,0.741,20,40,60,9,5,2,14,10,102,0,"",0
"414","paytoga02",2023,"Gary Payton II",30,"2TM","SG",22,1,367,41,69,0.594,13,26,0.5,28,43,0.651,0.688,6,7,0.857,24,45,69,30,22,5,16,43,101,0,"",0
"415","edwarke02",2023,"Kessler Edwards",22,"2TM","SF",36,4,385,36,93,0.387,17,55,0.309,19,38,0.5,0.478,11,15,0.733,23,38,61,23,14,6,13,40,100,0,"",0
"416","cainja01",2023,"Jamal Cain",23,"MIA","PF",18,0,240,37,66,0.561,7,20,0.35,30,46,0.652,0.614,17,22,0.773,15,37,52,12,11,1,6,21,98,0,"",0
"417","zelleco01",2023,"Cody Zeller",30,"MIA","C",15,2,217,37,59,0.627,0,2,0,37,57,0.649,0.627,24,35,0.686,25,39,64,10,3,4,14,33,98,0,"",0
"418","pinsoth01",2023,"Theo Pinson",27,"DAL","SG",40,1,323,31,87,0.356,22,62,0.355,9,25,0.36,0.483,11,13,0.846,10,53,63,46,6,1,12,34,95,1,"",0
"419","mayssk01",2023,"Skylar Mays",25,"POR","PG",6,6,189,34,68,0.5,12,26,0.462,22,42,0.524,0.588,12,13,0.923,2,17,19,50,6,1,10,11,92,0,"",0
"420","forbebr01",2023,"Bryn Forbes",29,"MIN","SG",25,0,268,30,83,0.361,14,46,0.304,16,37,0.432,0.446,15,15,1,4,11,15,17,7,2,12,22,89,0,"",0
"421","reedda01",2023,"Davon Reed",27,"2TM","SG",43,1,342,28,84,0.333,17,46,0.37,11,38,0.289,0.435,16,24,0.667,10,49,59,23,15,4,20,39,89,0,"",0
"422","kaminfr01",2023,"Frank Kaminsky",29,"2TM","C",36,0,235,31,63,0.492,13,33,0.394,18,30,0.6,0.595,14,16,0.875,7,45,52,32,6,4,9,22,89,0,"",0
"423","taylote01",2023,"Terry Taylor",23,"2TM","PF",31,2,264,39,75,0.52,5,19,0.263,34,56,0.607,0.553,6,11,0.545,27,20,47,10,3,6,9,26,89,0,"",0
"424","juzanjo01",2023,"Johnny Juzang",21,"UTA","SG",18,0,232,35,104,0.337,15,63,0.238,20,41,0.488,0.409,2,4,0.5,8,31,39,8,4,3,3,13,87,0,"",0
"425","dukeda01",2023,"David Duke Jr.",23,"BRK","SG",23,0,228,36,78,0.462,1,12,0.083,35,66,0.53,0.468,12,17,0.706,11,18,29,21,10,1,18,31,85,0,"",0
"426","terryda01",2023,"Dalen Terry",20,"CHI","SG",38,0,214,32,72,0.444,7,27,0.259,25,45,0.556,0.493,14,21,0.667,12,25,37,22,11,5,8,24,85,0,"",0
"427","jovicni01",2023,"Nikola Jović",19,"MIA","PF",15,8,204,28,69,0.406,8,35,0.229,20,34,0.588,0.464,18,19,0.947,9,22,31,10,7,2,10,19,82,0,"",0
"428","chandke01",2023,"Kennedy Chandler",20,"MEM","PG",36,0,281,35,83,0.422,2,15,0.133,33,68,0.485,0.434,6,13,0.462,9,29,38,58,12,5,18,15,78,0,"",0
"429","watsope01",2023,"Peyton Watson",20,"DEN","SG",23,2,186,29,59,0.492,6,14,0.429,23,45,0.511,0.542,11,20,0.55,8,29,37,11,2,11,8,14,75,0,"",0
"430","walkeke02",2023,"Kemba Walker",32,"DAL","PG",9,1,144,24,57,0.421,7,28,0.25,17,29,0.586,0.482,17,21,0.81,3,13,16,19,2,2,4,11,72,0,"",0
"431","samanlu01",2023,"Luka Šamanić",23,"UTA","PF",7,4,161,26,57,0.456,8,31,0.258,18,26,0.692,0.526,9,13,0.692,0,30,30,15,6,2,10,17,69,0,"",0
"432","ibakase01",2023,"Serge Ibaka",33,"MIL","C",16,0,185,26,54,0.481,6,18,0.333,20,36,0.556,0.537,8,13,0.615,15,29,44,4,2,7,11,23,66,0,"",0
"433","dowtije01",2023,"Jeff Dowtin Jr.",25,"TOR","PG",25,0,259,25,57,0.439,5,16,0.313,20,41,0.488,0.482,6,9,0.667,6,17,23,31,9,3,5,13,61,0,"",0
"434","greenda02",2023,"Danny Green",35,"2TM","SG",11,0,138,22,49,0.449,16,37,0.432,6,12,0.5,0.612,1,1,1,3,11,14,6,6,3,10,16,61,0,"",0
"435","diabamo01",2023,"Moussa Diabaté",21,"LAC","C",22,1,195,24,47,0.511,1,2,0.5,23,45,0.511,0.521,10,16,0.625,31,19,50,4,7,8,9,15,59,0,"",0
"436","diakima01",2023,"Mamadi Diakite",26,"CLE","C",22,2,176,24,50,0.48,7,21,0.333,17,29,0.586,0.55,2,2,1,8,22,30,8,4,9,12,26,57,0,"",0
"437","jacksqu01",2023,"Quenton Jackson",24,"WAS","PG",9,0,135,19,42,0.452,1,12,0.083,18,30,0.6,0.464,17,22,0.773,2,6,8,15,4,1,4,10,56,0,"",0
"438","lawsoaj01",2023,"A.J. Lawson",22,"2TM","SG",15,0,108,22,44,0.5,10,25,0.4,12,19,0.632,0.614,2,8,0.25,6,15,21,2,2,0,3,11,56,0,"",0
"439","isaacjo01",2023,"Jonathan Isaac",25,"ORL","PF",11,0,124,22,53,0.415,6,15,0.4,16,38,0.421,0.472,5,9,0.556,15,29,44,6,14,4,4,5,55,0,"",0
"440","willije02",2023,"Jeenathan Williams",23,"POR","SG",5,4,127,24,39,0.615,3,8,0.375,21,31,0.677,0.654,2,3,0.667,10,5,15,10,3,2,4,13,53,0,"",0
"441","forretr01",2023,"Trent Forrest",24,"ATL","SG",23,3,277,25,60,0.417,0,2,0,25,58,0.431,0.417,2,3,0.667,5,32,37,38,7,2,15,17,52,0,"",0
"442","antetth01",2023,"Thanasis Antetokounmpo",30,"MIL","PF",37,0,206,20,46,0.435,0,8,0,20,38,0.526,0.435,11,22,0.5,15,29,44,15,3,3,12,22,51,0,"",0
"443","huffja01",2023,"Jay Huff",24,"WAS","C",7,0,95,15,25,0.6,6,12,0.5,9,13,0.692,0.72,15,16,0.938,6,15,21,10,3,4,5,15,51,0,"",0
"444","johnsja01",2023,"James Johnson",35,"IND","PF",18,1,162,22,49,0.449,3,15,0.2,19,34,0.559,0.48,4,8,0.5,4,26,30,15,7,6,8,32,51,0,"",0
"445","templga01",2023,"Garrett Temple",36,"NOP","SG",25,0,162,18,45,0.4,11,26,0.423,7,19,0.368,0.522,3,4,0.75,5,12,17,13,9,2,4,15,50,0,"",0
"446","wiggili01",2023,"Lindell Wigginton",24,"MIL","PG",7,1,87,18,37,0.486,6,18,0.333,12,19,0.632,0.568,8,9,0.889,0,7,7,14,0,2,12,7,50,0,"",0
"447","theisda01",2023,"Daniel Theis",30,"IND","C",7,1,109,21,44,0.477,2,11,0.182,19,33,0.576,0.5,5,12,0.417,7,15,22,9,2,6,3,7,49,0,"",0
"448","dellama01",2023,"Matthew Dellavedova",32,"SAC","PG",32,0,213,17,50,0.34,9,27,0.333,8,23,0.348,0.43,4,7,0.571,1,12,13,41,7,0,10,20,47,0,"",0
"449","minotjo01",2023,"Josh Minott",20,"MIN","SF",15,0,96,18,36,0.5,2,6,0.333,16,30,0.533,0.528,8,8,1,5,20,25,5,4,6,3,10,46,0,"",0
"450","okpalkz01",2023,"KZ Okpala",23,"SAC","PF",35,3,248,16,38,0.421,7,21,0.333,9,17,0.529,0.513,7,8,0.875,7,27,34,13,7,7,7,39,46,0,"",0
"451","butlejo01",2023,"John Butler",20,"POR","C",19,1,221,17,53,0.321,8,35,0.229,9,18,0.5,0.396,3,4,0.75,3,14,17,11,7,9,1,22,45,0,"",0
"452","rhodeja01",2023,"Jared Rhoden",23,"DET","SG",14,0,198,17,44,0.386,5,20,0.25,12,24,0.5,0.443,6,6,1,11,26,37,4,4,1,3,23,45,0,"",0
"453","culveja01",2023,"Jarrett Culver",23,"ATL","SF",10,1,137,17,43,0.395,1,12,0.083,16,31,0.516,0.407,9,13,0.692,10,28,38,6,6,2,7,14,44,0,"",0
"454","harrish01",2023,"Shaquille Harrison",29,"POR","SG",5,0,120,15,36,0.417,3,10,0.3,12,26,0.462,0.458,11,15,0.733,1,21,22,30,11,2,6,12,44,0,"",0
"455","porteot01",2023,"Otto Porter Jr.",29,"TOR","SF",8,2,146,15,30,0.5,6,17,0.353,9,13,0.692,0.6,8,8,1,6,13,19,8,11,0,4,7,44,0,"",0
"456","smithdr01",2023,"Dru Smith",25,"2TM","SG",15,1,158,18,45,0.4,5,19,0.263,13,26,0.5,0.456,3,3,1,2,22,24,22,10,4,3,23,44,0,"",0
"457","birchkh01",2023,"Khem Birch",30,"TOR","C",20,0,162,19,32,0.594,1,2,0.5,18,30,0.6,0.609,4,5,0.8,8,17,25,7,5,5,8,24,43,0,"",0
"458","lenal01",2023,"Alex Len",29,"SAC","C",26,2,161,16,30,0.533,0,2,0,16,28,0.571,0.533,11,16,0.688,24,36,60,12,4,11,16,28,43,0,"",0
"459","leoname01",2023,"Meyers Leonard",30,"MIL","C",9,2,114,14,29,0.483,7,18,0.389,7,11,0.636,0.603,8,9,0.889,12,22,34,1,2,0,6,16,43,0,"",0
"460","moorewe01",2023,"Wendell Moore Jr.",21,"MIN","SG",29,2,153,18,43,0.419,2,17,0.118,16,26,0.615,0.442,4,5,0.8,4,14,18,18,8,5,8,13,42,0,"",0
"461","sprinja01",2023,"Jaden Springer",20,"PHI","SG",16,2,89,17,35,0.486,2,5,0.4,15,30,0.5,0.514,6,8,0.75,6,8,14,8,7,3,3,15,42,0,"",0
"462","prestja01",2023,"Jason Preston",23,"LAC","PG",14,0,124,18,41,0.439,5,18,0.278,13,23,0.565,0.5,0,2,0,2,20,22,27,2,0,10,7,41,0,"",0
"463","yurtsom01",2023,"Omer Yurtseven",24,"MIA","C",9,0,83,16,27,0.593,3,7,0.429,13,20,0.65,0.648,5,6,0.833,8,15,23,2,2,2,4,16,40,0,"",0
"464","cooksxa01",2023,"Xavier Cooks",27,"WAS","PF",10,1,126,17,28,0.607,0,1,0,17,27,0.63,0.607,4,10,0.4,16,22,38,6,6,4,8,13,38,0,"",0
"465","butleja02",2023,"Jared Butler",22,"OKC","PG",6,1,77,15,32,0.469,7,14,0.5,8,18,0.444,0.578,0,0,NA,1,3,4,8,5,0,5,5,37,0,"",0
"466","krejcvi01",2023,"Vit Krejci",22,"ATL","PG",29,0,165,15,37,0.405,5,21,0.238,10,16,0.625,0.473,1,2,0.5,6,20,26,17,5,1,5,17,36,0,"",0
"467","sarrol01",2023,"Olivier Sarr",23,"OKC","C",9,1,114,15,30,0.5,1,8,0.125,14,22,0.636,0.517,5,7,0.714,12,19,31,4,1,5,4,17,36,0,"",0
"468","martico01",2023,"Cody Martin",27,"CHO","SF",7,0,134,14,36,0.389,3,14,0.214,11,22,0.5,0.431,4,7,0.571,8,16,24,11,4,1,2,13,35,0,"",0
"469","noelne01",2023,"Nerlens Noel",28,"2TM","C",17,4,195,13,36,0.361,1,2,0.5,12,34,0.353,0.375,8,12,0.667,10,36,46,10,16,10,13,32,35,0,"",0
"470","mobleis01",2023,"Isaiah Mobley",23,"CLE","PF",12,0,84,12,28,0.429,3,8,0.375,9,20,0.45,0.482,4,4,1,4,16,20,3,4,3,1,8,31,0,"",0
"471","willivi01",2023,"Vince Williams Jr.",22,"MEM","SG",15,1,105,12,40,0.3,4,28,0.143,8,12,0.667,0.35,2,2,1,4,11,15,4,6,2,5,12,30,0,"",0
"472","browngr01",2023,"Greg Brown III",21,"POR","PF",16,0,93,11,28,0.393,1,7,0.143,10,21,0.476,0.411,5,12,0.417,2,17,19,3,4,5,6,13,28,0,"",0
"473","halljo02",2023,"Jordan Hall",21,"SAS","SF",9,0,83,9,28,0.321,3,15,0.2,6,13,0.462,0.375,7,9,0.778,3,9,12,11,1,0,7,6,28,0,"",0
"474","primojo01",2023,"Joshua Primo",20,"SAS","SG",4,0,93,9,26,0.346,3,12,0.25,6,14,0.429,0.404,7,9,0.778,2,11,13,18,1,2,11,8,28,0,"",0
"475","hasleud01",2023,"Udonis Haslem",42,"MIA","C",7,1,71,10,29,0.345,3,9,0.333,7,20,0.35,0.397,4,5,0.8,4,7,11,0,1,2,1,11,27,0,"",0
"476","arcidry01",2023,"Ryan Arcidiacono",28,"2TM","PG",20,4,172,9,37,0.243,8,23,0.348,1,14,0.071,0.351,0,0,NA,0,15,15,23,5,0,7,17,26,0,"",0
"477","mccluma01",2023,"Mac McClung",24,"PHI","SG",2,0,41,9,20,0.45,4,11,0.364,5,9,0.556,0.55,3,5,0.6,3,7,10,9,0,0,3,3,25,0,"",0
"478","merrisa01",2023,"Sam Merrill",26,"CLE","SG",5,0,59,9,22,0.409,5,18,0.278,4,4,1,0.523,2,2,1,0,9,9,5,4,0,0,3,25,0,"",0
"479","vonleno01",2023,"Noah Vonleh",27,"BOS","C",23,1,171,11,24,0.458,1,4,0.25,10,20,0.5,0.479,2,2,1,18,30,48,7,2,8,11,35,25,0,"",0
"480","elliske01",2023,"Keon Ellis",23,"SAC","SG",16,0,71,7,16,0.438,6,12,0.5,1,4,0.25,0.625,4,7,0.571,4,4,8,6,5,1,1,10,24,0,"",0
"481","pottemi01",2023,"Micah Potter",24,"UTA","PF",7,0,52,10,15,0.667,4,7,0.571,6,8,0.75,0.8,0,0,NA,3,13,16,4,1,0,2,5,24,0,"",0
"482","yorkga01",2023,"Gabe York",29,"IND","SG",3,0,56,8,21,0.381,6,18,0.333,2,3,0.667,0.524,2,2,1,0,6,6,5,2,0,0,5,24,0,"",0
"483","rolliry01",2023,"Ryan Rollins",20,"GSW","PG",12,0,62,7,20,0.35,3,9,0.333,4,11,0.364,0.425,6,6,1,3,9,12,6,1,1,16,10,23,0,"",0
"484","brantja01",2023,"Jarrell Brantley",26,"UTA","PF",4,0,39,8,14,0.571,4,9,0.444,4,5,0.8,0.714,2,2,1,1,5,6,3,0,2,2,3,22,0,"",0
"485","doziepj01",2023,"PJ Dozier",26,"SAC","SF",16,0,79,10,33,0.303,2,16,0.125,8,17,0.471,0.333,0,0,NA,1,13,14,10,6,1,5,7,22,0,"",0
"486","martity01",2023,"Tyrese Martin",23,"ATL","SG",16,0,66,9,23,0.391,1,7,0.143,8,16,0.5,0.413,2,2,1,5,7,12,2,1,0,2,2,21,0,"",0
"487","queentr01",2023,"Trevelin Queen",25,"IND","SG",7,0,70,7,29,0.241,2,15,0.133,5,14,0.357,0.276,5,5,1,8,9,17,6,2,5,7,4,21,0,"",0
"488","whiteja03",2023,"Jack White",25,"DEN","SF",17,0,66,8,19,0.421,3,9,0.333,5,10,0.5,0.5,2,3,0.667,6,11,17,4,3,2,2,9,21,0,"",0
"489","harpero02",2023,"Ron Harper Jr.",22,"TOR","PF",9,0,48,8,16,0.5,3,9,0.333,5,7,0.714,0.594,1,1,1,3,4,7,4,0,1,0,3,20,0,"",0
"490","jacksju01",2023,"Justin Jackson",27,"BOS","SF",23,0,107,7,27,0.259,5,20,0.25,2,7,0.286,0.352,1,2,0.5,2,15,17,9,4,4,2,7,20,0,"",0
"491","jonesca03",2023,"Carlik Jones",25,"CHI","PG",7,0,56,6,15,0.4,3,6,0.5,3,9,0.333,0.5,5,8,0.625,1,4,5,6,2,0,2,2,20,0,"",0
"492","kinglo02",2023,"Louis King",23,"PHI","PF",1,0,29,8,13,0.615,4,8,0.5,4,5,0.8,0.769,0,1,0,2,2,4,2,1,0,2,4,20,0,"",0
"493","bradlto01",2023,"Tony Bradley",25,"CHI","C",12,0,33,6,12,0.5,3,5,0.6,3,7,0.429,0.625,4,4,1,1,10,11,1,1,1,1,2,19,0,"",0
"494","davisjd01",2023,"JD Davison",20,"BOS","SG",12,0,66,8,19,0.421,2,7,0.286,6,12,0.5,0.474,1,2,0.5,2,7,9,11,2,2,4,5,19,0,"",0
"495","cartemi01",2023,"Michael Carter-Williams",31,"ORL","PG",4,0,44,6,14,0.429,1,3,0.333,5,11,0.455,0.464,4,7,0.571,1,4,5,7,1,1,4,5,17,0,"",0
"496","iguodan01",2023,"Andre Iguodala",39,"GSW","PF",8,0,113,7,15,0.467,1,9,0.111,6,6,1,0.5,2,3,0.667,3,14,17,19,4,3,9,11,17,0,"",0
"497","minayju01",2023,"Justin Minaya",23,"POR","SF",4,0,89,7,23,0.304,3,12,0.25,4,11,0.364,0.37,0,1,0,3,12,15,4,2,5,4,9,17,0,"",0
"498","sneedxa01",2023,"Xavier Sneed",25,"CHO","SF",4,0,48,5,10,0.5,3,6,0.5,2,4,0.5,0.65,4,4,1,0,5,5,5,0,1,3,7,17,0,"",0
"499","boehebu01",2023,"Buddy Boeheim",23,"DET","SF",10,0,90,5,27,0.185,4,25,0.16,1,2,0.5,0.259,2,2,1,2,4,6,4,2,0,0,6,16,0,"",0
"500","grayra01",2023,"RaiQuan Gray",23,"BRK","PF",1,0,35,6,12,0.5,2,5,0.4,4,7,0.571,0.583,2,2,1,3,6,9,7,0,1,4,5,16,0,"",0
"501","bouyeja01",2023,"Jamaree Bouyea",23,"2TM","PG",5,0,71,6,14,0.429,2,6,0.333,4,8,0.5,0.5,1,2,0.5,1,5,6,4,4,2,4,6,15,0,"",0
"502","daysda01",2023,"Darius Days",23,"HOU","SF",4,0,25,5,12,0.417,3,10,0.3,2,2,1,0.542,2,2,1,1,5,6,1,0,1,0,2,15,0,"",0
"503","pippesc02",2023,"Scotty Pippen Jr.",22,"LAL","PG",6,0,32,4,12,0.333,1,3,0.333,3,9,0.333,0.375,5,9,0.556,2,2,4,2,2,1,2,3,14,0,"",0
"504","scrubja01",2023,"Jay Scrubb",22,"ORL","SG",2,0,30,5,7,0.714,2,2,1,3,5,0.6,0.857,1,2,0.5,0,6,6,1,2,0,3,2,13,0,"",0
"505","quetane01",2023,"Neemias Queta",23,"SAC","C",5,0,29,6,9,0.667,0,0,NA,6,9,0.667,0.667,0,2,0,5,6,11,1,0,2,1,7,12,0,"",0
"506","champju01",2023,"Justin Champagnie",21,"2TM","SF",5,0,34,5,15,0.333,1,5,0.2,4,10,0.4,0.367,0,0,NA,3,5,8,4,1,0,0,2,11,0,"",0
"507","campafa01",2023,"Facundo Campazzo",31,"DAL","PG",8,0,52,3,13,0.231,3,11,0.273,0,2,0,0.346,1,2,0.5,0,2,2,9,6,0,3,3,10,0,"",0
"508","quinole01",2023,"Lester Quiñones",22,"GSW","SG",4,0,18,2,5,0.4,2,4,0.5,0,1,0,0.6,4,6,0.667,1,2,3,2,1,0,5,0,10,0,"",0
"509","brownke03",2023,"Kendall Brown",19,"IND","SG",6,0,40,4,7,0.571,0,1,0,4,6,0.667,0.571,1,2,0.5,2,4,6,3,4,0,2,9,9,0,"",0
"510","dorsety01",2023,"Tyler Dorsey",26,"DAL","SF",3,0,8,4,5,0.8,1,2,0.5,3,3,1,0.9,0,0,NA,1,1,2,0,0,0,0,0,9,0,"",0
"511","hudgitr01",2023,"Trevor Hudgins",23,"HOU","PG",5,0,28,2,9,0.222,2,8,0.25,0,1,0,0.333,3,3,1,0,0,0,3,0,0,1,1,9,0,"",0
"512","swideco01",2023,"Cole Swider",23,"LAL","SF",7,0,41,3,9,0.333,3,8,0.375,0,1,0,0.5,0,0,NA,1,6,7,4,0,0,0,3,9,0,"",0
"513","toddis01",2023,"Isaiah Todd",21,"WAS","PF",6,1,61,3,19,0.158,1,10,0.1,2,9,0.222,0.184,2,2,1,2,10,12,4,1,0,2,4,9,0,"",0
"514","wieskjo01",2023,"Joe Wieskamp",23,"TOR","SF",9,0,50,3,14,0.214,3,12,0.25,0,2,0,0.321,0,0,NA,0,4,4,3,0,0,1,3,9,0,"",0
"515","comanch01",2023,"Chance Comanche",26,"POR","C",1,0,21,3,5,0.6,0,0,NA,3,5,0.6,0.6,1,4,0.25,2,1,3,0,0,1,0,0,7,0,"",0
"516","johnsal02",2023,"Alize Johnson",26,"SAS","PF",4,0,30,3,6,0.5,0,2,0,3,4,0.75,0.5,1,2,0.5,2,8,10,1,1,0,4,3,7,0,"",0
"517","moonxa01",2023,"Xavier Moon",28,"LAC","SG",4,0,20,3,9,0.333,1,3,0.333,2,6,0.333,0.389,0,0,NA,0,3,3,5,0,0,1,2,7,0,"",0
"518","bolmale01",2023,"Leandro Bolmaro",22,"UTA","SF",14,0,68,3,20,0.15,0,4,0,3,16,0.188,0.15,0,0,NA,4,3,7,7,3,1,7,10,6,0,"",0
"519","careyve01",2023,"Vernon Carey Jr.",21,"WAS","C",11,0,28,2,8,0.25,0,0,NA,2,8,0.25,0.25,2,2,1,3,8,11,3,2,2,2,5,6,0,"",0
"520","kabenmf01",2023,"Mfiondu Kabengele",25,"BOS","PF",4,0,36,2,7,0.286,0,3,0,2,4,0.5,0.286,2,2,1,5,5,10,0,2,0,1,3,6,0,"",0
"521","simonma01",2023,"Marko Simonovic",23,"CHI","C",7,0,20,2,7,0.286,1,4,0.25,1,3,0.333,0.357,1,2,0.5,1,1,2,0,0,0,0,5,6,0,"",0
"522","hillma01",2023,"Malcolm Hill",27,"CHI","SF",5,0,9,2,4,0.5,1,3,0.333,1,1,1,0.625,0,0,NA,0,3,3,0,0,0,0,1,5,0,"",0
"523","simmoko01",2023,"Kobi Simmons",25,"CHO","SG",5,0,28,1,6,0.167,1,5,0.2,0,1,0,0.25,2,2,1,1,3,4,5,0,2,1,0,5,0,"",0
"524","windldy01",2023,"Dylan Windler",26,"CLE","SF",3,0,10,2,3,0.667,1,2,0.5,1,1,1,0.833,0,0,NA,0,0,0,1,1,0,1,0,5,0,"",0
"525","keybr01",2023,"Braxton Key",25,"DET","SF",3,0,9,1,1,1,0,0,NA,1,1,1,1,2,2,1,0,1,1,0,0,0,0,0,4,0,"",0
"526","seabrde01",2023,"Dereon Seabron",22,"NOP","SG",5,0,12,2,5,0.4,0,0,NA,2,5,0.4,0.4,0,0,NA,1,0,1,0,0,0,0,1,4,0,"",0
"527","willido02",2023,"Donovan Williams",21,"ATL","SG",2,0,4,2,5,0.4,0,2,0,2,3,0.667,0.4,0,0,NA,0,2,2,0,0,0,0,0,4,0,"",0
"528","dotsode01",2023,"Devon Dotson",23,"WAS","PG",6,0,53,1,10,0.1,1,4,0.25,0,6,0,0.15,0,0,NA,6,4,10,8,5,0,3,9,3,0,"",0
"529","gilyaja01",2023,"Jacob Gilyard",24,"MEM","PG",1,0,41,1,3,0.333,1,3,0.333,0,0,NA,0.5,0,0,NA,0,4,4,7,3,0,2,3,3,0,"",0
"530","keelstr01",2023,"Trevor Keels",19,"NYK","SG",3,0,8,1,4,0.25,1,4,0.25,0,0,NA,0.375,0,0,NA,0,2,2,0,0,0,0,0,3,0,"",0
"531","schakjo01",2023,"Jordan Schakel",24,"WAS","SF",2,0,6,1,2,0.5,1,1,1,0,1,0,0.75,0,0,NA,0,0,0,1,1,0,0,1,3,0,"",0
"532","monekch01",2023,"Chima Moneke",27,"SAC","SF",2,0,8,1,2,0.5,0,0,NA,1,2,0.5,0.5,0,2,0,2,0,2,1,0,0,2,2,2,0,"",0
"533","silvach01",2023,"Chris Silva",26,"DAL","PF",1,0,3,1,1,1,0,0,NA,1,1,1,1,0,0,NA,0,0,0,0,0,0,1,2,2,0,"",0
"534","umudest01",2023,"Stanley Umude",23,"DET","SG",1,0,2,0,1,0,0,1,0,0,0,NA,0,2,2,1,0,0,0,0,1,1,0,0,2,0,"",0
"535","brownst02",2023,"Sterling Brown",27,"LAL","SF",4,0,24,0,4,0,0,2,0,0,2,0,0,0,0,NA,3,5,8,2,3,0,0,4,0,0,"",0
"536","burtode02",2023,"Deonte Burton",29,"SAC","PF",2,0,6,0,2,0,0,1,0,0,1,0,0,0,0,NA,0,0,0,0,0,0,0,0,0,0,"",0
"537","fostemi02",2023,"Michael Foster Jr.",20,"PHI","PF",1,0,1,0,0,NA,0,0,NA,0,0,NA,NA,0,0,NA,0,0,0,0,0,0,0,0,0,0,"",0
"538","jacksfr01",2023,"Frank Jackson",24,"UTA","PG",1,0,5,0,3,0,0,1,0,0,2,0,0,0,0,NA,1,1,2,1,0,0,0,0,0,0,"",0
"539","willial06",2023,"Alondes Williams",23,"BRK","SG",1,0,5,0,0,NA,0,0,NA,0,0,NA,NA,0,0,NA,0,1,1,0,0,0,2,1,0,0,"",0
"540","jokicni01",2023,"Nikola Jokić",27,"DEN","C",20,20,789,227,414,0.548,35,76,0.461,192,338,0.568,0.591,111,139,0.799,69,200,269,190,21,20,70,69,600,10,"Finals MVP-1",1
"541","butleji01",2023,"Jimmy Butler",33,"MIA","PF",22,22,874,207,442,0.468,28,78,0.359,179,364,0.492,0.5,150,186,0.806,47,95,142,129,39,14,41,37,592,0,"",1
"542","tatumja01",2023,"Jayson Tatum",24,"BOS","SF",20,20,799,185,404,0.458,53,164,0.323,132,240,0.55,0.524,120,137,0.876,26,184,210,105,21,21,56,44,543,0,"",1
"543","murraja01",2023,"Jamal Murray",25,"DEN","PG",20,20,799,194,410,0.473,59,149,0.396,135,261,0.517,0.545,75,81,0.926,15,98,113,142,30,5,50,41,522,1,"",1
"544","brownja02",2023,"Jaylen Brown",26,"BOS","SF",20,20,751,181,365,0.496,40,113,0.354,141,252,0.56,0.551,51,74,0.689,25,87,112,68,21,8,66,61,453,0,"",1
"545","adebaba01",2023,"Bam Adebayo",25,"MIA","C",23,23,850,167,347,0.481,0,3,0,167,344,0.485,0.481,78,95,0.821,63,164,227,85,20,15,62,71,412,1,"",1
"546","curryst01",2023,"Stephen Curry",34,"GSW","PG",13,13,493,145,311,0.466,57,157,0.363,88,154,0.571,0.558,49,58,0.845,9,58,67,79,13,6,42,34,396,1,"",1
"547","jamesle01",2023,"LeBron James",38,"LAL","PF",16,16,619,147,295,0.498,28,106,0.264,119,189,0.63,0.546,70,92,0.761,25,133,158,104,17,18,40,28,392,0,"",1
"548","bookede01",2023,"Devin Booker",26,"PHO","SG",11,11,459,141,241,0.585,31,61,0.508,110,180,0.611,0.649,58,67,0.866,12,41,53,79,19,9,32,37,371,0,"",1
"549","davisan02",2023,"Anthony Davis",29,"LAL","C",16,16,608,132,254,0.52,5,15,0.333,127,239,0.531,0.53,92,108,0.852,38,187,225,41,22,50,34,46,361,0,"",1
"550","duranke01",2023,"Kevin Durant",34,"PHO","PF",11,11,466,107,224,0.478,17,51,0.333,90,173,0.52,0.516,88,96,0.917,7,89,96,61,9,15,39,29,319,0,"",1
"551","brunsja01",2023,"Jalen Brunson",26,"NYK","PG",11,11,443,109,230,0.474,26,80,0.325,83,150,0.553,0.53,62,68,0.912,9,45,54,62,17,1,23,26,306,0,"",1
"552","smartma01",2023,"Marcus Smart",28,"BOS","PG",20,20,679,101,223,0.453,44,122,0.361,57,101,0.564,0.552,52,65,0.8,21,59,80,101,25,5,45,37,298,0,"",1
"553","martica02",2023,"Caleb Martin",27,"MIA","SF",23,4,694,109,206,0.529,44,104,0.423,65,102,0.637,0.636,29,35,0.829,27,98,125,36,20,9,24,55,291,0,"",1
"554","vincega01",2023,"Gabe Vincent",26,"MIA","PG",22,22,672,99,246,0.402,51,135,0.378,48,111,0.432,0.506,30,34,0.882,8,23,31,78,19,4,31,66,279,0,"",1
"555","reaveau01",2023,"Austin Reaves",24,"LAL","SG",16,16,579,90,194,0.464,39,88,0.443,51,106,0.481,0.564,51,57,0.895,20,51,71,73,10,3,25,39,270,0,"",1
"556","portemi01",2023,"Michael Porter Jr.",24,"DEN","SF",20,20,654,99,234,0.423,46,131,0.351,53,103,0.515,0.521,23,29,0.793,20,142,162,31,10,11,9,42,267,0,"",1
"557","whitede01",2023,"Derrick White",28,"BOS","SG",20,16,593,93,184,0.505,50,110,0.455,43,74,0.581,0.641,31,34,0.912,13,46,59,42,12,20,18,38,267,0,"",1
"558","gordoaa01",2023,"Aaron Gordon",27,"DEN","PF",20,20,713,101,195,0.518,18,46,0.391,83,149,0.557,0.564,45,69,0.652,49,71,120,52,11,13,20,58,265,0,"",1
"559","thompkl01",2023,"Klay Thompson",32,"GSW","SF",13,13,468,85,219,0.388,50,136,0.368,35,83,0.422,0.502,21,24,0.875,1,53,54,29,7,4,26,28,241,0,"",1
"560","brownbr01",2023,"Bruce Brown",26,"DEN","SF",20,0,530,90,176,0.511,18,57,0.316,72,119,0.605,0.563,42,49,0.857,15,65,80,38,21,9,23,49,240,0,"",1
"561","brogdma01",2023,"Malcolm Brogdon",30,"BOS","PG",19,0,474,82,196,0.418,33,87,0.379,49,109,0.45,0.503,29,35,0.829,13,53,66,55,3,5,19,29,226,0,"",1
"562","maxeyty01",2023,"Tyrese Maxey",22,"PHI","SG",11,11,423,82,192,0.427,34,85,0.4,48,107,0.449,0.516,28,31,0.903,9,44,53,25,15,5,8,26,226,0,"",1
"563","hardeja01",2023,"James Harden",33,"PHI","PG",11,11,427,72,183,0.393,31,82,0.378,41,101,0.406,0.478,48,55,0.873,6,62,68,91,20,4,35,28,223,0,"",1
"564","wiggian01",2023,"Andrew Wiggins",27,"GSW","SF",13,12,442,83,181,0.459,19,64,0.297,64,117,0.547,0.511,32,47,0.681,24,49,73,25,11,15,17,45,217,0,"",1
"565","strusma01",2023,"Max Strus",26,"MIA","SF",23,23,648,76,189,0.402,43,135,0.319,33,54,0.611,0.516,20,25,0.8,14,69,83,33,8,7,6,47,215,0,"",1
"566","embiijo01",2023,"Joel Embiid",28,"PHI","C",9,9,336,66,153,0.431,5,28,0.179,61,125,0.488,0.448,76,84,0.905,16,72,88,24,6,25,35,27,213,0,"",1
"567","russeda01",2023,"D'Angelo Russell",26,"LAL","PG",16,15,473,83,195,0.426,27,87,0.31,56,108,0.519,0.495,20,26,0.769,10,37,47,74,11,5,29,32,213,0,"",1
"568","barrerj01",2023,"RJ Barrett",22,"NYK","SG",11,11,377,71,164,0.433,20,61,0.328,51,103,0.495,0.494,50,65,0.769,5,44,49,31,9,2,25,25,212,0,"",1
"569","caldwke01",2023,"Kentavious Caldwell-Pope",29,"DEN","SG",20,20,671,74,162,0.457,35,92,0.38,39,70,0.557,0.565,29,35,0.829,14,51,65,31,26,13,15,48,212,0,"",1
"570","lowryky01",2023,"Kyle Lowry",36,"MIA","PG",23,1,599,74,174,0.425,33,88,0.375,41,86,0.477,0.52,31,33,0.939,12,69,81,101,24,14,40,59,212,0,"",1
"571","robindu01",2023,"Duncan Robinson",28,"MIA","SF",23,1,418,75,158,0.475,50,113,0.442,25,45,0.556,0.633,7,8,0.875,1,33,34,39,8,3,20,36,207,0,"",1
"572","hachiru01",2023,"Rui Hachimura",24,"LAL","PF",16,1,388,73,131,0.557,19,39,0.487,54,92,0.587,0.63,30,34,0.882,9,49,58,10,8,4,10,25,195,0,"",1
"573","foxde01",2023,"De'Aaron Fox",25,"SAC","PG",7,7,270,70,165,0.424,21,63,0.333,49,102,0.48,0.488,31,41,0.756,12,26,38,54,15,4,28,23,192,0,"",1
"574","youngtr01",2023,"Trae Young",24,"ATL","PG",6,6,230,60,149,0.403,18,54,0.333,42,95,0.442,0.463,37,43,0.86,5,17,22,61,10,4,24,11,175,0,"",1
"575","harrito02",2023,"Tobias Harris",30,"PHI","SF",11,11,392,70,134,0.522,15,41,0.366,55,93,0.591,0.578,13,15,0.867,17,63,80,18,7,6,8,28,168,0,"",1
"576","randlju01",2023,"Julius Randle",28,"NYK","PF",10,10,330,55,147,0.374,17,66,0.258,38,81,0.469,0.432,39,55,0.709,17,66,83,36,5,3,35,24,166,0,"",1
"577","edwaran01",2023,"Anthony Edwards",21,"MIN","SG",5,5,199,55,114,0.482,15,43,0.349,40,71,0.563,0.548,33,39,0.846,3,22,25,26,9,10,8,13,158,0,"",1
"578","williro04",2023,"Robert Williams",25,"BOS","C",20,4,417,67,85,0.788,0,1,0,67,84,0.798,0.788,19,28,0.679,36,83,119,19,9,25,16,44,153,0,"",1
"579","banede01",2023,"Desmond Bane",24,"MEM","SG",6,6,231,49,116,0.422,16,50,0.32,33,66,0.5,0.491,27,29,0.931,7,29,36,19,3,0,17,19,141,0,"",1
"580","loveke01",2023,"Kevin Love",34,"MIA","PF",20,18,359,45,119,0.378,33,88,0.375,12,31,0.387,0.517,14,16,0.875,14,97,111,24,9,7,10,35,137,0,"",1
"581","aytonde01",2023,"Deandre Ayton",24,"PHO","C",10,10,319,61,111,0.55,0,0,NA,61,111,0.55,0.55,12,23,0.522,29,68,97,10,6,7,17,35,134,0,"",1
"582","poolejo01",2023,"Jordan Poole",23,"GSW","PG",13,4,284,46,135,0.341,16,63,0.254,30,72,0.417,0.4,26,34,0.765,4,24,28,46,10,3,15,32,134,0,"",1
"583","horfoal01",2023,"Al Horford",36,"BOS","C",20,20,617,51,132,0.386,28,94,0.298,23,38,0.605,0.492,3,4,0.75,30,113,143,59,22,34,11,47,133,0,"",1
"584","monkma01",2023,"Malik Monk",24,"SAC","SG",7,0,205,38,93,0.409,13,39,0.333,25,54,0.463,0.478,44,49,0.898,6,32,38,25,5,3,14,15,133,0,"",1
"585","moranja01",2023,"Ja Morant",23,"MEM","PG",5,5,187,45,106,0.425,13,31,0.419,32,75,0.427,0.486,20,26,0.769,8,26,34,35,9,1,17,12,123,0,"",1
"586","middlkh01",2023,"Khris Middleton",31,"MIL","SF",5,5,173,40,86,0.465,13,32,0.406,27,54,0.5,0.541,26,30,0.867,7,25,32,31,3,0,17,15,119,0,"",1
"587","schrode01",2023,"Dennis Schröder",29,"LAL","PG",16,3,417,41,103,0.398,13,39,0.333,28,64,0.438,0.461,23,28,0.821,3,28,31,46,16,3,20,40,118,0,"",1
"588","westbru01",2023,"Russell Westbrook",34,"LAC","PG",5,5,192,43,105,0.41,10,28,0.357,33,77,0.429,0.457,22,25,0.88,9,29,38,37,6,7,20,15,118,0,"",1
"589","mitchdo01",2023,"Donovan Mitchell",26,"CLE","SG",5,5,207,45,104,0.433,13,45,0.289,32,59,0.542,0.495,13,18,0.722,3,22,25,36,10,3,19,14,116,0,"",1
"590","murrade01",2023,"Dejounte Murray",26,"ATL","SG",5,5,190,46,103,0.447,14,37,0.378,32,66,0.485,0.515,9,9,1,9,27,36,34,10,1,10,7,115,0,"",1
"591","sabondo01",2023,"Domantas Sabonis",26,"SAC","C",7,7,243,49,99,0.495,1,5,0.2,48,94,0.511,0.5,16,28,0.571,31,46,77,33,10,6,26,28,115,0,"",1
"592","hartjo01",2023,"Josh Hart",27,"NYK","SF",11,5,353,45,94,0.479,10,32,0.313,35,62,0.565,0.532,14,22,0.636,18,63,81,24,9,3,21,38,114,0,"",1
"593","greendr01",2023,"Draymond Green",32,"GSW","PF",12,9,367,42,91,0.462,5,20,0.25,37,71,0.521,0.489,24,33,0.727,19,64,83,82,18,12,27,48,113,0,"",1
"594","powelno01",2023,"Norman Powell",29,"LAC","SG",5,3,167,36,76,0.474,13,32,0.406,23,44,0.523,0.559,24,31,0.774,4,11,15,11,4,2,8,16,109,0,"",1
"595","jacksja02",2023,"Jaren Jackson Jr.",23,"MEM","C",6,6,220,35,83,0.422,7,25,0.28,28,58,0.483,0.464,31,36,0.861,20,27,47,9,6,12,18,24,108,0,"",1
"596","garlada01",2023,"Darius Garland",23,"CLE","PG",5,5,189,35,80,0.438,12,31,0.387,23,49,0.469,0.513,21,25,0.84,0,9,9,25,8,1,18,17,103,0,"",1
"597","huntede01",2023,"De'Andre Hunter",25,"ATL","SF",6,6,224,39,85,0.459,14,38,0.368,25,47,0.532,0.541,8,10,0.8,7,27,34,7,4,2,9,20,100,0,"",1
"598","lopezbr01",2023,"Brook Lopez",34,"MIL","C",5,5,182,39,67,0.582,7,17,0.412,32,50,0.64,0.634,10,13,0.769,14,18,32,6,7,9,11,10,95,0,"",1
"599","bridgmi01",2023,"Mikal Bridges",26,"BRK","SG",4,4,157,33,77,0.429,10,25,0.4,23,52,0.442,0.494,18,23,0.783,2,19,21,16,2,2,8,5,94,0,"",1
"600","townska01",2023,"Karl-Anthony Towns",27,"MIN","PF",5,5,180,32,70,0.457,6,24,0.25,26,46,0.565,0.5,21,28,0.75,6,45,51,10,3,4,18,21,91,0,"",1
"601","holidjr01",2023,"Jrue Holiday",32,"MIL","PG",5,5,191,34,85,0.4,12,42,0.286,22,43,0.512,0.471,9,13,0.692,4,29,33,40,5,2,12,12,89,0,"",1
"602","meltode01",2023,"De'Anthony Melton",24,"PHI","SG",11,0,274,31,81,0.383,19,49,0.388,12,32,0.375,0.5,6,8,0.75,14,22,36,18,13,9,8,20,87,0,"",1
"603","paulch01",2023,"Chris Paul",37,"PHO","PG",7,7,250,38,91,0.418,9,28,0.321,29,63,0.46,0.467,2,4,0.5,5,30,35,52,12,5,7,16,87,0,"",1
"604","looneke01",2023,"Kevon Looney",26,"GSW","C",13,8,325,37,64,0.578,0,0,NA,37,64,0.578,0.578,10,18,0.556,61,109,170,43,8,5,13,36,84,0,"",1
"605","greenje02",2023,"Jeff Green",36,"DEN","PF",20,0,343,28,62,0.452,9,28,0.321,19,34,0.559,0.524,17,19,0.895,6,25,31,14,5,7,9,43,82,0,"",1
"606","paytoga02",2023,"Gary Payton II",30,"GSW","SG",12,3,192,36,54,0.667,4,15,0.267,32,39,0.821,0.704,6,9,0.667,22,22,44,9,8,6,11,19,82,0,"",1
"607","bogdabo01",2023,"Bogdan Bogdanović",30,"ATL","SG",6,1,157,30,54,0.556,15,33,0.455,15,21,0.714,0.694,5,7,0.714,2,16,18,15,6,5,3,16,80,0,"",1
"608","walkelo01",2023,"Lonnie Walker IV",24,"LAL","SG",13,0,179,29,60,0.483,13,34,0.382,16,26,0.615,0.592,9,12,0.75,1,11,12,11,7,1,4,16,80,0,"",1
"609","toppiob01",2023,"Obi Toppin",24,"NYK","PF",11,1,175,30,70,0.429,13,43,0.302,17,27,0.63,0.521,4,5,0.8,10,29,39,7,8,3,8,12,77,0,"",1
"610","willigr01",2023,"Grant Williams",24,"BOS","PF",15,0,265,25,53,0.472,18,40,0.45,7,13,0.538,0.642,8,10,0.8,11,22,33,18,5,6,4,25,76,0,"",1
"611","barneha02",2023,"Harrison Barnes",30,"SAC","PF",7,7,196,25,60,0.417,6,25,0.24,19,35,0.543,0.467,19,26,0.731,10,14,24,5,8,2,3,5,75,0,"",1
"612","goberru01",2023,"Rudy Gobert",30,"MIN","C",5,5,177,29,46,0.63,0,0,NA,29,46,0.63,0.63,17,27,0.63,18,43,61,10,2,5,8,24,75,0,"",1
"613","leverca01",2023,"Caris LeVert",28,"CLE","SG",5,3,170,27,63,0.429,13,36,0.361,14,27,0.519,0.532,8,13,0.615,4,19,23,13,2,1,5,10,75,0,"",1
"614","johnsca02",2023,"Cameron Johnson",26,"BRK","PF",4,4,152,28,55,0.509,12,28,0.429,16,27,0.593,0.618,6,7,0.857,3,20,23,11,3,1,5,10,74,0,"",1
"615","quickim01",2023,"Immanuel Quickley",23,"NYK","SG",8,0,175,23,66,0.348,9,37,0.243,14,29,0.483,0.417,17,20,0.85,2,11,13,8,4,0,9,11,72,0,"",1
"616","craigto01",2023,"Torrey Craig",32,"PHO","PF",11,5,183,26,45,0.578,11,25,0.44,15,20,0.75,0.7,8,9,0.889,7,18,25,6,5,2,3,23,71,0,"",1
"617","divindo01",2023,"Donte DiVincenzo",26,"GSW","SG",13,1,235,24,64,0.375,15,44,0.341,9,20,0.45,0.492,8,12,0.667,11,28,39,36,11,3,17,20,71,0,"",1
"618","robinmi01",2023,"Mitchell Robinson",24,"NYK","C",11,11,298,29,48,0.604,0,0,NA,29,48,0.604,0.604,13,33,0.394,55,47,102,9,7,16,10,29,71,0,"",1
"619","antetgi01",2023,"Giannis Antetokounmpo",28,"MIL","PF",3,3,91,28,53,0.528,0,3,0,28,50,0.56,0.528,14,31,0.452,8,25,33,16,1,2,14,9,70,1,"",1
"620","moodymo01",2023,"Moses Moody",20,"GSW","SG",12,0,161,23,43,0.535,13,22,0.591,10,21,0.476,0.686,11,12,0.917,7,24,31,8,5,4,2,18,70,0,"",1
"621","leonaka01",2023,"Kawhi Leonard",31,"LAC","SF",2,2,80,24,44,0.545,6,10,0.6,18,34,0.529,0.614,15,17,0.882,3,10,13,12,4,1,6,5,69,0,"",1
"622","vandeja01",2023,"Jarred Vanderbilt",23,"LAL","PF",15,13,247,24,60,0.4,7,29,0.241,17,31,0.548,0.458,14,20,0.7,19,29,48,12,11,12,13,31,69,0,"",1
"623","collijo01",2023,"John Collins",25,"ATL","PF",6,6,164,26,60,0.433,11,32,0.344,15,28,0.536,0.525,5,6,0.833,7,19,26,5,2,6,9,13,68,0,"",1
"624","murrake02",2023,"Keegan Murray",22,"SAC","SF",7,7,194,26,58,0.448,12,32,0.375,14,26,0.538,0.552,4,6,0.667,15,29,44,5,4,2,4,18,68,0,"",1
"625","dinwisp01",2023,"Spencer Dinwiddie",29,"BRK","PG",4,4,159,22,51,0.431,7,18,0.389,15,33,0.455,0.5,15,22,0.682,1,12,13,26,5,1,12,7,66,0,"",1
"626","huertke01",2023,"Kevin Huerter",24,"SAC","SG",7,7,183,25,72,0.347,8,39,0.205,17,33,0.515,0.403,6,8,0.75,1,30,31,8,3,9,4,23,64,0,"",1
"627","brookdi01",2023,"Dillon Brooks",27,"MEM","SF",6,6,167,24,77,0.312,10,42,0.238,14,35,0.4,0.377,5,7,0.714,3,15,18,11,1,0,7,20,63,0,"",1
"628","braunch01",2023,"Christian Braun",21,"DEN","SG",19,0,247,24,45,0.533,2,10,0.2,22,35,0.629,0.556,11,19,0.579,12,27,39,11,11,4,10,29,61,0,"",1
"629","conlemi01",2023,"Mike Conley",35,"MIN","PG",5,5,183,20,42,0.476,10,22,0.455,10,20,0.5,0.595,10,11,0.909,2,11,13,32,3,0,7,11,60,0,"",1
"630","highsha01",2023,"Haywood Highsmith",26,"MIA","PF",18,0,161,24,39,0.615,8,16,0.5,16,23,0.696,0.718,4,5,0.8,10,14,24,5,10,2,2,20,60,0,"",1
"631","allengr01",2023,"Grayson Allen",27,"MIL","SG",5,5,149,19,41,0.463,14,29,0.483,5,12,0.417,0.634,6,7,0.857,1,11,12,9,2,0,4,7,58,0,"",1
"632","payneca01",2023,"Cameron Payne",28,"PHO","PG",7,4,152,23,48,0.479,11,27,0.407,12,21,0.571,0.594,0,3,0,0,14,14,20,3,2,9,15,57,0,"",1
"633","tuckepj01",2023,"P.J. Tucker",37,"PHI","PF",11,11,294,19,51,0.373,14,40,0.35,5,11,0.455,0.51,2,3,0.667,18,32,50,16,13,3,5,28,54,0,"",1
"634","mannte01",2023,"Terance Mann",26,"LAC","SG",5,0,133,19,33,0.576,9,19,0.474,10,14,0.714,0.712,6,9,0.667,7,9,16,11,4,1,9,17,53,0,"",1
"635","tillmxa01",2023,"Xavier Tillman Sr.",24,"MEM","C",6,6,183,24,45,0.533,1,4,0.25,23,41,0.561,0.544,3,5,0.6,17,31,48,19,4,4,4,17,52,0,"",1
"636","gordoer01",2023,"Eric Gordon",34,"LAC","SG",5,5,149,18,44,0.409,10,29,0.345,8,15,0.533,0.523,5,6,0.833,1,6,7,13,3,2,4,12,51,0,"",1
"637","reedpa01",2023,"Paul Reed",23,"PHI","C",11,2,157,22,38,0.579,0,0,NA,22,38,0.579,0.579,7,7,1,27,33,60,7,6,4,6,15,51,0,"",1
"638","capelca01",2023,"Clint Capela",28,"ATL","C",6,6,151,23,38,0.605,0,0,NA,23,38,0.605,0.605,4,6,0.667,15,35,50,3,6,3,4,5,50,0,"",1
"639","mitchda01",2023,"Davion Mitchell",24,"SAC","PG",7,0,140,19,46,0.413,7,27,0.259,12,19,0.632,0.489,5,6,0.833,3,6,9,12,6,1,6,7,50,0,"",1
"640","mobleev01",2023,"Evan Mobley",21,"CLE","PF",5,5,188,22,48,0.458,0,1,0,22,47,0.468,0.458,5,8,0.625,15,35,50,10,3,6,12,13,49,0,"",1
"641","connapa01",2023,"Pat Connaughton",30,"MIL","SF",4,0,88,17,30,0.567,11,23,0.478,6,7,0.857,0.75,3,4,0.75,4,16,20,7,4,1,2,10,48,0,"",1
"642","niangge01",2023,"Georges Niang",29,"PHI","PF",11,0,157,18,36,0.5,12,26,0.462,6,10,0.6,0.667,0,0,NA,0,4,4,2,0,2,5,16,48,0,"",1
"643","portibo01",2023,"Bobby Portis",27,"MIL","PF",5,2,107,20,41,0.488,5,18,0.278,15,23,0.652,0.549,3,3,1,10,31,41,6,3,2,4,15,48,0,"",1
"644","shamela01",2023,"Landry Shamet",25,"PHO","SG",10,1,184,17,45,0.378,11,29,0.379,6,16,0.375,0.5,3,4,0.75,3,14,17,11,2,1,4,15,48,0,"",1
"645","allenja01",2023,"Jarrett Allen",24,"CLE","C",5,5,191,22,36,0.611,0,0,NA,22,36,0.611,0.611,3,6,0.5,15,22,37,12,4,5,3,10,47,0,"",1
"646","grimequ01",2023,"Quentin Grimes",22,"NYK","SG",9,6,242,14,46,0.304,9,37,0.243,5,9,0.556,0.402,9,11,0.818,3,22,25,13,9,5,10,17,46,0,"",1
"647","lylestr01",2023,"Trey Lyles",27,"SAC","PF",7,0,118,17,40,0.425,9,27,0.333,8,13,0.615,0.538,3,5,0.6,9,31,40,5,2,0,3,12,46,0,"",1
"648","zelleco01",2023,"Cody Zeller",30,"MIA","C",21,0,174,20,35,0.571,0,0,NA,20,35,0.571,0.571,6,15,0.4,11,37,48,7,2,4,13,28,46,0,"",1
"649","zubaciv01",2023,"Ivica Zubac",25,"LAC","C",5,5,130,17,30,0.567,0,0,NA,17,30,0.567,0.567,12,16,0.75,16,32,48,3,3,1,11,8,46,0,"",1
"650","beysa01",2023,"Saddiq Bey",23,"ATL","SF",6,0,133,15,40,0.375,7,18,0.389,8,22,0.364,0.463,8,9,0.889,7,17,24,6,3,0,2,3,45,0,"",1
"651","hylanbo01",2023,"Bones Hyland",22,"LAC","PG",5,0,82,15,44,0.341,5,20,0.25,10,24,0.417,0.398,8,10,0.8,1,3,4,4,4,1,4,9,43,0,"",1
"652","landajo01",2023,"Jock Landale",27,"PHO","C",7,1,113,17,27,0.63,0,1,0,17,26,0.654,0.63,9,14,0.643,10,18,28,3,3,3,2,15,43,0,"",1
"653","alexani01",2023,"Nickeil Alexander-Walker",24,"MIN","SG",5,4,148,15,35,0.429,10,25,0.4,5,10,0.5,0.571,2,3,0.667,1,9,10,7,3,1,4,9,42,0,"",1
"654","claxtni01",2023,"Nic Claxton",23,"BRK","C",4,4,117,18,25,0.72,0,0,NA,18,25,0.72,0.72,6,10,0.6,5,27,32,6,1,7,3,8,42,0,"",1
"655","okogijo01",2023,"Josh Okogie",24,"PHO","SG",10,5,175,14,37,0.378,2,14,0.143,12,23,0.522,0.405,11,13,0.846,12,9,21,13,6,2,3,18,41,0,"",1
"656","plumlma01",2023,"Mason Plumlee",32,"LAC","C",5,0,91,14,16,0.875,0,0,NA,14,16,0.875,0.875,13,14,0.929,16,18,34,9,2,2,3,15,41,0,"",1
"657","aldamsa01",2023,"Santi Aldama",22,"MEM","PF",6,0,101,15,33,0.455,7,15,0.467,8,18,0.444,0.561,2,2,1,7,19,26,7,3,0,2,5,39,0,"",1
"658","princta02",2023,"Taurean Prince",28,"MIN","PF",5,1,100,12,33,0.364,8,21,0.381,4,12,0.333,0.485,7,9,0.778,3,4,7,4,3,1,5,9,39,0,"",1
"659","kennalu01",2023,"Luke Kennard",26,"MEM","SG",5,0,107,12,23,0.522,8,16,0.5,4,7,0.571,0.696,4,4,1,5,15,20,7,4,0,1,8,36,0,"",1
"660","okongon01",2023,"Onyeka Okongwu",22,"ATL","C",6,0,131,15,25,0.6,1,1,1,14,24,0.583,0.62,5,10,0.5,19,19,38,7,2,8,7,18,36,0,"",1
"661","anderky01",2023,"Kyle Anderson",29,"MIN","PF",4,0,104,15,30,0.5,2,6,0.333,13,24,0.542,0.533,2,2,1,3,13,16,18,7,2,6,13,34,0,"",1
"662","harteis01",2023,"Isaiah Hartenstein",24,"NYK","C",11,0,220,11,23,0.478,0,0,NA,11,23,0.478,0.478,12,16,0.75,23,28,51,14,9,15,5,29,34,0,"",1
"663","inglejo01",2023,"Joe Ingles",35,"MIL","SF",5,0,89,12,23,0.522,10,20,0.5,2,3,0.667,0.739,0,0,NA,1,5,6,10,3,1,6,7,34,0,"",1
"664","kuminjo01",2023,"Jonathan Kuminga",20,"GSW","PF",10,0,61,13,24,0.542,3,7,0.429,10,17,0.588,0.604,5,9,0.556,4,5,9,5,2,0,4,5,34,0,"",1
"665","beaslma01",2023,"Malik Beasley",26,"LAL","SG",11,0,91,10,34,0.294,7,26,0.269,3,8,0.375,0.397,6,6,1,3,5,8,2,1,0,2,6,33,0,"",1
"666","okorois01",2023,"Isaac Okoro",22,"CLE","SF",5,2,75,11,23,0.478,4,13,0.308,7,10,0.7,0.565,6,6,1,3,4,7,4,2,2,4,10,32,0,"",1
"667","pritcpa01",2023,"Payton Pritchard",25,"BOS","PG",10,0,57,12,22,0.545,4,10,0.4,8,12,0.667,0.636,4,5,0.8,0,6,6,11,1,0,5,3,32,0,"",1
"668","hausesa01",2023,"Sam Hauser",25,"BOS","SF",15,0,104,10,29,0.345,8,24,0.333,2,5,0.4,0.483,2,2,1,5,12,17,4,1,2,0,8,30,0,"",1
"669","osmande01",2023,"Cedi Osman",27,"CLE","SF",5,0,93,9,25,0.36,6,20,0.3,3,5,0.6,0.48,6,9,0.667,1,14,15,5,2,1,5,12,30,0,"",1
"670","biyombi01",2023,"Bismack Biyombo",30,"PHO","C",8,0,78,9,16,0.563,0,0,NA,9,16,0.563,0.563,9,18,0.5,10,17,27,6,0,10,6,18,27,0,"",1
"671","jonesty01",2023,"Tyus Jones",26,"MEM","PG",6,1,120,11,36,0.306,3,19,0.158,8,17,0.471,0.347,2,3,0.667,3,15,18,22,8,0,8,5,27,0,"",1
"672","johnsja05",2023,"Jalen Johnson",21,"ATL","SF",6,0,56,10,24,0.417,4,11,0.364,6,13,0.462,0.5,2,2,1,2,13,15,8,3,0,5,5,26,0,"",1
"673","morrima03",2023,"Marcus Morris",33,"LAC","PF",3,2,68,10,29,0.345,2,12,0.167,8,17,0.471,0.379,4,4,1,1,11,12,0,1,1,1,6,26,0,"",1
"674","curryse01",2023,"Seth Curry",32,"BRK","SG",3,0,58,10,19,0.526,3,9,0.333,7,10,0.7,0.605,2,3,0.667,0,3,3,6,0,0,1,2,25,0,"",1
"675","finnedo01",2023,"Dorian Finney-Smith",29,"BRK","PF",4,4,101,9,23,0.391,7,17,0.412,2,6,0.333,0.543,0,0,NA,6,12,18,3,3,2,5,7,25,0,"",1
"676","daviste02",2023,"Terence Davis",25,"SAC","SG",4,0,58,8,20,0.4,6,17,0.353,2,3,0.667,0.55,2,2,1,2,7,9,6,1,0,2,12,24,0,"",1
"677","greenja01",2023,"JaMychal Green",32,"GSW","PF",7,2,49,9,23,0.391,5,18,0.278,4,5,0.8,0.5,0,0,NA,0,5,5,3,0,1,2,10,23,0,"",1
"678","oladivi01",2023,"Victor Oladipo",30,"MIA","SG",2,0,45,10,19,0.526,2,5,0.4,8,14,0.571,0.579,1,3,0.333,1,6,7,2,2,1,2,5,23,0,"",1
"679","roddyda01",2023,"David Roddy",21,"MEM","PF",6,0,76,8,29,0.276,6,20,0.3,2,9,0.222,0.379,1,1,1,4,13,17,4,0,2,1,6,23,0,"",1
"680","batumni01",2023,"Nicolas Batum",34,"LAC","PF",5,3,92,8,19,0.421,6,17,0.353,2,2,1,0.579,0,0,NA,1,10,11,6,2,2,2,10,22,0,"",1
"681","browntr01",2023,"Troy Brown Jr.",23,"LAL","SF",12,0,124,10,28,0.357,2,15,0.133,8,13,0.615,0.393,0,0,NA,4,20,24,11,2,1,0,4,22,0,"",1
"682","rosste01",2023,"Terrence Ross",31,"PHO","SG",6,0,69,8,27,0.296,6,22,0.273,2,5,0.4,0.407,0,0,NA,0,8,8,1,1,2,1,6,22,0,"",1
"683","houseda01",2023,"Danuel House Jr.",29,"PHI","SF",7,0,42,9,21,0.429,1,10,0.1,8,11,0.727,0.452,1,1,1,0,12,12,1,0,0,1,4,20,0,"",1
"684","onealro01",2023,"Royce O'Neale",29,"BRK","SF",4,0,118,7,29,0.241,4,22,0.182,3,7,0.429,0.31,2,2,1,4,13,17,14,5,1,4,11,20,0,"",1
"685","lenal01",2023,"Alex Len",29,"SAC","C",7,0,54,7,9,0.778,0,0,NA,7,9,0.778,0.778,5,6,0.833,7,13,20,1,0,3,7,15,19,0,"",1
"686","mcdanja01",2023,"Jalen McDaniels",25,"PHI","SF",8,0,102,8,20,0.4,3,9,0.333,5,11,0.455,0.475,0,0,NA,3,13,16,5,1,0,3,8,19,0,"",1
"687","kornelu01",2023,"Luke Kornet",27,"BOS","C",8,0,32,7,8,0.875,1,1,1,6,7,0.857,0.938,2,2,1,5,5,10,0,0,1,0,2,17,0,"",1
"688","leeda03",2023,"Damion Lee",30,"PHO","SG",8,0,89,6,20,0.3,3,15,0.2,3,5,0.6,0.375,2,2,1,4,7,11,5,2,0,1,8,17,0,"",1
"689","nowelja01",2023,"Jaylen Nowell",23,"MIN","SG",5,0,62,6,26,0.231,3,9,0.333,3,17,0.176,0.288,1,2,0.5,4,1,5,3,0,0,2,4,16,0,"",1
"690","warretj01",2023,"T.J. Warren",29,"PHO","SF",6,0,81,6,19,0.316,1,7,0.143,5,12,0.417,0.342,3,4,0.75,2,5,7,3,1,3,1,5,16,0,"",1
"691","chrisma02",2023,"Max Christie",19,"LAL","SG",9,0,33,5,10,0.5,1,4,0.25,4,6,0.667,0.55,2,4,0.5,1,6,7,3,0,1,0,0,13,0,"",1
"692","herroty01",2023,"Tyler Herro",23,"MIA","SG",1,1,19,5,9,0.556,2,4,0.5,3,5,0.6,0.667,0,0,NA,0,2,2,2,0,1,1,1,12,0,"",1
"693","matthwe02",2023,"Wesley Matthews",36,"MIL","SF",2,0,41,4,9,0.444,4,7,0.571,0,2,0,0.667,0,0,NA,1,2,3,1,2,1,0,3,12,0,"",1
"694","thomptr01",2023,"Tristan Thompson",31,"LAL","C",6,0,32,5,11,0.455,0,0,NA,5,11,0.455,0.455,1,5,0.2,4,6,10,2,0,0,1,1,11,0,"",1
"695","gabriwe01",2023,"Wenyen Gabriel",25,"LAL","C",10,0,37,4,10,0.4,0,0,NA,4,10,0.4,0.4,2,3,0.667,8,1,9,0,2,3,2,8,10,0,"",1
"696","harrish01",2023,"Shaquille Harrison",29,"LAL","SG",8,0,28,4,7,0.571,1,1,1,3,6,0.5,0.643,1,2,0.5,0,3,3,9,2,0,0,3,10,0,"",1
"697","riverau01",2023,"Austin Rivers",30,"MIN","SG",4,0,46,4,8,0.5,2,6,0.333,2,2,1,0.625,0,0,NA,1,4,5,1,1,0,1,1,10,0,"",1
"698","muscami01",2023,"Mike Muscala",31,"BOS","C",6,0,21,2,4,0.5,2,4,0.5,0,0,NA,0.75,3,4,0.75,3,1,4,1,0,0,1,1,9,0,"",1
"699","sprinja01",2023,"Jaden Springer",20,"PHI","SG",4,0,17,4,4,1,0,0,NA,4,4,1,1,1,2,0.5,0,0,0,0,1,0,1,2,9,0,"",1
"700","doziepj01",2023,"PJ Dozier",26,"SAC","SF",3,0,6,3,6,0.5,2,4,0.5,1,2,0.5,0.667,0,0,NA,1,1,2,0,0,0,0,0,8,0,"",1
"701","lopezro01",2023,"Robin Lopez",34,"CLE","C",2,0,6,3,3,1,0,0,NA,3,3,1,1,2,2,1,1,0,1,0,0,0,1,2,8,0,"",1
"702","miltosh01",2023,"Shake Milton",26,"PHI","SG",6,0,21,3,5,0.6,0,1,0,3,4,0.75,0.6,2,2,1,0,3,3,2,2,0,1,3,8,0,"",1
"703","crowdja01",2023,"Jae Crowder",32,"MIL","PF",4,0,41,3,13,0.231,0,6,0,3,7,0.429,0.231,1,2,0.5,1,3,4,3,2,0,1,5,7,0,"",1
"704","harrijo01",2023,"Joe Harris",31,"BRK","SF",4,0,44,2,13,0.154,1,12,0.083,1,1,1,0.192,2,2,1,0,5,5,0,2,0,3,5,7,0,"",1
"705","loftoke01",2023,"Kenneth Lofton Jr.",20,"MEM","PF",4,0,12,3,8,0.375,0,2,0,3,6,0.5,0.375,1,2,0.5,1,2,3,1,0,0,0,0,7,0,"",1
"706","sharpda01",2023,"Day'Ron Sharpe",21,"BRK","C",2,0,20,2,3,0.667,0,0,NA,2,3,0.667,0.667,2,2,1,2,4,6,5,0,1,2,3,6,0,"",1
"707","thomaca02",2023,"Cam Thomas",21,"BRK","SG",2,0,16,3,7,0.429,0,2,0,3,5,0.6,0.429,0,0,NA,0,1,1,1,0,0,1,2,6,0,"",1
"708","beaucma01",2023,"MarJon Beauchamp",22,"MIL","SF",2,0,5,2,3,0.667,1,1,1,1,2,0.5,0.833,0,0,NA,0,1,1,0,0,0,0,0,5,0,"",1
"709","carteje01",2023,"Jevon Carter",27,"MIL","PG",4,0,49,2,9,0.222,1,7,0.143,1,2,0.5,0.278,0,0,NA,0,4,4,4,1,0,0,1,5,0,"",1
"710","jordade01",2023,"DeAndre Jordan",34,"DEN","C",4,0,14,2,3,0.667,0,0,NA,2,3,0.667,0.667,1,2,0.5,0,4,4,1,0,1,2,2,5,0,"",1
"711","lamban01",2023,"Anthony Lamb",25,"GSW","SF",6,0,31,2,5,0.4,1,4,0.25,1,1,1,0.5,0,0,NA,1,5,6,0,1,1,2,3,5,0,"",1
"712","nnajize01",2023,"Zeke Nnaji",22,"DEN","PF",5,0,12,2,4,0.5,1,3,0.333,1,1,1,0.625,0,0,NA,0,2,2,0,1,0,1,0,5,0,"",1
"713","stevela01",2023,"Lamar Stevens",25,"CLE","SF",2,0,9,1,2,0.5,1,1,1,0,1,0,0.75,2,2,1,0,3,3,0,0,0,0,0,5,0,"",1
"714","watsope01",2023,"Peyton Watson",20,"DEN","SG",5,0,14,2,5,0.4,1,2,0.5,1,3,0.333,0.5,0,0,NA,1,3,4,1,0,1,1,2,5,0,"",1
"715","willizi02",2023,"Ziaire Williams",21,"MEM","SF",4,0,12,2,7,0.286,1,3,0.333,1,4,0.25,0.357,0,0,NA,0,2,2,2,0,0,2,1,5,0,"",1
"716","dragigo01",2023,"Goran Dragić",36,"MIL","PG",2,0,7,0,2,0,0,1,0,0,1,0,0,4,4,1,0,0,0,1,0,0,0,0,4,0,"",1
"717","konchjo01",2023,"John Konchar",26,"MEM","SF",5,0,49,2,9,0.222,0,4,0,2,5,0.4,0.222,0,0,NA,4,6,10,4,2,2,1,6,4,0,"",1
"718","yurtsom01",2023,"Omer Yurtseven",24,"MIA","C",8,0,16,2,7,0.286,0,2,0,2,5,0.4,0.286,0,0,NA,3,2,5,1,0,1,1,2,4,0,"",1
"719","greenda02",2023,"Danny Green",35,"CLE","SG",4,0,40,1,5,0.2,1,4,0.25,0,1,0,0.3,0,0,NA,2,5,7,1,2,1,2,7,3,0,"",1
"720","jacksre01",2023,"Reggie Jackson",32,"DEN","PG",6,0,18,1,2,0.5,1,2,0.5,0,0,NA,0.75,0,0,NA,0,2,2,2,1,0,1,0,3,0,"",1
"721","mcbrimi01",2023,"Miles McBride",22,"NYK","PG",8,0,20,1,4,0.25,1,3,0.333,0,1,0,0.375,0,0,NA,0,2,2,1,0,1,0,1,3,0,"",1
"722","wainris01",2023,"Ish Wainright",28,"PHO","SF",6,0,21,1,4,0.25,1,4,0.25,0,0,NA,0.375,0,0,NA,0,1,1,0,0,1,0,2,3,0,"",1
"723","watanyu01",2023,"Yuta Watanabe",28,"BRK","SF",1,0,5,1,2,0.5,1,2,0.5,0,0,NA,0.75,0,2,0,0,1,1,0,0,0,1,0,3,0,"",1
"724","champju01",2023,"Justin Champagnie",21,"BOS","SF",4,0,10,1,4,0.25,0,3,0,1,1,1,0.25,0,0,NA,0,0,0,0,0,0,0,2,2,0,"",1
"725","dukeda01",2023,"David Duke Jr.",23,"BRK","SG",1,0,5,1,3,0.333,0,1,0,1,2,0.5,0.333,0,0,NA,0,0,0,0,0,0,1,1,2,0,"",1
"726","jovicni01",2023,"Nikola Jović",19,"MIA","PF",7,0,13,1,4,0.25,0,2,0,1,2,0.5,0.25,0,0,NA,1,4,5,0,0,0,0,0,2,0,"",1
"727","knighna01",2023,"Nathan Knight",25,"MIN","C",2,0,5,1,4,0.25,0,2,0,1,2,0.5,0.25,0,0,NA,1,0,1,0,0,0,1,0,2,0,"",1
"728","korkmfu01",2023,"Furkan Korkmaz",25,"PHI","SG",3,0,11,0,2,0,0,1,0,0,1,0,0,2,2,1,0,1,1,1,0,0,1,0,2,0,"",1
"729","metuch01",2023,"Chimezie Metu",25,"SAC","PF",3,0,6,0,1,0,0,0,NA,0,1,0,0,2,3,0.667,1,0,1,0,0,0,1,0,2,0,"",1
"730","smithis01",2023,"Ish Smith",34,"DEN","PG",4,0,12,1,2,0.5,0,0,NA,1,2,0.5,0.5,0,0,NA,0,1,1,1,0,0,0,2,2,0,"",1
"731","wadede01",2023,"Dean Wade",26,"CLE","PF",2,0,11,0,1,0,0,1,0,0,0,NA,0,2,2,1,0,3,3,0,0,0,0,0,2,0,"",1
"732","netora01",2023,"Raul Neto",30,"CLE","PG",2,0,7,0,1,0,0,1,0,0,0,NA,0,1,2,0.5,0,0,0,1,0,0,2,2,1,0,"",1
"733","antetth01",2023,"Thanasis Antetokounmpo",30,"MIL","PF",2,0,5,0,0,NA,0,0,NA,0,0,NA,NA,0,0,NA,0,0,0,0,0,0,0,0,0,0,"",1
"734","baldwpa01",2023,"Patrick Baldwin Jr.",20,"GSW","SF",3,0,11,0,3,0,0,3,0,0,0,NA,0,0,0,NA,0,3,3,1,0,0,0,0,0,0,"",1
"735","bambamo01",2023,"Mo Bamba",24,"LAL","C",3,0,10,0,2,0,0,1,0,0,1,0,0,0,0,NA,0,3,3,1,0,1,0,0,0,0,"",1
"736","bostobr01",2023,"Brandon Boston Jr.",21,"LAC","SF",1,0,1,0,0,NA,0,0,NA,0,0,NA,NA,0,0,NA,0,0,0,0,0,0,1,0,0,0,"",1
"737","bryanth01",2023,"Thomas Bryant",25,"DEN","C",1,0,0,0,0,NA,0,0,NA,0,0,NA,NA,0,0,NA,0,0,0,0,0,0,0,0,0,0,"",1
"738","cancavl01",2023,"Vlatko Čančar",25,"DEN","PF",5,0,10,0,5,0,0,4,0,0,1,0,0,0,0,NA,0,3,3,1,0,0,0,0,0,0,"",1
"739","coffeam01",2023,"Amir Coffey",25,"LAC","SF",1,0,1,0,0,NA,0,0,NA,0,0,NA,NA,0,0,NA,0,0,0,0,0,0,0,0,0,0,"",1
"740","covinro01",2023,"Robert Covington",32,"LAC","PF",2,0,12,0,3,0,0,2,0,0,1,0,0,0,0,NA,0,2,2,2,0,1,0,2,0,0,"",1
"741","dedmode01",2023,"Dewayne Dedmon",33,"PHI","C",1,0,5,0,1,0,0,1,0,0,0,NA,0,0,0,NA,0,1,1,0,0,0,1,1,0,0,"",1
"742","edwarke02",2023,"Kessler Edwards",22,"SAC","SF",6,0,7,0,0,NA,0,0,NA,0,0,NA,NA,0,0,NA,0,1,1,0,0,0,0,0,0,0,"",1
"743","griffbl01",2023,"Blake Griffin",33,"BOS","C",1,0,6,0,1,0,0,0,NA,0,1,0,0,0,0,NA,1,1,2,0,0,0,0,2,0,0,"",1
"744","harremo01",2023,"Montrezl Harrell",29,"PHI","C",2,0,7,0,3,0,0,0,NA,0,3,0,0,0,0,NA,0,1,1,0,0,0,0,0,0,0,"",1
"745","hasleud01",2023,"Udonis Haslem",42,"MIA","C",2,0,3,0,3,0,0,1,0,0,2,0,0,0,0,NA,0,1,1,0,0,0,0,0,0,0,"",1
"746","holidaa01",2023,"Aaron Holiday",26,"ATL","PG",1,0,4,0,0,NA,0,0,NA,0,0,NA,NA,0,0,NA,0,0,0,1,0,0,1,0,0,0,"",1
"747","jeffrda01",2023,"DaQuan Jeffries",25,"NYK","SG",2,0,5,0,0,NA,0,0,NA,0,0,NA,NA,0,0,NA,0,0,0,0,0,0,0,2,0,0,"",1
"748","leoname01",2023,"Meyers Leonard",30,"MIL","C",2,0,5,0,1,0,0,0,NA,0,1,0,0,0,0,NA,0,1,1,0,0,0,0,0,0,0,"",1
"749","mclaujo01",2023,"Jordan McLaughlin",26,"MIN","PG",2,0,14,0,4,0,0,2,0,0,2,0,0,0,0,NA,0,2,2,2,0,0,0,2,0,0,"",1
"750","millspa02",2023,"Patty Mills",34,"BRK","PG",1,0,5,0,2,0,0,2,0,0,0,NA,0,0,0,NA,0,0,0,0,0,0,0,1,0,0,"",1
"751","minotjo01",2023,"Josh Minott",20,"MIN","SF",1,0,6,0,1,0,0,1,0,0,0,NA,0,0,0,NA,0,0,0,0,2,1,1,1,0,0,"",1
"752","moorewe01",2023,"Wendell Moore Jr.",21,"MIN","SG",1,0,2,0,0,NA,0,0,NA,0,0,NA,NA,0,0,NA,0,0,0,0,0,0,1,0,0,0,"",1
"753","prestja01",2023,"Jason Preston",23,"LAC","PG",1,0,1,0,0,NA,0,0,NA,0,0,NA,NA,0,0,NA,0,0,0,0,0,0,0,0,0,0,"",1
"754","rosede01",2023,"Derrick Rose",34,"NYK","PG",1,0,3,0,4,0,0,1,0,0,3,0,0,0,0,NA,0,0,0,1,0,0,0,0,0,0,"",1
"755","rubiori01",2023,"Ricky Rubio",32,"CLE","PG",3,0,17,0,1,0,0,0,NA,0,1,0,0,0,0,NA,2,4,6,3,1,0,5,5,0,0,"",1
"756","sumneed01",2023,"Edmond Sumner",27,"BRK","SG",1,0,4,0,0,NA,0,0,NA,0,0,NA,NA,0,0,NA,0,0,0,1,0,0,0,0,0,0,"",1
